2026-09-15T19:09:03Z [exhaustive_clock_sweep_v1] preflight: checking repository, runner/parser, and config
2026-09-15T19:09:03Z [exhaustive_clock_sweep_v1] warning: 648 trials x 30 minutes is a theoretical maximum of 324 hours; this exceeds five hours
2026-09-15T19:09:03Z [exhaustive_clock_sweep_v1] resume: skipping completed clock17-u30-d38-p0-g0p05-sAREA_0
2026-09-15T19:09:03Z [exhaustive_clock_sweep_v1] resume: skipping completed clock17-u30-d38-p0-g0p05-sAREA_1
2026-09-15T19:09:03Z [exhaustive_clock_sweep_v1] resume: skipping completed clock17-u30-d38-p0-g0p05-sAREA_2
2026-09-15T19:09:03Z [exhaustive_clock_sweep_v1] resume: skipping completed clock17-u30-d38-p0-g0p10-sAREA_0
2026-09-15T19:09:03Z [exhaustive_clock_sweep_v1] resume: skipping completed clock17-u30-d38-p0-g0p10-sAREA_1
2026-09-15T19:09:03Z [exhaustive_clock_sweep_v1] resume: skipping completed clock17-u30-d38-p0-g0p10-sAREA_2
2026-09-15T19:09:03Z [exhaustive_clock_sweep_v1] resume: skipping completed clock17-u30-d38-p0-g0p15-sAREA_0
2026-09-15T19:09:03Z [exhaustive_clock_sweep_v1] resume: skipping completed clock17-u30-d38-p0-g0p15-sAREA_1
2026-09-15T19:09:03Z [exhaustive_clock_sweep_v1] resume: skipping completed clock17-u30-d38-p0-g0p15-sAREA_2
2026-09-15T19:09:03Z [exhaustive_clock_sweep_v1] resume: skipping completed clock17-u30-d38-p0-g0p20-sAREA_0
2026-09-15T19:09:03Z [exhaustive_clock_sweep_v1] resume: skipping completed clock17-u30-d38-p0-g0p20-sAREA_1
2026-09-15T19:09:03Z [exhaustive_clock_sweep_v1] resume: skipping completed clock17-u30-d38-p0-g0p20-sAREA_2
2026-09-15T19:09:04Z [exhaustive_clock_sweep_v1] resume: skipping completed clock17-u30-d38-p1-g0p05-sAREA_0
2026-09-15T19:09:04Z [exhaustive_clock_sweep_v1] resume: skipping completed clock17-u30-d38-p1-g0p05-sAREA_1
2026-09-15T19:09:04Z [exhaustive_clock_sweep_v1] resume: skipping completed clock17-u30-d38-p1-g0p05-sAREA_2
2026-09-15T19:09:04Z [exhaustive_clock_sweep_v1] resume: skipping completed clock17-u30-d38-p1-g0p10-sAREA_0
2026-09-15T19:09:04Z [exhaustive_clock_sweep_v1] resume: skipping completed clock17-u30-d38-p1-g0p10-sAREA_1
2026-09-15T19:09:04Z [exhaustive_clock_sweep_v1] resume: skipping completed clock17-u30-d38-p1-g0p10-sAREA_2
2026-09-15T19:09:04Z [exhaustive_clock_sweep_v1] resume: skipping completed clock17-u30-d38-p1-g0p15-sAREA_0
2026-09-15T19:09:04Z [exhaustive_clock_sweep_v1] resume: skipping completed clock17-u30-d38-p1-g0p15-sAREA_1
2026-09-15T19:09:04Z [exhaustive_clock_sweep_v1] resume: skipping completed clock17-u30-d38-p1-g0p15-sAREA_2
2026-09-15T19:09:04Z [exhaustive_clock_sweep_v1] resume: skipping completed clock17-u30-d38-p1-g0p20-sAREA_0
2026-09-15T19:09:04Z [exhaustive_clock_sweep_v1] resume: skipping completed clock17-u30-d38-p1-g0p20-sAREA_1
2026-09-15T19:09:04Z [exhaustive_clock_sweep_v1] resume: skipping completed clock17-u30-d38-p1-g0p20-sAREA_2
2026-09-15T19:09:04Z [exhaustive_clock_sweep_v1] resume: skipping completed clock17-u30-d38-p2-g0p05-sAREA_0
2026-09-15T19:09:04Z [exhaustive_clock_sweep_v1] resume: skipping completed clock17-u30-d38-p2-g0p05-sAREA_1
2026-09-15T19:09:04Z [exhaustive_clock_sweep_v1] resume: skipping completed clock17-u30-d38-p2-g0p05-sAREA_2
2026-09-15T19:09:04Z [exhaustive_clock_sweep_v1] resume: skipping completed clock17-u30-d38-p2-g0p10-sAREA_0
2026-09-15T19:09:04Z [exhaustive_clock_sweep_v1] resume: skipping completed clock17-u30-d38-p2-g0p10-sAREA_1
2026-09-15T19:09:04Z [exhaustive_clock_sweep_v1] resume: skipping completed clock17-u30-d38-p2-g0p10-sAREA_2
2026-09-15T19:09:04Z [exhaustive_clock_sweep_v1] resume: skipping completed clock17-u30-d38-p2-g0p15-sAREA_0
2026-09-15T19:09:04Z [exhaustive_clock_sweep_v1] resume: skipping completed clock17-u30-d38-p2-g0p15-sAREA_1
2026-09-15T19:09:04Z [exhaustive_clock_sweep_v1] resume: skipping completed clock17-u30-d38-p2-g0p15-sAREA_2
2026-09-15T19:09:04Z [exhaustive_clock_sweep_v1] resume: skipping completed clock17-u30-d38-p2-g0p20-sAREA_0
2026-09-15T19:09:04Z [exhaustive_clock_sweep_v1] resume: skipping completed clock17-u30-d38-p2-g0p20-sAREA_1
2026-09-15T19:09:04Z [exhaustive_clock_sweep_v1] resume: skipping completed clock17-u30-d38-p2-g0p20-sAREA_2
2026-09-15T19:09:04Z [exhaustive_clock_sweep_v1] resume: skipping completed clock17-u30-d45-p0-g0p05-sAREA_0
2026-09-15T19:09:04Z [exhaustive_clock_sweep_v1] resume: skipping completed clock17-u30-d45-p0-g0p05-sAREA_1
2026-09-15T19:09:04Z [exhaustive_clock_sweep_v1] resume: skipping completed clock17-u30-d45-p0-g0p05-sAREA_2
2026-09-15T19:09:04Z [exhaustive_clock_sweep_v1] resume: skipping completed clock17-u30-d45-p0-g0p10-sAREA_0
2026-09-15T19:09:05Z [exhaustive_clock_sweep_v1] resume: skipping completed clock17-u30-d45-p0-g0p10-sAREA_1
2026-09-15T19:09:05Z [exhaustive_clock_sweep_v1] resume: skipping completed clock17-u30-d45-p0-g0p10-sAREA_2
2026-09-15T19:09:05Z [exhaustive_clock_sweep_v1] resume: skipping completed clock17-u30-d45-p0-g0p15-sAREA_0
2026-09-15T19:09:05Z [exhaustive_clock_sweep_v1] resume: skipping completed clock17-u30-d45-p0-g0p15-sAREA_1
2026-09-15T19:09:05Z [exhaustive_clock_sweep_v1] resume: skipping completed clock17-u30-d45-p0-g0p15-sAREA_2
2026-09-15T19:09:05Z [exhaustive_clock_sweep_v1] resume: skipping completed clock17-u30-d45-p0-g0p20-sAREA_0
2026-09-15T19:09:05Z [exhaustive_clock_sweep_v1] resume: skipping completed clock17-u30-d45-p0-g0p20-sAREA_1
2026-09-15T19:09:05Z [exhaustive_clock_sweep_v1] resume: skipping completed clock17-u30-d45-p0-g0p20-sAREA_2
2026-09-15T19:09:05Z [exhaustive_clock_sweep_v1] resume: skipping completed clock17-u30-d45-p1-g0p05-sAREA_0
2026-09-15T19:09:05Z [exhaustive_clock_sweep_v1] resume: skipping completed clock17-u30-d45-p1-g0p05-sAREA_1
2026-09-15T19:09:05Z [exhaustive_clock_sweep_v1] resume: skipping completed clock17-u30-d45-p1-g0p05-sAREA_2
2026-09-15T19:09:05Z [exhaustive_clock_sweep_v1] resume: skipping completed clock17-u30-d45-p1-g0p10-sAREA_0
2026-09-15T19:09:05Z [exhaustive_clock_sweep_v1] resume: skipping completed clock17-u30-d45-p1-g0p10-sAREA_1
2026-09-15T19:09:05Z [exhaustive_clock_sweep_v1] resume: skipping completed clock17-u30-d45-p1-g0p10-sAREA_2
2026-09-15T19:09:05Z [exhaustive_clock_sweep_v1] resume: skipping completed clock17-u30-d45-p1-g0p15-sAREA_0
2026-09-15T19:09:05Z [exhaustive_clock_sweep_v1] resume: skipping completed clock17-u30-d45-p1-g0p15-sAREA_1
2026-09-15T19:09:05Z [exhaustive_clock_sweep_v1] resume: skipping completed clock17-u30-d45-p1-g0p15-sAREA_2
2026-09-15T19:09:05Z [exhaustive_clock_sweep_v1] resume: skipping completed clock17-u30-d45-p1-g0p20-sAREA_0
2026-09-15T19:09:05Z [exhaustive_clock_sweep_v1] resume: skipping completed clock17-u30-d45-p1-g0p20-sAREA_1
2026-09-15T19:09:05Z [exhaustive_clock_sweep_v1] resume: skipping completed clock17-u30-d45-p1-g0p20-sAREA_2
2026-09-15T19:09:05Z [exhaustive_clock_sweep_v1] resume: skipping completed clock17-u30-d45-p2-g0p05-sAREA_0
2026-09-15T19:09:05Z [exhaustive_clock_sweep_v1] resume: skipping completed clock17-u30-d45-p2-g0p05-sAREA_1
2026-09-15T19:09:05Z [exhaustive_clock_sweep_v1] resume: skipping completed clock17-u30-d45-p2-g0p05-sAREA_2
2026-09-15T19:09:05Z [exhaustive_clock_sweep_v1] resume: skipping completed clock17-u30-d45-p2-g0p10-sAREA_0
2026-09-15T19:09:05Z [exhaustive_clock_sweep_v1] resume: skipping completed clock17-u30-d45-p2-g0p10-sAREA_1
2026-09-15T19:09:05Z [exhaustive_clock_sweep_v1] resume: skipping completed clock17-u30-d45-p2-g0p10-sAREA_2
2026-09-15T19:09:05Z [exhaustive_clock_sweep_v1] resume: skipping completed clock17-u30-d45-p2-g0p15-sAREA_0
2026-09-15T19:09:06Z [exhaustive_clock_sweep_v1] resume: skipping completed clock17-u30-d45-p2-g0p15-sAREA_1
2026-09-15T19:09:06Z [exhaustive_clock_sweep_v1] resume: skipping completed clock17-u30-d45-p2-g0p15-sAREA_2
2026-09-15T19:09:06Z [exhaustive_clock_sweep_v1] resume: skipping completed clock17-u30-d45-p2-g0p20-sAREA_0
2026-09-15T19:09:06Z [exhaustive_clock_sweep_v1] resume: skipping completed clock17-u30-d45-p2-g0p20-sAREA_1
2026-09-15T19:09:06Z [exhaustive_clock_sweep_v1] resume: skipping completed clock17-u30-d45-p2-g0p20-sAREA_2
2026-09-15T19:09:06Z [exhaustive_clock_sweep_v1] resume: skipping completed clock17-u30-d52-p0-g0p05-sAREA_0
2026-09-15T19:09:06Z [exhaustive_clock_sweep_v1] resume: skipping completed clock17-u30-d52-p0-g0p05-sAREA_1
2026-09-15T19:09:06Z [exhaustive_clock_sweep_v1] resume: skipping completed clock17-u30-d52-p0-g0p05-sAREA_2
2026-09-15T19:09:06Z [exhaustive_clock_sweep_v1] resume: skipping completed clock17-u30-d52-p0-g0p10-sAREA_0
2026-09-15T19:09:06Z [exhaustive_clock_sweep_v1] resume: skipping completed clock17-u30-d52-p0-g0p10-sAREA_1
2026-09-15T19:09:06Z [exhaustive_clock_sweep_v1] resume: skipping completed clock17-u30-d52-p0-g0p10-sAREA_2
2026-09-15T19:09:06Z [exhaustive_clock_sweep_v1] resume: skipping completed clock17-u30-d52-p0-g0p15-sAREA_0
2026-09-15T19:09:06Z [exhaustive_clock_sweep_v1] resume: skipping completed clock17-u30-d52-p0-g0p15-sAREA_1
2026-09-15T19:09:06Z [exhaustive_clock_sweep_v1] resume: skipping completed clock17-u30-d52-p0-g0p15-sAREA_2
2026-09-15T19:09:06Z [exhaustive_clock_sweep_v1] resume: skipping completed clock17-u30-d52-p0-g0p20-sAREA_0
2026-09-15T19:09:06Z [exhaustive_clock_sweep_v1] resume: skipping completed clock17-u30-d52-p0-g0p20-sAREA_1
2026-09-15T19:09:06Z [exhaustive_clock_sweep_v1] resume: skipping completed clock17-u30-d52-p0-g0p20-sAREA_2
2026-09-15T19:09:06Z [exhaustive_clock_sweep_v1] resume: skipping completed clock17-u30-d52-p1-g0p05-sAREA_0
2026-09-15T19:09:06Z [exhaustive_clock_sweep_v1] resume: skipping completed clock17-u30-d52-p1-g0p05-sAREA_1
2026-09-15T19:09:06Z [exhaustive_clock_sweep_v1] resume: skipping completed clock17-u30-d52-p1-g0p05-sAREA_2
2026-09-15T19:09:06Z [exhaustive_clock_sweep_v1] resume: skipping completed clock17-u30-d52-p1-g0p10-sAREA_0
2026-09-15T19:09:06Z [exhaustive_clock_sweep_v1] resume: skipping completed clock17-u30-d52-p1-g0p10-sAREA_1
2026-09-15T19:09:06Z [exhaustive_clock_sweep_v1] resume: skipping completed clock17-u30-d52-p1-g0p10-sAREA_2
2026-09-15T19:09:06Z [exhaustive_clock_sweep_v1] resume: skipping completed clock17-u30-d52-p1-g0p15-sAREA_0
2026-09-15T19:09:06Z [exhaustive_clock_sweep_v1] resume: skipping completed clock17-u30-d52-p1-g0p15-sAREA_1
2026-09-15T19:09:06Z [exhaustive_clock_sweep_v1] resume: skipping completed clock17-u30-d52-p1-g0p15-sAREA_2
2026-09-15T19:09:06Z [exhaustive_clock_sweep_v1] resume: skipping completed clock17-u30-d52-p1-g0p20-sAREA_0
2026-09-15T19:09:07Z [exhaustive_clock_sweep_v1] resume: skipping completed clock17-u30-d52-p1-g0p20-sAREA_1
2026-09-15T19:09:07Z [exhaustive_clock_sweep_v1] resume: skipping completed clock17-u30-d52-p1-g0p20-sAREA_2
2026-09-15T19:09:07Z [exhaustive_clock_sweep_v1] resume: skipping completed clock17-u30-d52-p2-g0p05-sAREA_0
2026-09-15T19:09:07Z [exhaustive_clock_sweep_v1] resume: skipping completed clock17-u30-d52-p2-g0p05-sAREA_1
2026-09-15T19:09:07Z [exhaustive_clock_sweep_v1] resume: skipping completed clock17-u30-d52-p2-g0p05-sAREA_2
2026-09-15T19:09:07Z [exhaustive_clock_sweep_v1] resume: skipping completed clock17-u30-d52-p2-g0p10-sAREA_0
2026-09-15T19:09:07Z [exhaustive_clock_sweep_v1] resume: skipping completed clock17-u30-d52-p2-g0p10-sAREA_1
2026-09-15T19:09:07Z [exhaustive_clock_sweep_v1] resume: skipping completed clock17-u30-d52-p2-g0p10-sAREA_2
2026-09-15T19:09:07Z [exhaustive_clock_sweep_v1] resume: skipping completed clock17-u30-d52-p2-g0p15-sAREA_0
2026-09-15T19:09:07Z [exhaustive_clock_sweep_v1] resume: skipping completed clock17-u30-d52-p2-g0p15-sAREA_1
2026-09-15T19:09:07Z [exhaustive_clock_sweep_v1] resume: skipping completed clock17-u30-d52-p2-g0p15-sAREA_2
2026-09-15T19:09:07Z [exhaustive_clock_sweep_v1] resume: skipping completed clock17-u30-d52-p2-g0p20-sAREA_0
2026-09-15T19:09:07Z [exhaustive_clock_sweep_v1] resume: skipping completed clock17-u30-d52-p2-g0p20-sAREA_1
2026-09-15T19:09:07Z [exhaustive_clock_sweep_v1] resume: skipping completed clock17-u30-d52-p2-g0p20-sAREA_2
2026-09-15T19:09:07Z [exhaustive_clock_sweep_v1] resume: skipping completed clock17-u35-d38-p0-g0p05-sAREA_0
2026-09-15T19:09:07Z [exhaustive_clock_sweep_v1] resume: skipping completed clock17-u35-d38-p0-g0p05-sAREA_1
2026-09-15T19:09:07Z [exhaustive_clock_sweep_v1] resume: skipping completed clock17-u35-d38-p0-g0p05-sAREA_2
2026-09-15T19:09:07Z [exhaustive_clock_sweep_v1] resume: skipping completed clock17-u35-d38-p0-g0p10-sAREA_0
2026-09-15T19:09:07Z [exhaustive_clock_sweep_v1] resume: skipping completed clock17-u35-d38-p0-g0p10-sAREA_1
2026-09-15T19:09:07Z [exhaustive_clock_sweep_v1] resume: skipping completed clock17-u35-d38-p0-g0p10-sAREA_2
2026-09-15T19:09:07Z [exhaustive_clock_sweep_v1] resume: skipping completed clock17-u35-d38-p0-g0p15-sAREA_0
2026-09-15T19:09:07Z [exhaustive_clock_sweep_v1] resume: skipping completed clock17-u35-d38-p0-g0p15-sAREA_1
2026-09-15T19:09:07Z [exhaustive_clock_sweep_v1] resume: skipping completed clock17-u35-d38-p0-g0p15-sAREA_2
2026-09-15T19:09:07Z [exhaustive_clock_sweep_v1] resume: skipping completed clock17-u35-d38-p0-g0p20-sAREA_0
2026-09-15T19:09:07Z [exhaustive_clock_sweep_v1] resume: skipping completed clock17-u35-d38-p0-g0p20-sAREA_1
2026-09-15T19:09:07Z [exhaustive_clock_sweep_v1] resume: skipping completed clock17-u35-d38-p0-g0p20-sAREA_2
2026-09-15T19:09:08Z [exhaustive_clock_sweep_v1] resume: skipping completed clock17-u35-d38-p1-g0p05-sAREA_0
2026-09-15T19:09:08Z [exhaustive_clock_sweep_v1] resume: skipping completed clock17-u35-d38-p1-g0p05-sAREA_1
2026-09-15T19:09:08Z [exhaustive_clock_sweep_v1] resume: skipping completed clock17-u35-d38-p1-g0p05-sAREA_2
2026-09-15T19:09:08Z [exhaustive_clock_sweep_v1] resume: skipping completed clock17-u35-d38-p1-g0p10-sAREA_0
2026-09-15T19:09:08Z [exhaustive_clock_sweep_v1] resume: skipping completed clock17-u35-d38-p1-g0p10-sAREA_1
2026-09-15T19:09:08Z [exhaustive_clock_sweep_v1] resume: skipping completed clock17-u35-d38-p1-g0p10-sAREA_2
2026-09-15T19:09:08Z [exhaustive_clock_sweep_v1] resume: skipping completed clock17-u35-d38-p1-g0p15-sAREA_0
2026-09-15T19:09:08Z [exhaustive_clock_sweep_v1] resume: skipping completed clock17-u35-d38-p1-g0p15-sAREA_1
2026-09-15T19:09:08Z [exhaustive_clock_sweep_v1] resume: skipping completed clock17-u35-d38-p1-g0p15-sAREA_2
2026-09-15T19:09:08Z [exhaustive_clock_sweep_v1] resume: skipping completed clock17-u35-d38-p1-g0p20-sAREA_0
2026-09-15T19:09:08Z [exhaustive_clock_sweep_v1] resume: skipping completed clock17-u35-d38-p1-g0p20-sAREA_1
2026-09-15T19:09:08Z [exhaustive_clock_sweep_v1] resume: skipping completed clock17-u35-d38-p1-g0p20-sAREA_2
2026-09-15T19:09:08Z [exhaustive_clock_sweep_v1] resume: skipping completed clock17-u35-d38-p2-g0p05-sAREA_0
2026-09-15T19:09:08Z [exhaustive_clock_sweep_v1] resume: skipping completed clock17-u35-d38-p2-g0p05-sAREA_1
2026-09-15T19:09:08Z [exhaustive_clock_sweep_v1] resume: skipping completed clock17-u35-d38-p2-g0p05-sAREA_2
2026-09-15T19:09:08Z [exhaustive_clock_sweep_v1] resume: skipping completed clock17-u35-d38-p2-g0p10-sAREA_0
2026-09-15T19:09:08Z [exhaustive_clock_sweep_v1] resume: skipping completed clock17-u35-d38-p2-g0p10-sAREA_1
2026-09-15T19:09:08Z [exhaustive_clock_sweep_v1] resume: skipping completed clock17-u35-d38-p2-g0p10-sAREA_2
2026-09-15T19:09:08Z [exhaustive_clock_sweep_v1] resume: skipping completed clock17-u35-d38-p2-g0p15-sAREA_0
2026-09-15T19:09:08Z [exhaustive_clock_sweep_v1] resume: skipping completed clock17-u35-d38-p2-g0p15-sAREA_1
2026-09-15T19:09:08Z [exhaustive_clock_sweep_v1] resume: skipping completed clock17-u35-d38-p2-g0p15-sAREA_2
2026-09-15T19:09:08Z [exhaustive_clock_sweep_v1] resume: skipping completed clock17-u35-d38-p2-g0p20-sAREA_0
2026-09-15T19:09:08Z [exhaustive_clock_sweep_v1] resume: skipping completed clock17-u35-d38-p2-g0p20-sAREA_1
2026-09-15T19:09:08Z [exhaustive_clock_sweep_v1] resume: skipping completed clock17-u35-d38-p2-g0p20-sAREA_2
2026-09-15T19:09:08Z [exhaustive_clock_sweep_v1] resume: skipping completed clock17-u35-d45-p0-g0p05-sAREA_0
2026-09-15T19:09:09Z [exhaustive_clock_sweep_v1] resume: skipping completed clock17-u35-d45-p0-g0p05-sAREA_1
2026-09-15T19:09:09Z [exhaustive_clock_sweep_v1] resume: skipping completed clock17-u35-d45-p0-g0p05-sAREA_2
2026-09-15T19:09:09Z [exhaustive_clock_sweep_v1] resume: skipping completed clock17-u35-d45-p0-g0p10-sAREA_0
2026-09-15T19:09:09Z [exhaustive_clock_sweep_v1] resume: skipping completed clock17-u35-d45-p0-g0p10-sAREA_1
2026-09-15T19:09:09Z [exhaustive_clock_sweep_v1] resume: skipping completed clock17-u35-d45-p0-g0p10-sAREA_2
2026-09-15T19:09:09Z [exhaustive_clock_sweep_v1] resume: skipping completed clock17-u35-d45-p0-g0p15-sAREA_0
2026-09-15T19:09:09Z [exhaustive_clock_sweep_v1] resume: skipping completed clock17-u35-d45-p0-g0p15-sAREA_1
2026-09-15T19:09:09Z [exhaustive_clock_sweep_v1] resume: skipping completed clock17-u35-d45-p0-g0p15-sAREA_2
2026-09-15T19:09:09Z [exhaustive_clock_sweep_v1] resume: skipping completed clock17-u35-d45-p0-g0p20-sAREA_0
2026-09-15T19:09:09Z [exhaustive_clock_sweep_v1] resume: skipping completed clock17-u35-d45-p0-g0p20-sAREA_1
2026-09-15T19:09:09Z [exhaustive_clock_sweep_v1] resume: skipping completed clock17-u35-d45-p0-g0p20-sAREA_2
2026-09-15T19:09:09Z [exhaustive_clock_sweep_v1] resume: skipping completed clock17-u35-d45-p1-g0p05-sAREA_0
2026-09-15T19:09:09Z [exhaustive_clock_sweep_v1] resume: skipping completed clock17-u35-d45-p1-g0p05-sAREA_1
2026-09-15T19:09:09Z [exhaustive_clock_sweep_v1] resume: skipping completed clock17-u35-d45-p1-g0p05-sAREA_2
2026-09-15T19:09:09Z [exhaustive_clock_sweep_v1] resume: skipping completed clock17-u35-d45-p1-g0p10-sAREA_0
2026-09-15T19:09:09Z [exhaustive_clock_sweep_v1] resume: skipping completed clock17-u35-d45-p1-g0p10-sAREA_1
2026-09-15T19:09:09Z [exhaustive_clock_sweep_v1] resume: skipping completed clock17-u35-d45-p1-g0p10-sAREA_2
2026-09-15T19:09:09Z [exhaustive_clock_sweep_v1] resume: skipping completed clock17-u35-d45-p1-g0p15-sAREA_0
2026-09-15T19:09:09Z [exhaustive_clock_sweep_v1] resume: skipping completed clock17-u35-d45-p1-g0p15-sAREA_1
2026-09-15T19:09:09Z [exhaustive_clock_sweep_v1] resume: skipping completed clock17-u35-d45-p1-g0p15-sAREA_2
2026-09-15T19:09:09Z [exhaustive_clock_sweep_v1] resume: skipping completed clock17-u35-d45-p1-g0p20-sAREA_0
2026-09-15T19:09:09Z [exhaustive_clock_sweep_v1] resume: skipping completed clock17-u35-d45-p1-g0p20-sAREA_1
2026-09-15T19:09:09Z [exhaustive_clock_sweep_v1] resume: skipping completed clock17-u35-d45-p1-g0p20-sAREA_2
2026-09-15T19:09:09Z [exhaustive_clock_sweep_v1] resume: skipping completed clock17-u35-d45-p2-g0p05-sAREA_0
2026-09-15T19:09:09Z [exhaustive_clock_sweep_v1] resume: skipping completed clock17-u35-d45-p2-g0p05-sAREA_1
2026-09-15T19:09:09Z [exhaustive_clock_sweep_v1] resume: skipping completed clock17-u35-d45-p2-g0p05-sAREA_2
2026-09-15T19:09:10Z [exhaustive_clock_sweep_v1] resume: skipping completed clock17-u35-d45-p2-g0p10-sAREA_0
2026-09-15T19:09:10Z [exhaustive_clock_sweep_v1] resume: skipping completed clock17-u35-d45-p2-g0p10-sAREA_1
2026-09-15T19:09:10Z [exhaustive_clock_sweep_v1] resume: skipping completed clock17-u35-d45-p2-g0p10-sAREA_2
2026-09-15T19:09:10Z [exhaustive_clock_sweep_v1] resume: skipping completed clock17-u35-d45-p2-g0p15-sAREA_0
2026-09-15T19:09:10Z [exhaustive_clock_sweep_v1] resume: skipping completed clock17-u35-d45-p2-g0p15-sAREA_1
2026-09-15T19:09:10Z [exhaustive_clock_sweep_v1] resume: skipping completed clock17-u35-d45-p2-g0p15-sAREA_2
2026-09-15T19:09:10Z [exhaustive_clock_sweep_v1] resume: skipping completed clock17-u35-d45-p2-g0p20-sAREA_0
2026-09-15T19:09:10Z [exhaustive_clock_sweep_v1] resume: skipping completed clock17-u35-d45-p2-g0p20-sAREA_1
2026-09-15T19:09:10Z [exhaustive_clock_sweep_v1] resume: skipping completed clock17-u35-d45-p2-g0p20-sAREA_2
2026-09-15T19:09:10Z [exhaustive_clock_sweep_v1] resume: skipping completed clock17-u35-d52-p0-g0p05-sAREA_0
2026-09-15T19:09:10Z [exhaustive_clock_sweep_v1] resume: skipping completed clock17-u35-d52-p0-g0p05-sAREA_1
2026-09-15T19:09:10Z [exhaustive_clock_sweep_v1] resume: skipping completed clock17-u35-d52-p0-g0p05-sAREA_2
2026-09-15T19:09:10Z [exhaustive_clock_sweep_v1] resume: skipping completed clock17-u35-d52-p0-g0p10-sAREA_0
2026-09-15T19:09:10Z [exhaustive_clock_sweep_v1] resume: skipping completed clock17-u35-d52-p0-g0p10-sAREA_1
2026-09-15T19:09:10Z [exhaustive_clock_sweep_v1] resume: skipping completed clock17-u35-d52-p0-g0p10-sAREA_2
2026-09-15T19:09:10Z [exhaustive_clock_sweep_v1] resume: skipping completed clock17-u35-d52-p0-g0p15-sAREA_0
2026-09-15T19:09:10Z [exhaustive_clock_sweep_v1] resume: skipping completed clock17-u35-d52-p0-g0p15-sAREA_1
2026-09-15T19:09:10Z [exhaustive_clock_sweep_v1] resume: skipping completed clock17-u35-d52-p0-g0p15-sAREA_2
2026-09-15T19:09:10Z [exhaustive_clock_sweep_v1] resume: skipping completed clock17-u35-d52-p0-g0p20-sAREA_0
2026-09-15T19:09:10Z [exhaustive_clock_sweep_v1] resume: skipping completed clock17-u35-d52-p0-g0p20-sAREA_1
2026-09-15T19:09:10Z [exhaustive_clock_sweep_v1] resume: skipping completed clock17-u35-d52-p0-g0p20-sAREA_2
2026-09-15T19:09:10Z [exhaustive_clock_sweep_v1] resume: skipping completed clock17-u35-d52-p1-g0p05-sAREA_0
2026-09-15T19:09:10Z [exhaustive_clock_sweep_v1] resume: skipping completed clock17-u35-d52-p1-g0p05-sAREA_1
2026-09-15T19:09:10Z [exhaustive_clock_sweep_v1] resume: skipping completed clock17-u35-d52-p1-g0p05-sAREA_2
2026-09-15T19:09:10Z [exhaustive_clock_sweep_v1] resume: skipping completed clock17-u35-d52-p1-g0p10-sAREA_0
2026-09-15T19:09:11Z [exhaustive_clock_sweep_v1] resume: skipping completed clock17-u35-d52-p1-g0p10-sAREA_1
2026-09-15T19:09:11Z [exhaustive_clock_sweep_v1] resume: skipping completed clock17-u35-d52-p1-g0p10-sAREA_2
2026-09-15T19:09:11Z [exhaustive_clock_sweep_v1] resume: skipping completed clock17-u35-d52-p1-g0p15-sAREA_0
2026-09-15T19:09:11Z [exhaustive_clock_sweep_v1] resume: skipping completed clock17-u35-d52-p1-g0p15-sAREA_1
2026-09-15T19:09:11Z [exhaustive_clock_sweep_v1] resume: skipping completed clock17-u35-d52-p1-g0p15-sAREA_2
2026-09-15T19:09:11Z [exhaustive_clock_sweep_v1] resume: skipping completed clock17-u35-d52-p1-g0p20-sAREA_0
2026-09-15T19:09:11Z [exhaustive_clock_sweep_v1] resume: skipping completed clock17-u35-d52-p1-g0p20-sAREA_1
2026-09-15T19:09:11Z [exhaustive_clock_sweep_v1] resume: skipping completed clock17-u35-d52-p1-g0p20-sAREA_2
2026-09-15T19:09:11Z [exhaustive_clock_sweep_v1] resume: skipping completed clock17-u35-d52-p2-g0p05-sAREA_0
2026-09-15T19:09:11Z [exhaustive_clock_sweep_v1] resume: skipping completed clock17-u35-d52-p2-g0p05-sAREA_1
2026-09-15T19:09:11Z [exhaustive_clock_sweep_v1] resume: skipping completed clock17-u35-d52-p2-g0p05-sAREA_2
2026-09-15T19:09:11Z [exhaustive_clock_sweep_v1] resume: skipping completed clock17-u35-d52-p2-g0p10-sAREA_0
2026-09-15T19:09:11Z [exhaustive_clock_sweep_v1] resume: skipping completed clock17-u35-d52-p2-g0p10-sAREA_1
2026-09-15T19:09:11Z [exhaustive_clock_sweep_v1] resume: skipping completed clock17-u35-d52-p2-g0p10-sAREA_2
2026-09-15T19:09:11Z [exhaustive_clock_sweep_v1] resume: skipping completed clock17-u35-d52-p2-g0p15-sAREA_0
2026-09-15T19:09:11Z [exhaustive_clock_sweep_v1] resume: skipping completed clock17-u35-d52-p2-g0p15-sAREA_1
2026-09-15T19:09:11Z [exhaustive_clock_sweep_v1] resume: skipping completed clock17-u35-d52-p2-g0p15-sAREA_2
2026-09-15T19:09:11Z [exhaustive_clock_sweep_v1] resume: skipping completed clock17-u35-d52-p2-g0p20-sAREA_0
2026-09-15T19:09:11Z [exhaustive_clock_sweep_v1] resume: skipping completed clock17-u35-d52-p2-g0p20-sAREA_1
2026-09-15T19:09:11Z [exhaustive_clock_sweep_v1] resume: skipping completed clock17-u35-d52-p2-g0p20-sAREA_2
2026-09-15T19:09:11Z [exhaustive_clock_sweep_v1] resume: skipping completed clock17-u40-d38-p0-g0p05-sAREA_0
2026-09-15T19:09:11Z [exhaustive_clock_sweep_v1] resume: skipping completed clock17-u40-d38-p0-g0p05-sAREA_1
2026-09-15T19:09:11Z [exhaustive_clock_sweep_v1] resume: skipping completed clock17-u40-d38-p0-g0p05-sAREA_2
2026-09-15T19:09:11Z [exhaustive_clock_sweep_v1] resume: skipping completed clock17-u40-d38-p0-g0p10-sAREA_0
2026-09-15T19:09:12Z [exhaustive_clock_sweep_v1] resume: skipping completed clock17-u40-d38-p0-g0p10-sAREA_1
2026-09-15T19:09:12Z [exhaustive_clock_sweep_v1] resume: skipping completed clock17-u40-d38-p0-g0p10-sAREA_2
2026-09-15T19:09:12Z [exhaustive_clock_sweep_v1] resume: skipping completed clock17-u40-d38-p0-g0p15-sAREA_0
2026-09-15T19:09:12Z [exhaustive_clock_sweep_v1] resume: skipping completed clock17-u40-d38-p0-g0p15-sAREA_1
2026-09-15T19:09:12Z [exhaustive_clock_sweep_v1] resume: skipping completed clock17-u40-d38-p0-g0p15-sAREA_2
2026-09-15T19:09:12Z [exhaustive_clock_sweep_v1] resume: skipping completed clock17-u40-d38-p0-g0p20-sAREA_0
2026-09-15T19:09:12Z [exhaustive_clock_sweep_v1] resume: skipping completed clock17-u40-d38-p0-g0p20-sAREA_1
2026-09-15T19:09:12Z [exhaustive_clock_sweep_v1] resume: skipping completed clock17-u40-d38-p0-g0p20-sAREA_2
2026-09-15T19:09:12Z [exhaustive_clock_sweep_v1] resume: skipping completed clock17-u40-d38-p1-g0p05-sAREA_0
2026-09-15T19:09:12Z [exhaustive_clock_sweep_v1] resume: skipping completed clock17-u40-d38-p1-g0p05-sAREA_1
2026-09-15T19:09:12Z [exhaustive_clock_sweep_v1] resume: skipping completed clock17-u40-d38-p1-g0p05-sAREA_2
2026-09-15T19:09:12Z [exhaustive_clock_sweep_v1] resume: skipping completed clock17-u40-d38-p1-g0p10-sAREA_0
2026-09-15T19:09:12Z [exhaustive_clock_sweep_v1] resume: skipping completed clock17-u40-d38-p1-g0p10-sAREA_1
2026-09-15T19:09:12Z [exhaustive_clock_sweep_v1] resume: skipping completed clock17-u40-d38-p1-g0p10-sAREA_2
2026-09-15T19:09:12Z [exhaustive_clock_sweep_v1] resume: skipping completed clock17-u40-d38-p1-g0p15-sAREA_0
2026-09-15T19:09:12Z [exhaustive_clock_sweep_v1] resume: skipping completed clock17-u40-d38-p1-g0p15-sAREA_1
2026-09-15T19:09:12Z [exhaustive_clock_sweep_v1] resume: skipping completed clock17-u40-d38-p1-g0p15-sAREA_2
2026-09-15T19:09:12Z [exhaustive_clock_sweep_v1] resume: skipping completed clock17-u40-d38-p1-g0p20-sAREA_0
2026-09-15T19:09:12Z [exhaustive_clock_sweep_v1] resume: skipping completed clock17-u40-d38-p1-g0p20-sAREA_1
2026-09-15T19:09:12Z [exhaustive_clock_sweep_v1] resume: skipping completed clock17-u40-d38-p1-g0p20-sAREA_2
2026-09-15T19:09:12Z [exhaustive_clock_sweep_v1] resume: skipping completed clock17-u40-d38-p2-g0p05-sAREA_0
2026-09-15T19:09:12Z [exhaustive_clock_sweep_v1] resume: skipping completed clock17-u40-d38-p2-g0p05-sAREA_1
2026-09-15T19:09:12Z [exhaustive_clock_sweep_v1] resume: skipping completed clock17-u40-d38-p2-g0p05-sAREA_2
2026-09-15T19:09:13Z [exhaustive_clock_sweep_v1] resume: skipping completed clock17-u40-d38-p2-g0p10-sAREA_0
2026-09-15T19:09:13Z [exhaustive_clock_sweep_v1] resume: skipping completed clock17-u40-d38-p2-g0p10-sAREA_1
2026-09-15T19:09:13Z [exhaustive_clock_sweep_v1] resume: skipping completed clock17-u40-d38-p2-g0p10-sAREA_2
2026-09-15T19:09:13Z [exhaustive_clock_sweep_v1] resume: skipping completed clock17-u40-d38-p2-g0p15-sAREA_0
2026-09-15T19:09:13Z [exhaustive_clock_sweep_v1] resume: skipping completed clock17-u40-d38-p2-g0p15-sAREA_1
2026-09-15T19:09:13Z [exhaustive_clock_sweep_v1] resume: skipping completed clock17-u40-d38-p2-g0p15-sAREA_2
2026-09-15T19:09:13Z [exhaustive_clock_sweep_v1] resume: skipping completed clock17-u40-d38-p2-g0p20-sAREA_0
2026-09-15T19:09:13Z [exhaustive_clock_sweep_v1] resume: skipping completed clock17-u40-d38-p2-g0p20-sAREA_1
2026-09-15T19:09:13Z [exhaustive_clock_sweep_v1] resume: skipping completed clock17-u40-d38-p2-g0p20-sAREA_2
2026-09-15T19:09:13Z [exhaustive_clock_sweep_v1] resume: skipping completed clock17-u40-d45-p0-g0p05-sAREA_0
2026-09-15T19:09:13Z [exhaustive_clock_sweep_v1] resume: skipping completed clock17-u40-d45-p0-g0p05-sAREA_1
2026-09-15T19:09:13Z [exhaustive_clock_sweep_v1] resume: skipping completed clock17-u40-d45-p0-g0p05-sAREA_2
2026-09-15T19:09:13Z [exhaustive_clock_sweep_v1] resume: skipping completed clock17-u40-d45-p0-g0p10-sAREA_0
2026-09-15T19:09:13Z [exhaustive_clock_sweep_v1] resume: skipping completed clock17-u40-d45-p0-g0p10-sAREA_1
2026-09-15T19:09:13Z [exhaustive_clock_sweep_v1] resume: skipping completed clock17-u40-d45-p0-g0p10-sAREA_2
2026-09-15T19:09:13Z [exhaustive_clock_sweep_v1] resume: skipping completed clock17-u40-d45-p0-g0p15-sAREA_0
2026-09-15T19:09:13Z [exhaustive_clock_sweep_v1] resume: skipping completed clock17-u40-d45-p0-g0p15-sAREA_1
2026-09-15T19:09:13Z [exhaustive_clock_sweep_v1] resume: skipping completed clock17-u40-d45-p0-g0p15-sAREA_2
2026-09-15T19:09:13Z [exhaustive_clock_sweep_v1] resume: skipping completed clock17-u40-d45-p0-g0p20-sAREA_0
2026-09-15T19:09:13Z [exhaustive_clock_sweep_v1] resume: skipping completed clock17-u40-d45-p0-g0p20-sAREA_1
2026-09-15T19:09:13Z [exhaustive_clock_sweep_v1] resume: skipping completed clock17-u40-d45-p0-g0p20-sAREA_2
2026-09-15T19:09:13Z [exhaustive_clock_sweep_v1] resume: skipping completed clock17-u40-d45-p1-g0p05-sAREA_0
2026-09-15T19:09:13Z [exhaustive_clock_sweep_v1] resume: skipping completed clock17-u40-d45-p1-g0p05-sAREA_1
2026-09-15T19:09:13Z [exhaustive_clock_sweep_v1] resume: skipping completed clock17-u40-d45-p1-g0p05-sAREA_2
2026-09-15T19:09:14Z [exhaustive_clock_sweep_v1] resume: skipping completed clock17-u40-d45-p1-g0p10-sAREA_0
2026-09-15T19:09:14Z [exhaustive_clock_sweep_v1] resume: skipping completed clock17-u40-d45-p1-g0p10-sAREA_1
2026-09-15T19:09:14Z [exhaustive_clock_sweep_v1] resume: skipping completed clock17-u40-d45-p1-g0p10-sAREA_2
2026-09-15T19:09:14Z [exhaustive_clock_sweep_v1] resume: skipping completed clock17-u40-d45-p1-g0p15-sAREA_0
2026-09-15T19:09:14Z [exhaustive_clock_sweep_v1] resume: skipping completed clock17-u40-d45-p1-g0p15-sAREA_1
2026-09-15T19:09:14Z [exhaustive_clock_sweep_v1] resume: skipping completed clock17-u40-d45-p1-g0p15-sAREA_2
2026-09-15T19:09:14Z [exhaustive_clock_sweep_v1] resume: skipping completed clock17-u40-d45-p1-g0p20-sAREA_0
2026-09-15T19:09:14Z [exhaustive_clock_sweep_v1] resume: skipping completed clock17-u40-d45-p1-g0p20-sAREA_1
2026-09-15T19:09:14Z [exhaustive_clock_sweep_v1] resume: skipping completed clock17-u40-d45-p1-g0p20-sAREA_2
2026-09-15T19:09:14Z [exhaustive_clock_sweep_v1] resume: skipping completed clock17-u40-d45-p2-g0p05-sAREA_0
2026-09-15T19:09:14Z [exhaustive_clock_sweep_v1] resume: skipping completed clock17-u40-d45-p2-g0p05-sAREA_1
2026-09-15T19:09:14Z [exhaustive_clock_sweep_v1] resume: skipping completed clock17-u40-d45-p2-g0p05-sAREA_2
2026-09-15T19:09:14Z [exhaustive_clock_sweep_v1] resume: skipping completed clock17-u40-d45-p2-g0p10-sAREA_0
2026-09-15T19:09:14Z [exhaustive_clock_sweep_v1] resume: skipping completed clock17-u40-d45-p2-g0p10-sAREA_1
2026-09-15T19:09:14Z [exhaustive_clock_sweep_v1] resume: skipping completed clock17-u40-d45-p2-g0p10-sAREA_2
2026-09-15T19:09:14Z [exhaustive_clock_sweep_v1] resume: skipping completed clock17-u40-d45-p2-g0p15-sAREA_0
2026-09-15T19:09:14Z [exhaustive_clock_sweep_v1] resume: skipping completed clock17-u40-d45-p2-g0p15-sAREA_1
2026-09-15T19:09:14Z [exhaustive_clock_sweep_v1] resume: skipping completed clock17-u40-d45-p2-g0p15-sAREA_2
2026-09-15T19:09:14Z [exhaustive_clock_sweep_v1] resume: skipping completed clock17-u40-d45-p2-g0p20-sAREA_0
2026-09-15T19:09:14Z [exhaustive_clock_sweep_v1] resume: skipping completed clock17-u40-d45-p2-g0p20-sAREA_1
2026-09-15T19:09:14Z [exhaustive_clock_sweep_v1] resume: skipping completed clock17-u40-d45-p2-g0p20-sAREA_2
2026-09-15T19:09:14Z [exhaustive_clock_sweep_v1] resume: skipping completed clock17-u40-d52-p0-g0p05-sAREA_0
2026-09-15T19:09:14Z [exhaustive_clock_sweep_v1] resume: skipping completed clock17-u40-d52-p0-g0p05-sAREA_1
2026-09-15T19:09:14Z [exhaustive_clock_sweep_v1] resume: skipping completed clock17-u40-d52-p0-g0p05-sAREA_2
2026-09-15T19:09:15Z [exhaustive_clock_sweep_v1] resume: skipping completed clock17-u40-d52-p0-g0p10-sAREA_0
2026-09-15T19:09:15Z [exhaustive_clock_sweep_v1] resume: skipping completed clock17-u40-d52-p0-g0p10-sAREA_1
2026-09-15T19:09:15Z [exhaustive_clock_sweep_v1] resume: skipping completed clock17-u40-d52-p0-g0p10-sAREA_2
2026-09-15T19:09:15Z [exhaustive_clock_sweep_v1] start clock17-u40-d52-p0-g0p15-sAREA_0 timeout=1800s
usage: runner.py [-h] --trial-id TRIAL_ID --config CONFIG --timeout TIMEOUT
                 [--runs-root RUNS_ROOT]
runner.py: error: trial directory already exists: /home/ubuntu/FlowGuard-recovery/results/exhaustive_clock_sweep_v1/runs/trial_clock17-u40-d52-p0-g0p15-sAREA_0
2026-09-15T19:09:15Z [exhaustive_clock_sweep_v1] start clock17-u40-d52-p0-g0p15-sAREA_1 timeout=1800s
{"command": ["/home/ubuntu/FlowGuard-recovery/.venv/openlane/bin/python", "-m", "librelane", "--docker-no-tty", "--dockerized", "--pdk-root", "/home/ubuntu/.ciel", "--pdk", "sky130A", "--scl", "sky130_fd_sc_hd", "--run-tag", "trial_clock17-u40-d52-p0-g0p15-sAREA_1", "/home/ubuntu/FlowGuard-recovery/results/exhaustive_clock_sweep_v1/configs/clock17-u40-d52-p0-g0p15-sAREA_1/config.json"], "config": "/home/ubuntu/FlowGuard-recovery/results/exhaustive_clock_sweep_v1/configs/clock17-u40-d52-p0-g0p15-sAREA_1/config.json", "config_sha256": "01f32f868c275823b7489bc36aa42d45cadf723ffed7d4f8e185c5fbb2a04074", "effective_config_sha256": "774ce1fb3a052f8857f25c8f67fc338aa7d5ffcd8e8a4678dadaaf6c56622f80", "exit_code": 0, "failure_metadata": null, "failure_stage": null, "finished_at": "2026-09-15T19:12:49.587555Z", "metadata": {"environment": {"executable": "/home/ubuntu/FlowGuard-recovery/.venv/openlane/bin/python", "librelane_container_image": "ghcr.io/librelane/librelane@sha256:f91b21d75f79871f9ccf37451020b5d2f7b3236881a997ff709c561e8280a30f", "librelane_version": "3.0.14", "machine": "aarch64", "pdk": "sky130A", "pdk_revision": "8afc8346a57fe1ab7934ba5a6056ea8b43078e71", "pdk_root": "/home/ubuntu/.ciel", "platform": "Linux-6.17.0-1020-oracle-aarch64-with-glibc2.39", "python_version": "3.12.3", "std_cell_library": "sky130_fd_sc_hd"}, "environment_sha256": "93e51540bdc6ca00204f9afa642f6ce447eab3a253dcc174a6800569c93b4ec8", "executable": "/home/ubuntu/FlowGuard-recovery/.venv/openlane/bin/python", "git": {"commit": "359473443d47ade8cffa73ed61aa68e306d0c17c", "dirty": true}, "host": "openclaw", "librelane_container_image": "ghcr.io/librelane/librelane@sha256:f91b21d75f79871f9ccf37451020b5d2f7b3236881a997ff709c561e8280a30f", "librelane_version": "3.0.14", "pdk": "sky130A", "pdk_revision": "8afc8346a57fe1ab7934ba5a6056ea8b43078e71", "pdk_root": "/home/ubuntu/.ciel", "python_version": "3.12.3", "run_directory": "/home/ubuntu/FlowGuard-recovery/results/exhaustive_clock_sweep_v1/runs/trial_clock17-u40-d52-p0-g0p15-sAREA_1", "source_tree_sha256": "173b5f72887a56d254b5b14313fa6dec371b9b4a8bc652b50ceec1d31503ee61", "std_cell_library": "sky130_fd_sc_hd", "sys_executable": "/home/ubuntu/FlowGuard-recovery/.venv/openlane/bin/python"}, "runtime_s": 213.91695895796875, "started_at": "2026-09-15T19:09:15.666636Z", "status": "SUCCESS", "terminal_status": "SUCCESS", "trial_id": "clock17-u40-d52-p0-g0p15-sAREA_1"}
2026-09-15T19:12:49Z [exhaustive_clock_sweep_v1] start clock17-u40-d52-p0-g0p15-sAREA_2 timeout=1800s
{"command": ["/home/ubuntu/FlowGuard-recovery/.venv/openlane/bin/python", "-m", "librelane", "--docker-no-tty", "--dockerized", "--pdk-root", "/home/ubuntu/.ciel", "--pdk", "sky130A", "--scl", "sky130_fd_sc_hd", "--run-tag", "trial_clock17-u40-d52-p0-g0p15-sAREA_2", "/home/ubuntu/FlowGuard-recovery/results/exhaustive_clock_sweep_v1/configs/clock17-u40-d52-p0-g0p15-sAREA_2/config.json"], "config": "/home/ubuntu/FlowGuard-recovery/results/exhaustive_clock_sweep_v1/configs/clock17-u40-d52-p0-g0p15-sAREA_2/config.json", "config_sha256": "c058a8ad8833be93be2289049a745be9560df464847f5d620be08d6340d5979b", "effective_config_sha256": "459afc357de6f67e0f26513b8f545f4ffaf78954167d6b08e46ba317ef159133", "exit_code": 0, "failure_metadata": null, "failure_stage": null, "finished_at": "2026-09-15T19:15:39.513969Z", "metadata": {"environment": {"executable": "/home/ubuntu/FlowGuard-recovery/.venv/openlane/bin/python", "librelane_container_image": "ghcr.io/librelane/librelane@sha256:f91b21d75f79871f9ccf37451020b5d2f7b3236881a997ff709c561e8280a30f", "librelane_version": "3.0.14", "machine": "aarch64", "pdk": "sky130A", "pdk_revision": "8afc8346a57fe1ab7934ba5a6056ea8b43078e71", "pdk_root": "/home/ubuntu/.ciel", "platform": "Linux-6.17.0-1020-oracle-aarch64-with-glibc2.39", "python_version": "3.12.3", "std_cell_library": "sky130_fd_sc_hd"}, "environment_sha256": "93e51540bdc6ca00204f9afa642f6ce447eab3a253dcc174a6800569c93b4ec8", "executable": "/home/ubuntu/FlowGuard-recovery/.venv/openlane/bin/python", "git": {"commit": "359473443d47ade8cffa73ed61aa68e306d0c17c", "dirty": true}, "host": "openclaw", "librelane_container_image": "ghcr.io/librelane/librelane@sha256:f91b21d75f79871f9ccf37451020b5d2f7b3236881a997ff709c561e8280a30f", "librelane_version": "3.0.14", "pdk": "sky130A", "pdk_revision": "8afc8346a57fe1ab7934ba5a6056ea8b43078e71", "pdk_root": "/home/ubuntu/.ciel", "python_version": "3.12.3", "run_directory": "/home/ubuntu/FlowGuard-recovery/results/exhaustive_clock_sweep_v1/runs/trial_clock17-u40-d52-p0-g0p15-sAREA_2", "source_tree_sha256": "173b5f72887a56d254b5b14313fa6dec371b9b4a8bc652b50ceec1d31503ee61", "std_cell_library": "sky130_fd_sc_hd", "sys_executable": "/home/ubuntu/FlowGuard-recovery/.venv/openlane/bin/python"}, "runtime_s": 169.4516573540168, "started_at": "2026-09-15T19:12:50.058262Z", "status": "SUCCESS", "terminal_status": "SUCCESS", "trial_id": "clock17-u40-d52-p0-g0p15-sAREA_2"}
2026-09-15T19:15:39Z [exhaustive_clock_sweep_v1] start clock17-u40-d52-p0-g0p20-sAREA_0 timeout=1800s
{"command": ["/home/ubuntu/FlowGuard-recovery/.venv/openlane/bin/python", "-m", "librelane", "--docker-no-tty", "--dockerized", "--pdk-root", "/home/ubuntu/.ciel", "--pdk", "sky130A", "--scl", "sky130_fd_sc_hd", "--run-tag", "trial_clock17-u40-d52-p0-g0p20-sAREA_0", "/home/ubuntu/FlowGuard-recovery/results/exhaustive_clock_sweep_v1/configs/clock17-u40-d52-p0-g0p20-sAREA_0/config.json"], "config": "/home/ubuntu/FlowGuard-recovery/results/exhaustive_clock_sweep_v1/configs/clock17-u40-d52-p0-g0p20-sAREA_0/config.json", "config_sha256": "a8435e54f18ced37d459a619ff6afcf70e6d94fbde3f2e7e20acafc04f66c048", "effective_config_sha256": "3a37bc0a88fea6b557f5372b2e211d9ccd9b988586c24ffb44306b85315f9023", "exit_code": 0, "failure_metadata": null, "failure_stage": null, "finished_at": "2026-09-15T19:19:02.548016Z", "metadata": {"environment": {"executable": "/home/ubuntu/FlowGuard-recovery/.venv/openlane/bin/python", "librelane_container_image": "ghcr.io/librelane/librelane@sha256:f91b21d75f79871f9ccf37451020b5d2f7b3236881a997ff709c561e8280a30f", "librelane_version": "3.0.14", "machine": "aarch64", "pdk": "sky130A", "pdk_revision": "8afc8346a57fe1ab7934ba5a6056ea8b43078e71", "pdk_root": "/home/ubuntu/.ciel", "platform": "Linux-6.17.0-1020-oracle-aarch64-with-glibc2.39", "python_version": "3.12.3", "std_cell_library": "sky130_fd_sc_hd"}, "environment_sha256": "93e51540bdc6ca00204f9afa642f6ce447eab3a253dcc174a6800569c93b4ec8", "executable": "/home/ubuntu/FlowGuard-recovery/.venv/openlane/bin/python", "git": {"commit": "359473443d47ade8cffa73ed61aa68e306d0c17c", "dirty": true}, "host": "openclaw", "librelane_container_image": "ghcr.io/librelane/librelane@sha256:f91b21d75f79871f9ccf37451020b5d2f7b3236881a997ff709c561e8280a30f", "librelane_version": "3.0.14", "pdk": "sky130A", "pdk_revision": "8afc8346a57fe1ab7934ba5a6056ea8b43078e71", "pdk_root": "/home/ubuntu/.ciel", "python_version": "3.12.3", "run_directory": "/home/ubuntu/FlowGuard-recovery/results/exhaustive_clock_sweep_v1/runs/trial_clock17-u40-d52-p0-g0p20-sAREA_0", "source_tree_sha256": "173b5f72887a56d254b5b14313fa6dec371b9b4a8bc652b50ceec1d31503ee61", "std_cell_library": "sky130_fd_sc_hd", "sys_executable": "/home/ubuntu/FlowGuard-recovery/.venv/openlane/bin/python"}, "runtime_s": 202.54042956099147, "started_at": "2026-09-15T19:15:40.002186Z", "status": "SUCCESS", "terminal_status": "SUCCESS", "trial_id": "clock17-u40-d52-p0-g0p20-sAREA_0"}
2026-09-15T19:19:03Z [exhaustive_clock_sweep_v1] start clock17-u40-d52-p0-g0p20-sAREA_1 timeout=1800s
{"command": ["/home/ubuntu/FlowGuard-recovery/.venv/openlane/bin/python", "-m", "librelane", "--docker-no-tty", "--dockerized", "--pdk-root", "/home/ubuntu/.ciel", "--pdk", "sky130A", "--scl", "sky130_fd_sc_hd", "--run-tag", "trial_clock17-u40-d52-p0-g0p20-sAREA_1", "/home/ubuntu/FlowGuard-recovery/results/exhaustive_clock_sweep_v1/configs/clock17-u40-d52-p0-g0p20-sAREA_1/config.json"], "config": "/home/ubuntu/FlowGuard-recovery/results/exhaustive_clock_sweep_v1/configs/clock17-u40-d52-p0-g0p20-sAREA_1/config.json", "config_sha256": "0a95d5b8051224d5330a65a79e63748056e03ca41376c1a459c3d781b4541ff7", "effective_config_sha256": "07c86418888029591a0abe3d78fac220866b4932a565712a2e8ee262f3de6465", "exit_code": 0, "failure_metadata": null, "failure_stage": null, "finished_at": "2026-09-15T19:22:30.666579Z", "metadata": {"environment": {"executable": "/home/ubuntu/FlowGuard-recovery/.venv/openlane/bin/python", "librelane_container_image": "ghcr.io/librelane/librelane@sha256:f91b21d75f79871f9ccf37451020b5d2f7b3236881a997ff709c561e8280a30f", "librelane_version": "3.0.14", "machine": "aarch64", "pdk": "sky130A", "pdk_revision": "8afc8346a57fe1ab7934ba5a6056ea8b43078e71", "pdk_root": "/home/ubuntu/.ciel", "platform": "Linux-6.17.0-1020-oracle-aarch64-with-glibc2.39", "python_version": "3.12.3", "std_cell_library": "sky130_fd_sc_hd"}, "environment_sha256": "93e51540bdc6ca00204f9afa642f6ce447eab3a253dcc174a6800569c93b4ec8", "executable": "/home/ubuntu/FlowGuard-recovery/.venv/openlane/bin/python", "git": {"commit": "359473443d47ade8cffa73ed61aa68e306d0c17c", "dirty": true}, "host": "openclaw", "librelane_container_image": "ghcr.io/librelane/librelane@sha256:f91b21d75f79871f9ccf37451020b5d2f7b3236881a997ff709c561e8280a30f", "librelane_version": "3.0.14", "pdk": "sky130A", "pdk_revision": "8afc8346a57fe1ab7934ba5a6056ea8b43078e71", "pdk_root": "/home/ubuntu/.ciel", "python_version": "3.12.3", "run_directory": "/home/ubuntu/FlowGuard-recovery/results/exhaustive_clock_sweep_v1/runs/trial_clock17-u40-d52-p0-g0p20-sAREA_1", "source_tree_sha256": "173b5f72887a56d254b5b14313fa6dec371b9b4a8bc652b50ceec1d31503ee61", "std_cell_library": "sky130_fd_sc_hd", "sys_executable": "/home/ubuntu/FlowGuard-recovery/.venv/openlane/bin/python"}, "runtime_s": 207.55412265803898, "started_at": "2026-09-15T19:19:03.108317Z", "status": "SUCCESS", "terminal_status": "SUCCESS", "trial_id": "clock17-u40-d52-p0-g0p20-sAREA_1"}
2026-09-15T19:22:31Z [exhaustive_clock_sweep_v1] start clock17-u40-d52-p0-g0p20-sAREA_2 timeout=1800s
{"command": ["/home/ubuntu/FlowGuard-recovery/.venv/openlane/bin/python", "-m", "librelane", "--docker-no-tty", "--dockerized", "--pdk-root", "/home/ubuntu/.ciel", "--pdk", "sky130A", "--scl", "sky130_fd_sc_hd", "--run-tag", "trial_clock17-u40-d52-p0-g0p20-sAREA_2", "/home/ubuntu/FlowGuard-recovery/results/exhaustive_clock_sweep_v1/configs/clock17-u40-d52-p0-g0p20-sAREA_2/config.json"], "config": "/home/ubuntu/FlowGuard-recovery/results/exhaustive_clock_sweep_v1/configs/clock17-u40-d52-p0-g0p20-sAREA_2/config.json", "config_sha256": "5cce6e06ae0828156c82bf5c496497b931db67169ce46d5999eeab2b6f3cc0d5", "effective_config_sha256": "65ebe7cf7af6724ca86bad7ef5cc82d572c5bd37b46cb98d33ac0f4af79dd9d3", "exit_code": 0, "failure_metadata": null, "failure_stage": null, "finished_at": "2026-09-15T19:26:12.736905Z", "metadata": {"environment": {"executable": "/home/ubuntu/FlowGuard-recovery/.venv/openlane/bin/python", "librelane_container_image": "ghcr.io/librelane/librelane@sha256:f91b21d75f79871f9ccf37451020b5d2f7b3236881a997ff709c561e8280a30f", "librelane_version": "3.0.14", "machine": "aarch64", "pdk": "sky130A", "pdk_revision": "8afc8346a57fe1ab7934ba5a6056ea8b43078e71", "pdk_root": "/home/ubuntu/.ciel", "platform": "Linux-6.17.0-1020-oracle-aarch64-with-glibc2.39", "python_version": "3.12.3", "std_cell_library": "sky130_fd_sc_hd"}, "environment_sha256": "93e51540bdc6ca00204f9afa642f6ce447eab3a253dcc174a6800569c93b4ec8", "executable": "/home/ubuntu/FlowGuard-recovery/.venv/openlane/bin/python", "git": {"commit": "359473443d47ade8cffa73ed61aa68e306d0c17c", "dirty": true}, "host": "openclaw", "librelane_container_image": "ghcr.io/librelane/librelane@sha256:f91b21d75f79871f9ccf37451020b5d2f7b3236881a997ff709c561e8280a30f", "librelane_version": "3.0.14", "pdk": "sky130A", "pdk_revision": "8afc8346a57fe1ab7934ba5a6056ea8b43078e71", "pdk_root": "/home/ubuntu/.ciel", "python_version": "3.12.3", "run_directory": "/home/ubuntu/FlowGuard-recovery/results/exhaustive_clock_sweep_v1/runs/trial_clock17-u40-d52-p0-g0p20-sAREA_2", "source_tree_sha256": "173b5f72887a56d254b5b14313fa6dec371b9b4a8bc652b50ceec1d31503ee61", "std_cell_library": "sky130_fd_sc_hd", "sys_executable": "/home/ubuntu/FlowGuard-recovery/.venv/openlane/bin/python"}, "runtime_s": 221.54246918397257, "started_at": "2026-09-15T19:22:31.190426Z", "status": "SUCCESS", "terminal_status": "SUCCESS", "trial_id": "clock17-u40-d52-p0-g0p20-sAREA_2"}
2026-09-15T19:26:13Z [exhaustive_clock_sweep_v1] start clock17-u40-d52-p1-g0p05-sAREA_0 timeout=1800s
{"command": ["/home/ubuntu/FlowGuard-recovery/.venv/openlane/bin/python", "-m", "librelane", "--docker-no-tty", "--dockerized", "--pdk-root", "/home/ubuntu/.ciel", "--pdk", "sky130A", "--scl", "sky130_fd_sc_hd", "--run-tag", "trial_clock17-u40-d52-p1-g0p05-sAREA_0", "/home/ubuntu/FlowGuard-recovery/results/exhaustive_clock_sweep_v1/configs/clock17-u40-d52-p1-g0p05-sAREA_0/config.json"], "config": "/home/ubuntu/FlowGuard-recovery/results/exhaustive_clock_sweep_v1/configs/clock17-u40-d52-p1-g0p05-sAREA_0/config.json", "config_sha256": "ea3b5f4627a9c25ebedb2464e2248ca0a0f54856f7bb0aa0dda5d310827c4613", "effective_config_sha256": "2fde3e6e4af03ecd3c6cbb0ad8b4fa53d6d31af91ccd428bde77a690312b7286", "exit_code": 0, "failure_metadata": null, "failure_stage": null, "finished_at": "2026-09-15T19:29:09.850721Z", "metadata": {"environment": {"executable": "/home/ubuntu/FlowGuard-recovery/.venv/openlane/bin/python", "librelane_container_image": "ghcr.io/librelane/librelane@sha256:f91b21d75f79871f9ccf37451020b5d2f7b3236881a997ff709c561e8280a30f", "librelane_version": "3.0.14", "machine": "aarch64", "pdk": "sky130A", "pdk_revision": "8afc8346a57fe1ab7934ba5a6056ea8b43078e71", "pdk_root": "/home/ubuntu/.ciel", "platform": "Linux-6.17.0-1020-oracle-aarch64-with-glibc2.39", "python_version": "3.12.3", "std_cell_library": "sky130_fd_sc_hd"}, "environment_sha256": "93e51540bdc6ca00204f9afa642f6ce447eab3a253dcc174a6800569c93b4ec8", "executable": "/home/ubuntu/FlowGuard-recovery/.venv/openlane/bin/python", "git": {"commit": "359473443d47ade8cffa73ed61aa68e306d0c17c", "dirty": true}, "host": "openclaw", "librelane_container_image": "ghcr.io/librelane/librelane@sha256:f91b21d75f79871f9ccf37451020b5d2f7b3236881a997ff709c561e8280a30f", "librelane_version": "3.0.14", "pdk": "sky130A", "pdk_revision": "8afc8346a57fe1ab7934ba5a6056ea8b43078e71", "pdk_root": "/home/ubuntu/.ciel", "python_version": "3.12.3", "run_directory": "/home/ubuntu/FlowGuard-recovery/results/exhaustive_clock_sweep_v1/runs/trial_clock17-u40-d52-p1-g0p05-sAREA_0", "source_tree_sha256": "173b5f72887a56d254b5b14313fa6dec371b9b4a8bc652b50ceec1d31503ee61", "std_cell_library": "sky130_fd_sc_hd", "sys_executable": "/home/ubuntu/FlowGuard-recovery/.venv/openlane/bin/python"}, "runtime_s": 176.61373419000302, "started_at": "2026-09-15T19:26:13.233002Z", "status": "SUCCESS", "terminal_status": "SUCCESS", "trial_id": "clock17-u40-d52-p1-g0p05-sAREA_0"}
2026-09-15T19:29:10Z [exhaustive_clock_sweep_v1] start clock17-u40-d52-p1-g0p05-sAREA_1 timeout=1800s
{"command": ["/home/ubuntu/FlowGuard-recovery/.venv/openlane/bin/python", "-m", "librelane", "--docker-no-tty", "--dockerized", "--pdk-root", "/home/ubuntu/.ciel", "--pdk", "sky130A", "--scl", "sky130_fd_sc_hd", "--run-tag", "trial_clock17-u40-d52-p1-g0p05-sAREA_1", "/home/ubuntu/FlowGuard-recovery/results/exhaustive_clock_sweep_v1/configs/clock17-u40-d52-p1-g0p05-sAREA_1/config.json"], "config": "/home/ubuntu/FlowGuard-recovery/results/exhaustive_clock_sweep_v1/configs/clock17-u40-d52-p1-g0p05-sAREA_1/config.json", "config_sha256": "24e55a9e75f23fd0ff41541fffbbcc1dd38f69b395ef3c135044359e7a60483c", "effective_config_sha256": "08b9dbd30dece8cf8dc5bc383f50e5b539e75c49d7d9b5fdf94f19988936b96c", "exit_code": 0, "failure_metadata": null, "failure_stage": null, "finished_at": "2026-09-15T19:32:20.024491Z", "metadata": {"environment": {"executable": "/home/ubuntu/FlowGuard-recovery/.venv/openlane/bin/python", "librelane_container_image": "ghcr.io/librelane/librelane@sha256:f91b21d75f79871f9ccf37451020b5d2f7b3236881a997ff709c561e8280a30f", "librelane_version": "3.0.14", "machine": "aarch64", "pdk": "sky130A", "pdk_revision": "8afc8346a57fe1ab7934ba5a6056ea8b43078e71", "pdk_root": "/home/ubuntu/.ciel", "platform": "Linux-6.17.0-1020-oracle-aarch64-with-glibc2.39", "python_version": "3.12.3", "std_cell_library": "sky130_fd_sc_hd"}, "environment_sha256": "93e51540bdc6ca00204f9afa642f6ce447eab3a253dcc174a6800569c93b4ec8", "executable": "/home/ubuntu/FlowGuard-recovery/.venv/openlane/bin/python", "git": {"commit": "359473443d47ade8cffa73ed61aa68e306d0c17c", "dirty": true}, "host": "openclaw", "librelane_container_image": "ghcr.io/librelane/librelane@sha256:f91b21d75f79871f9ccf37451020b5d2f7b3236881a997ff709c561e8280a30f", "librelane_version": "3.0.14", "pdk": "sky130A", "pdk_revision": "8afc8346a57fe1ab7934ba5a6056ea8b43078e71", "pdk_root": "/home/ubuntu/.ciel", "python_version": "3.12.3", "run_directory": "/home/ubuntu/FlowGuard-recovery/results/exhaustive_clock_sweep_v1/runs/trial_clock17-u40-d52-p1-g0p05-sAREA_1", "source_tree_sha256": "173b5f72887a56d254b5b14313fa6dec371b9b4a8bc652b50ceec1d31503ee61", "std_cell_library": "sky130_fd_sc_hd", "sys_executable": "/home/ubuntu/FlowGuard-recovery/.venv/openlane/bin/python"}, "runtime_s": 189.66542701498838, "started_at": "2026-09-15T19:29:10.354707Z", "status": "SUCCESS", "terminal_status": "SUCCESS", "trial_id": "clock17-u40-d52-p1-g0p05-sAREA_1"}
2026-09-15T19:32:20Z [exhaustive_clock_sweep_v1] start clock17-u40-d52-p1-g0p05-sAREA_2 timeout=1800s
{"command": ["/home/ubuntu/FlowGuard-recovery/.venv/openlane/bin/python", "-m", "librelane", "--docker-no-tty", "--dockerized", "--pdk-root", "/home/ubuntu/.ciel", "--pdk", "sky130A", "--scl", "sky130_fd_sc_hd", "--run-tag", "trial_clock17-u40-d52-p1-g0p05-sAREA_2", "/home/ubuntu/FlowGuard-recovery/results/exhaustive_clock_sweep_v1/configs/clock17-u40-d52-p1-g0p05-sAREA_2/config.json"], "config": "/home/ubuntu/FlowGuard-recovery/results/exhaustive_clock_sweep_v1/configs/clock17-u40-d52-p1-g0p05-sAREA_2/config.json", "config_sha256": "728de0f8497a4ccb5542e85b573dc5a57c352643358eb17bb76e4b29cb91441d", "effective_config_sha256": "78856641309ddfe0c23552f370cec1545124df7c4c2f8bca6afbdd9ea2cf36f2", "exit_code": 0, "failure_metadata": null, "failure_stage": null, "finished_at": "2026-09-15T19:36:00.521118Z", "metadata": {"environment": {"executable": "/home/ubuntu/FlowGuard-recovery/.venv/openlane/bin/python", "librelane_container_image": "ghcr.io/librelane/librelane@sha256:f91b21d75f79871f9ccf37451020b5d2f7b3236881a997ff709c561e8280a30f", "librelane_version": "3.0.14", "machine": "aarch64", "pdk": "sky130A", "pdk_revision": "8afc8346a57fe1ab7934ba5a6056ea8b43078e71", "pdk_root": "/home/ubuntu/.ciel", "platform": "Linux-6.17.0-1020-oracle-aarch64-with-glibc2.39", "python_version": "3.12.3", "std_cell_library": "sky130_fd_sc_hd"}, "environment_sha256": "93e51540bdc6ca00204f9afa642f6ce447eab3a253dcc174a6800569c93b4ec8", "executable": "/home/ubuntu/FlowGuard-recovery/.venv/openlane/bin/python", "git": {"commit": "359473443d47ade8cffa73ed61aa68e306d0c17c", "dirty": true}, "host": "openclaw", "librelane_container_image": "ghcr.io/librelane/librelane@sha256:f91b21d75f79871f9ccf37451020b5d2f7b3236881a997ff709c561e8280a30f", "librelane_version": "3.0.14", "pdk": "sky130A", "pdk_revision": "8afc8346a57fe1ab7934ba5a6056ea8b43078e71", "pdk_root": "/home/ubuntu/.ciel", "python_version": "3.12.3", "run_directory": "/home/ubuntu/FlowGuard-recovery/results/exhaustive_clock_sweep_v1/runs/trial_clock17-u40-d52-p1-g0p05-sAREA_2", "source_tree_sha256": "173b5f72887a56d254b5b14313fa6dec371b9b4a8bc652b50ceec1d31503ee61", "std_cell_library": "sky130_fd_sc_hd", "sys_executable": "/home/ubuntu/FlowGuard-recovery/.venv/openlane/bin/python"}, "runtime_s": 219.99119141401025, "started_at": "2026-09-15T19:32:20.525234Z", "status": "SUCCESS", "terminal_status": "SUCCESS", "trial_id": "clock17-u40-d52-p1-g0p05-sAREA_2"}
2026-09-15T19:36:00Z [exhaustive_clock_sweep_v1] start clock17-u40-d52-p1-g0p10-sAREA_0 timeout=1800s
{"command": ["/home/ubuntu/FlowGuard-recovery/.venv/openlane/bin/python", "-m", "librelane", "--docker-no-tty", "--dockerized", "--pdk-root", "/home/ubuntu/.ciel", "--pdk", "sky130A", "--scl", "sky130_fd_sc_hd", "--run-tag", "trial_clock17-u40-d52-p1-g0p10-sAREA_0", "/home/ubuntu/FlowGuard-recovery/results/exhaustive_clock_sweep_v1/configs/clock17-u40-d52-p1-g0p10-sAREA_0/config.json"], "config": "/home/ubuntu/FlowGuard-recovery/results/exhaustive_clock_sweep_v1/configs/clock17-u40-d52-p1-g0p10-sAREA_0/config.json", "config_sha256": "408672fa452399a9806b098a1840d1890acc3e7fb7e22ddfe40fba53ed5e6396", "effective_config_sha256": "30e2e3b661e55fd6c086889f994d730d1d48d6200fa5b4f7ffd844a9442d7ddd", "exit_code": 0, "failure_metadata": null, "failure_stage": null, "finished_at": "2026-09-15T19:38:32.499324Z", "metadata": {"environment": {"executable": "/home/ubuntu/FlowGuard-recovery/.venv/openlane/bin/python", "librelane_container_image": "ghcr.io/librelane/librelane@sha256:f91b21d75f79871f9ccf37451020b5d2f7b3236881a997ff709c561e8280a30f", "librelane_version": "3.0.14", "machine": "aarch64", "pdk": "sky130A", "pdk_revision": "8afc8346a57fe1ab7934ba5a6056ea8b43078e71", "pdk_root": "/home/ubuntu/.ciel", "platform": "Linux-6.17.0-1020-oracle-aarch64-with-glibc2.39", "python_version": "3.12.3", "std_cell_library": "sky130_fd_sc_hd"}, "environment_sha256": "93e51540bdc6ca00204f9afa642f6ce447eab3a253dcc174a6800569c93b4ec8", "executable": "/home/ubuntu/FlowGuard-recovery/.venv/openlane/bin/python", "git": {"commit": "359473443d47ade8cffa73ed61aa68e306d0c17c", "dirty": true}, "host": "openclaw", "librelane_container_image": "ghcr.io/librelane/librelane@sha256:f91b21d75f79871f9ccf37451020b5d2f7b3236881a997ff709c561e8280a30f", "librelane_version": "3.0.14", "pdk": "sky130A", "pdk_revision": "8afc8346a57fe1ab7934ba5a6056ea8b43078e71", "pdk_root": "/home/ubuntu/.ciel", "python_version": "3.12.3", "run_directory": "/home/ubuntu/FlowGuard-recovery/results/exhaustive_clock_sweep_v1/runs/trial_clock17-u40-d52-p1-g0p10-sAREA_0", "source_tree_sha256": "173b5f72887a56d254b5b14313fa6dec371b9b4a8bc652b50ceec1d31503ee61", "std_cell_library": "sky130_fd_sc_hd", "sys_executable": "/home/ubuntu/FlowGuard-recovery/.venv/openlane/bin/python"}, "runtime_s": 151.464725954982, "started_at": "2026-09-15T19:36:01.030664Z", "status": "SUCCESS", "terminal_status": "SUCCESS", "trial_id": "clock17-u40-d52-p1-g0p10-sAREA_0"}
2026-09-15T19:38:32Z [exhaustive_clock_sweep_v1] start clock17-u40-d52-p1-g0p10-sAREA_1 timeout=1800s
{"command": ["/home/ubuntu/FlowGuard-recovery/.venv/openlane/bin/python", "-m", "librelane", "--docker-no-tty", "--dockerized", "--pdk-root", "/home/ubuntu/.ciel", "--pdk", "sky130A", "--scl", "sky130_fd_sc_hd", "--run-tag", "trial_clock17-u40-d52-p1-g0p10-sAREA_1", "/home/ubuntu/FlowGuard-recovery/results/exhaustive_clock_sweep_v1/configs/clock17-u40-d52-p1-g0p10-sAREA_1/config.json"], "config": "/home/ubuntu/FlowGuard-recovery/results/exhaustive_clock_sweep_v1/configs/clock17-u40-d52-p1-g0p10-sAREA_1/config.json", "config_sha256": "128106768b3f04285c7af78499f325f03dca96fb855f3e81d25cbeb8bfc1a630", "effective_config_sha256": "0fb3f95814e1bf6c86d6bab49c3740be54dff92b7703094892fff71955335f19", "exit_code": 0, "failure_metadata": null, "failure_stage": null, "finished_at": "2026-09-15T19:41:14.282318Z", "metadata": {"environment": {"executable": "/home/ubuntu/FlowGuard-recovery/.venv/openlane/bin/python", "librelane_container_image": "ghcr.io/librelane/librelane@sha256:f91b21d75f79871f9ccf37451020b5d2f7b3236881a997ff709c561e8280a30f", "librelane_version": "3.0.14", "machine": "aarch64", "pdk": "sky130A", "pdk_revision": "8afc8346a57fe1ab7934ba5a6056ea8b43078e71", "pdk_root": "/home/ubuntu/.ciel", "platform": "Linux-6.17.0-1020-oracle-aarch64-with-glibc2.39", "python_version": "3.12.3", "std_cell_library": "sky130_fd_sc_hd"}, "environment_sha256": "93e51540bdc6ca00204f9afa642f6ce447eab3a253dcc174a6800569c93b4ec8", "executable": "/home/ubuntu/FlowGuard-recovery/.venv/openlane/bin/python", "git": {"commit": "359473443d47ade8cffa73ed61aa68e306d0c17c", "dirty": true}, "host": "openclaw", "librelane_container_image": "ghcr.io/librelane/librelane@sha256:f91b21d75f79871f9ccf37451020b5d2f7b3236881a997ff709c561e8280a30f", "librelane_version": "3.0.14", "pdk": "sky130A", "pdk_revision": "8afc8346a57fe1ab7934ba5a6056ea8b43078e71", "pdk_root": "/home/ubuntu/.ciel", "python_version": "3.12.3", "run_directory": "/home/ubuntu/FlowGuard-recovery/results/exhaustive_clock_sweep_v1/runs/trial_clock17-u40-d52-p1-g0p10-sAREA_1", "source_tree_sha256": "173b5f72887a56d254b5b14313fa6dec371b9b4a8bc652b50ceec1d31503ee61", "std_cell_library": "sky130_fd_sc_hd", "sys_executable": "/home/ubuntu/FlowGuard-recovery/.venv/openlane/bin/python"}, "runtime_s": 161.31465913000284, "started_at": "2026-09-15T19:38:32.963331Z", "status": "SUCCESS", "terminal_status": "SUCCESS", "trial_id": "clock17-u40-d52-p1-g0p10-sAREA_1"}
2026-09-15T19:41:14Z [exhaustive_clock_sweep_v1] start clock17-u40-d52-p1-g0p10-sAREA_2 timeout=1800s
{"command": ["/home/ubuntu/FlowGuard-recovery/.venv/openlane/bin/python", "-m", "librelane", "--docker-no-tty", "--dockerized", "--pdk-root", "/home/ubuntu/.ciel", "--pdk", "sky130A", "--scl", "sky130_fd_sc_hd", "--run-tag", "trial_clock17-u40-d52-p1-g0p10-sAREA_2", "/home/ubuntu/FlowGuard-recovery/results/exhaustive_clock_sweep_v1/configs/clock17-u40-d52-p1-g0p10-sAREA_2/config.json"], "config": "/home/ubuntu/FlowGuard-recovery/results/exhaustive_clock_sweep_v1/configs/clock17-u40-d52-p1-g0p10-sAREA_2/config.json", "config_sha256": "47f02b6aa64cb13dde1286ad2badfc23b6c4051fbca86ae3fb53921cccfa2a4c", "effective_config_sha256": "8c7d78fddebf18463a8dc37483591730e35d54a94d340f60ff48649225b203da", "exit_code": 0, "failure_metadata": null, "failure_stage": null, "finished_at": "2026-09-15T19:44:20.272786Z", "metadata": {"environment": {"executable": "/home/ubuntu/FlowGuard-recovery/.venv/openlane/bin/python", "librelane_container_image": "ghcr.io/librelane/librelane@sha256:f91b21d75f79871f9ccf37451020b5d2f7b3236881a997ff709c561e8280a30f", "librelane_version": "3.0.14", "machine": "aarch64", "pdk": "sky130A", "pdk_revision": "8afc8346a57fe1ab7934ba5a6056ea8b43078e71", "pdk_root": "/home/ubuntu/.ciel", "platform": "Linux-6.17.0-1020-oracle-aarch64-with-glibc2.39", "python_version": "3.12.3", "std_cell_library": "sky130_fd_sc_hd"}, "environment_sha256": "93e51540bdc6ca00204f9afa642f6ce447eab3a253dcc174a6800569c93b4ec8", "executable": "/home/ubuntu/FlowGuard-recovery/.venv/openlane/bin/python", "git": {"commit": "359473443d47ade8cffa73ed61aa68e306d0c17c", "dirty": true}, "host": "openclaw", "librelane_container_image": "ghcr.io/librelane/librelane@sha256:f91b21d75f79871f9ccf37451020b5d2f7b3236881a997ff709c561e8280a30f", "librelane_version": "3.0.14", "pdk": "sky130A", "pdk_revision": "8afc8346a57fe1ab7934ba5a6056ea8b43078e71", "pdk_root": "/home/ubuntu/.ciel", "python_version": "3.12.3", "run_directory": "/home/ubuntu/FlowGuard-recovery/results/exhaustive_clock_sweep_v1/runs/trial_clock17-u40-d52-p1-g0p10-sAREA_2", "source_tree_sha256": "173b5f72887a56d254b5b14313fa6dec371b9b4a8bc652b50ceec1d31503ee61", "std_cell_library": "sky130_fd_sc_hd", "sys_executable": "/home/ubuntu/FlowGuard-recovery/.venv/openlane/bin/python"}, "runtime_s": 185.5101288880105, "started_at": "2026-09-15T19:41:14.758612Z", "status": "SUCCESS", "terminal_status": "SUCCESS", "trial_id": "clock17-u40-d52-p1-g0p10-sAREA_2"}
2026-09-15T19:44:20Z [exhaustive_clock_sweep_v1] start clock17-u40-d52-p1-g0p15-sAREA_0 timeout=1800s
{"command": ["/home/ubuntu/FlowGuard-recovery/.venv/openlane/bin/python", "-m", "librelane", "--docker-no-tty", "--dockerized", "--pdk-root", "/home/ubuntu/.ciel", "--pdk", "sky130A", "--scl", "sky130_fd_sc_hd", "--run-tag", "trial_clock17-u40-d52-p1-g0p15-sAREA_0", "/home/ubuntu/FlowGuard-recovery/results/exhaustive_clock_sweep_v1/configs/clock17-u40-d52-p1-g0p15-sAREA_0/config.json"], "config": "/home/ubuntu/FlowGuard-recovery/results/exhaustive_clock_sweep_v1/configs/clock17-u40-d52-p1-g0p15-sAREA_0/config.json", "config_sha256": "c016723191ddfb6d063d19dfe638f6324e04573ce6b02f6622b8d572313b1fae", "effective_config_sha256": "18e239a02711956edcff5378c2bc5c0442dfb1f3fd27e8b08039768dd926a6ff", "exit_code": 0, "failure_metadata": null, "failure_stage": null, "finished_at": "2026-09-15T19:47:21.247238Z", "metadata": {"environment": {"executable": "/home/ubuntu/FlowGuard-recovery/.venv/openlane/bin/python", "librelane_container_image": "ghcr.io/librelane/librelane@sha256:f91b21d75f79871f9ccf37451020b5d2f7b3236881a997ff709c561e8280a30f", "librelane_version": "3.0.14", "machine": "aarch64", "pdk": "sky130A", "pdk_revision": "8afc8346a57fe1ab7934ba5a6056ea8b43078e71", "pdk_root": "/home/ubuntu/.ciel", "platform": "Linux-6.17.0-1020-oracle-aarch64-with-glibc2.39", "python_version": "3.12.3", "std_cell_library": "sky130_fd_sc_hd"}, "environment_sha256": "93e51540bdc6ca00204f9afa642f6ce447eab3a253dcc174a6800569c93b4ec8", "executable": "/home/ubuntu/FlowGuard-recovery/.venv/openlane/bin/python", "git": {"commit": "359473443d47ade8cffa73ed61aa68e306d0c17c", "dirty": true}, "host": "openclaw", "librelane_container_image": "ghcr.io/librelane/librelane@sha256:f91b21d75f79871f9ccf37451020b5d2f7b3236881a997ff709c561e8280a30f", "librelane_version": "3.0.14", "pdk": "sky130A", "pdk_revision": "8afc8346a57fe1ab7934ba5a6056ea8b43078e71", "pdk_root": "/home/ubuntu/.ciel", "python_version": "3.12.3", "run_directory": "/home/ubuntu/FlowGuard-recovery/results/exhaustive_clock_sweep_v1/runs/trial_clock17-u40-d52-p1-g0p15-sAREA_0", "source_tree_sha256": "173b5f72887a56d254b5b14313fa6dec371b9b4a8bc652b50ceec1d31503ee61", "std_cell_library": "sky130_fd_sc_hd", "sys_executable": "/home/ubuntu/FlowGuard-recovery/.venv/openlane/bin/python"}, "runtime_s": 180.5035317550064, "started_at": "2026-09-15T19:44:20.739675Z", "status": "SUCCESS", "terminal_status": "SUCCESS", "trial_id": "clock17-u40-d52-p1-g0p15-sAREA_0"}
2026-09-15T19:47:21Z [exhaustive_clock_sweep_v1] start clock17-u40-d52-p1-g0p15-sAREA_1 timeout=1800s
{"command": ["/home/ubuntu/FlowGuard-recovery/.venv/openlane/bin/python", "-m", "librelane", "--docker-no-tty", "--dockerized", "--pdk-root", "/home/ubuntu/.ciel", "--pdk", "sky130A", "--scl", "sky130_fd_sc_hd", "--run-tag", "trial_clock17-u40-d52-p1-g0p15-sAREA_1", "/home/ubuntu/FlowGuard-recovery/results/exhaustive_clock_sweep_v1/configs/clock17-u40-d52-p1-g0p15-sAREA_1/config.json"], "config": "/home/ubuntu/FlowGuard-recovery/results/exhaustive_clock_sweep_v1/configs/clock17-u40-d52-p1-g0p15-sAREA_1/config.json", "config_sha256": "afe654d2e33c22891ef7546738dce15d63ab7efa75a3ec1608ff84ea2cab514b", "effective_config_sha256": "8be1ffa7f0df3b44e8018b98a54c92270671c36f640cb1bc31299a77243f3b0f", "exit_code": 0, "failure_metadata": null, "failure_stage": null, "finished_at": "2026-09-15T19:50:32.802144Z", "metadata": {"environment": {"executable": "/home/ubuntu/FlowGuard-recovery/.venv/openlane/bin/python", "librelane_container_image": "ghcr.io/librelane/librelane@sha256:f91b21d75f79871f9ccf37451020b5d2f7b3236881a997ff709c561e8280a30f", "librelane_version": "3.0.14", "machine": "aarch64", "pdk": "sky130A", "pdk_revision": "8afc8346a57fe1ab7934ba5a6056ea8b43078e71", "pdk_root": "/home/ubuntu/.ciel", "platform": "Linux-6.17.0-1020-oracle-aarch64-with-glibc2.39", "python_version": "3.12.3", "std_cell_library": "sky130_fd_sc_hd"}, "environment_sha256": "93e51540bdc6ca00204f9afa642f6ce447eab3a253dcc174a6800569c93b4ec8", "executable": "/home/ubuntu/FlowGuard-recovery/.venv/openlane/bin/python", "git": {"commit": "359473443d47ade8cffa73ed61aa68e306d0c17c", "dirty": true}, "host": "openclaw", "librelane_container_image": "ghcr.io/librelane/librelane@sha256:f91b21d75f79871f9ccf37451020b5d2f7b3236881a997ff709c561e8280a30f", "librelane_version": "3.0.14", "pdk": "sky130A", "pdk_revision": "8afc8346a57fe1ab7934ba5a6056ea8b43078e71", "pdk_root": "/home/ubuntu/.ciel", "python_version": "3.12.3", "run_directory": "/home/ubuntu/FlowGuard-recovery/results/exhaustive_clock_sweep_v1/runs/trial_clock17-u40-d52-p1-g0p15-sAREA_1", "source_tree_sha256": "173b5f72887a56d254b5b14313fa6dec371b9b4a8bc652b50ceec1d31503ee61", "std_cell_library": "sky130_fd_sc_hd", "sys_executable": "/home/ubuntu/FlowGuard-recovery/.venv/openlane/bin/python"}, "runtime_s": 191.0601990550058, "started_at": "2026-09-15T19:47:21.737756Z", "status": "SUCCESS", "terminal_status": "SUCCESS", "trial_id": "clock17-u40-d52-p1-g0p15-sAREA_1"}
2026-09-15T19:50:33Z [exhaustive_clock_sweep_v1] start clock17-u40-d52-p1-g0p15-sAREA_2 timeout=1800s
{"command": ["/home/ubuntu/FlowGuard-recovery/.venv/openlane/bin/python", "-m", "librelane", "--docker-no-tty", "--dockerized", "--pdk-root", "/home/ubuntu/.ciel", "--pdk", "sky130A", "--scl", "sky130_fd_sc_hd", "--run-tag", "trial_clock17-u40-d52-p1-g0p15-sAREA_2", "/home/ubuntu/FlowGuard-recovery/results/exhaustive_clock_sweep_v1/configs/clock17-u40-d52-p1-g0p15-sAREA_2/config.json"], "config": "/home/ubuntu/FlowGuard-recovery/results/exhaustive_clock_sweep_v1/configs/clock17-u40-d52-p1-g0p15-sAREA_2/config.json", "config_sha256": "c4a31459e72b266334bcb87ed20bdc7d850187ad71c23178edb5194a44a706b9", "effective_config_sha256": "24001fcd553af3d2a81c56ec4d16ae68104cb815b4f021e84996bf8449df3d20", "exit_code": 0, "failure_metadata": null, "failure_stage": null, "finished_at": "2026-09-15T19:53:30.722881Z", "metadata": {"environment": {"executable": "/home/ubuntu/FlowGuard-recovery/.venv/openlane/bin/python", "librelane_container_image": "ghcr.io/librelane/librelane@sha256:f91b21d75f79871f9ccf37451020b5d2f7b3236881a997ff709c561e8280a30f", "librelane_version": "3.0.14", "machine": "aarch64", "pdk": "sky130A", "pdk_revision": "8afc8346a57fe1ab7934ba5a6056ea8b43078e71", "pdk_root": "/home/ubuntu/.ciel", "platform": "Linux-6.17.0-1020-oracle-aarch64-with-glibc2.39", "python_version": "3.12.3", "std_cell_library": "sky130_fd_sc_hd"}, "environment_sha256": "93e51540bdc6ca00204f9afa642f6ce447eab3a253dcc174a6800569c93b4ec8", "executable": "/home/ubuntu/FlowGuard-recovery/.venv/openlane/bin/python", "git": {"commit": "359473443d47ade8cffa73ed61aa68e306d0c17c", "dirty": true}, "host": "openclaw", "librelane_container_image": "ghcr.io/librelane/librelane@sha256:f91b21d75f79871f9ccf37451020b5d2f7b3236881a997ff709c561e8280a30f", "librelane_version": "3.0.14", "pdk": "sky130A", "pdk_revision": "8afc8346a57fe1ab7934ba5a6056ea8b43078e71", "pdk_root": "/home/ubuntu/.ciel", "python_version": "3.12.3", "run_directory": "/home/ubuntu/FlowGuard-recovery/results/exhaustive_clock_sweep_v1/runs/trial_clock17-u40-d52-p1-g0p15-sAREA_2", "source_tree_sha256": "173b5f72887a56d254b5b14313fa6dec371b9b4a8bc652b50ceec1d31503ee61", "std_cell_library": "sky130_fd_sc_hd", "sys_executable": "/home/ubuntu/FlowGuard-recovery/.venv/openlane/bin/python"}, "runtime_s": 177.42710222199094, "started_at": "2026-09-15T19:50:33.291908Z", "status": "SUCCESS", "terminal_status": "SUCCESS", "trial_id": "clock17-u40-d52-p1-g0p15-sAREA_2"}
2026-09-15T19:53:31Z [exhaustive_clock_sweep_v1] start clock17-u40-d52-p1-g0p20-sAREA_0 timeout=1800s
{"command": ["/home/ubuntu/FlowGuard-recovery/.venv/openlane/bin/python", "-m", "librelane", "--docker-no-tty", "--dockerized", "--pdk-root", "/home/ubuntu/.ciel", "--pdk", "sky130A", "--scl", "sky130_fd_sc_hd", "--run-tag", "trial_clock17-u40-d52-p1-g0p20-sAREA_0", "/home/ubuntu/FlowGuard-recovery/results/exhaustive_clock_sweep_v1/configs/clock17-u40-d52-p1-g0p20-sAREA_0/config.json"], "config": "/home/ubuntu/FlowGuard-recovery/results/exhaustive_clock_sweep_v1/configs/clock17-u40-d52-p1-g0p20-sAREA_0/config.json", "config_sha256": "60b577e8bdcf88b15c6f04f0e61cbe5362a062ddfac843329f5f35b07b48d14e", "effective_config_sha256": "8ff32014a98ca35fdb0a423771be451ae69c09b0028b8bc38b2919f8a4121eaa", "exit_code": 0, "failure_metadata": null, "failure_stage": null, "finished_at": "2026-09-15T19:56:51.176326Z", "metadata": {"environment": {"executable": "/home/ubuntu/FlowGuard-recovery/.venv/openlane/bin/python", "librelane_container_image": "ghcr.io/librelane/librelane@sha256:f91b21d75f79871f9ccf37451020b5d2f7b3236881a997ff709c561e8280a30f", "librelane_version": "3.0.14", "machine": "aarch64", "pdk": "sky130A", "pdk_revision": "8afc8346a57fe1ab7934ba5a6056ea8b43078e71", "pdk_root": "/home/ubuntu/.ciel", "platform": "Linux-6.17.0-1020-oracle-aarch64-with-glibc2.39", "python_version": "3.12.3", "std_cell_library": "sky130_fd_sc_hd"}, "environment_sha256": "93e51540bdc6ca00204f9afa642f6ce447eab3a253dcc174a6800569c93b4ec8", "executable": "/home/ubuntu/FlowGuard-recovery/.venv/openlane/bin/python", "git": {"commit": "359473443d47ade8cffa73ed61aa68e306d0c17c", "dirty": true}, "host": "openclaw", "librelane_container_image": "ghcr.io/librelane/librelane@sha256:f91b21d75f79871f9ccf37451020b5d2f7b3236881a997ff709c561e8280a30f", "librelane_version": "3.0.14", "pdk": "sky130A", "pdk_revision": "8afc8346a57fe1ab7934ba5a6056ea8b43078e71", "pdk_root": "/home/ubuntu/.ciel", "python_version": "3.12.3", "run_directory": "/home/ubuntu/FlowGuard-recovery/results/exhaustive_clock_sweep_v1/runs/trial_clock17-u40-d52-p1-g0p20-sAREA_0", "source_tree_sha256": "173b5f72887a56d254b5b14313fa6dec371b9b4a8bc652b50ceec1d31503ee61", "std_cell_library": "sky130_fd_sc_hd", "sys_executable": "/home/ubuntu/FlowGuard-recovery/.venv/openlane/bin/python"}, "runtime_s": 199.9246876690304, "started_at": "2026-09-15T19:53:31.247512Z", "status": "SUCCESS", "terminal_status": "SUCCESS", "trial_id": "clock17-u40-d52-p1-g0p20-sAREA_0"}
2026-09-15T19:56:51Z [exhaustive_clock_sweep_v1] start clock17-u40-d52-p1-g0p20-sAREA_1 timeout=1800s
{"command": ["/home/ubuntu/FlowGuard-recovery/.venv/openlane/bin/python", "-m", "librelane", "--docker-no-tty", "--dockerized", "--pdk-root", "/home/ubuntu/.ciel", "--pdk", "sky130A", "--scl", "sky130_fd_sc_hd", "--run-tag", "trial_clock17-u40-d52-p1-g0p20-sAREA_1", "/home/ubuntu/FlowGuard-recovery/results/exhaustive_clock_sweep_v1/configs/clock17-u40-d52-p1-g0p20-sAREA_1/config.json"], "config": "/home/ubuntu/FlowGuard-recovery/results/exhaustive_clock_sweep_v1/configs/clock17-u40-d52-p1-g0p20-sAREA_1/config.json", "config_sha256": "4a25ed2cda1737919bdd6783e8f96e8caa968552b110366a61d53ff40f59bfed", "effective_config_sha256": "2b80c2c33bc76133fc10b430f68721ac4f8d02b71ab8ce572fef97b46070a75e", "exit_code": 0, "failure_metadata": null, "failure_stage": null, "finished_at": "2026-09-15T19:59:43.504711Z", "metadata": {"environment": {"executable": "/home/ubuntu/FlowGuard-recovery/.venv/openlane/bin/python", "librelane_container_image": "ghcr.io/librelane/librelane@sha256:f91b21d75f79871f9ccf37451020b5d2f7b3236881a997ff709c561e8280a30f", "librelane_version": "3.0.14", "machine": "aarch64", "pdk": "sky130A", "pdk_revision": "8afc8346a57fe1ab7934ba5a6056ea8b43078e71", "pdk_root": "/home/ubuntu/.ciel", "platform": "Linux-6.17.0-1020-oracle-aarch64-with-glibc2.39", "python_version": "3.12.3", "std_cell_library": "sky130_fd_sc_hd"}, "environment_sha256": "93e51540bdc6ca00204f9afa642f6ce447eab3a253dcc174a6800569c93b4ec8", "executable": "/home/ubuntu/FlowGuard-recovery/.venv/openlane/bin/python", "git": {"commit": "359473443d47ade8cffa73ed61aa68e306d0c17c", "dirty": true}, "host": "openclaw", "librelane_container_image": "ghcr.io/librelane/librelane@sha256:f91b21d75f79871f9ccf37451020b5d2f7b3236881a997ff709c561e8280a30f", "librelane_version": "3.0.14", "pdk": "sky130A", "pdk_revision": "8afc8346a57fe1ab7934ba5a6056ea8b43078e71", "pdk_root": "/home/ubuntu/.ciel", "python_version": "3.12.3", "run_directory": "/home/ubuntu/FlowGuard-recovery/results/exhaustive_clock_sweep_v1/runs/trial_clock17-u40-d52-p1-g0p20-sAREA_1", "source_tree_sha256": "173b5f72887a56d254b5b14313fa6dec371b9b4a8bc652b50ceec1d31503ee61", "std_cell_library": "sky130_fd_sc_hd", "sys_executable": "/home/ubuntu/FlowGuard-recovery/.venv/openlane/bin/python"}, "runtime_s": 171.8455526800244, "started_at": "2026-09-15T19:56:51.654803Z", "status": "SUCCESS", "terminal_status": "SUCCESS", "trial_id": "clock17-u40-d52-p1-g0p20-sAREA_1"}
2026-09-15T19:59:43Z [exhaustive_clock_sweep_v1] start clock17-u40-d52-p1-g0p20-sAREA_2 timeout=1800s
{"command": ["/home/ubuntu/FlowGuard-recovery/.venv/openlane/bin/python", "-m", "librelane", "--docker-no-tty", "--dockerized", "--pdk-root", "/home/ubuntu/.ciel", "--pdk", "sky130A", "--scl", "sky130_fd_sc_hd", "--run-tag", "trial_clock17-u40-d52-p1-g0p20-sAREA_2", "/home/ubuntu/FlowGuard-recovery/results/exhaustive_clock_sweep_v1/configs/clock17-u40-d52-p1-g0p20-sAREA_2/config.json"], "config": "/home/ubuntu/FlowGuard-recovery/results/exhaustive_clock_sweep_v1/configs/clock17-u40-d52-p1-g0p20-sAREA_2/config.json", "config_sha256": "4a51d46d77d73bc3f1576569aae897cc0787208b8ba4fe0bfd3d591b63f89089", "effective_config_sha256": "88fc86eabe4ce799e9e6fda64fea82bb56d1035245a59e5dbddf5b4717a749e2", "exit_code": 0, "failure_metadata": null, "failure_stage": null, "finished_at": "2026-09-15T20:03:12.830928Z", "metadata": {"environment": {"executable": "/home/ubuntu/FlowGuard-recovery/.venv/openlane/bin/python", "librelane_container_image": "ghcr.io/librelane/librelane@sha256:f91b21d75f79871f9ccf37451020b5d2f7b3236881a997ff709c561e8280a30f", "librelane_version": "3.0.14", "machine": "aarch64", "pdk": "sky130A", "pdk_revision": "8afc8346a57fe1ab7934ba5a6056ea8b43078e71", "pdk_root": "/home/ubuntu/.ciel", "platform": "Linux-6.17.0-1020-oracle-aarch64-with-glibc2.39", "python_version": "3.12.3", "std_cell_library": "sky130_fd_sc_hd"}, "environment_sha256": "93e51540bdc6ca00204f9afa642f6ce447eab3a253dcc174a6800569c93b4ec8", "executable": "/home/ubuntu/FlowGuard-recovery/.venv/openlane/bin/python", "git": {"commit": "359473443d47ade8cffa73ed61aa68e306d0c17c", "dirty": true}, "host": "openclaw", "librelane_container_image": "ghcr.io/librelane/librelane@sha256:f91b21d75f79871f9ccf37451020b5d2f7b3236881a997ff709c561e8280a30f", "librelane_version": "3.0.14", "pdk": "sky130A", "pdk_revision": "8afc8346a57fe1ab7934ba5a6056ea8b43078e71", "pdk_root": "/home/ubuntu/.ciel", "python_version": "3.12.3", "run_directory": "/home/ubuntu/FlowGuard-recovery/results/exhaustive_clock_sweep_v1/runs/trial_clock17-u40-d52-p1-g0p20-sAREA_2", "source_tree_sha256": "173b5f72887a56d254b5b14313fa6dec371b9b4a8bc652b50ceec1d31503ee61", "std_cell_library": "sky130_fd_sc_hd", "sys_executable": "/home/ubuntu/FlowGuard-recovery/.venv/openlane/bin/python"}, "runtime_s": 208.84387750300812, "started_at": "2026-09-15T19:59:43.982737Z", "status": "SUCCESS", "terminal_status": "SUCCESS", "trial_id": "clock17-u40-d52-p1-g0p20-sAREA_2"}
2026-09-15T20:03:13Z [exhaustive_clock_sweep_v1] start clock17-u40-d52-p2-g0p05-sAREA_0 timeout=1800s
{"command": ["/home/ubuntu/FlowGuard-recovery/.venv/openlane/bin/python", "-m", "librelane", "--docker-no-tty", "--dockerized", "--pdk-root", "/home/ubuntu/.ciel", "--pdk", "sky130A", "--scl", "sky130_fd_sc_hd", "--run-tag", "trial_clock17-u40-d52-p2-g0p05-sAREA_0", "/home/ubuntu/FlowGuard-recovery/results/exhaustive_clock_sweep_v1/configs/clock17-u40-d52-p2-g0p05-sAREA_0/config.json"], "config": "/home/ubuntu/FlowGuard-recovery/results/exhaustive_clock_sweep_v1/configs/clock17-u40-d52-p2-g0p05-sAREA_0/config.json", "config_sha256": "dfbcfc96454bcb2fdc40f558e7b48167fed21155fde4a938e5324bd8b8afc8fd", "effective_config_sha256": "9e6e86add5888705118b5dab1f900bd6c8489195903b9cfdae6dcdff2d99102a", "exit_code": 0, "failure_metadata": null, "failure_stage": null, "finished_at": "2026-09-15T20:06:32.182421Z", "metadata": {"environment": {"executable": "/home/ubuntu/FlowGuard-recovery/.venv/openlane/bin/python", "librelane_container_image": "ghcr.io/librelane/librelane@sha256:f91b21d75f79871f9ccf37451020b5d2f7b3236881a997ff709c561e8280a30f", "librelane_version": "3.0.14", "machine": "aarch64", "pdk": "sky130A", "pdk_revision": "8afc8346a57fe1ab7934ba5a6056ea8b43078e71", "pdk_root": "/home/ubuntu/.ciel", "platform": "Linux-6.17.0-1020-oracle-aarch64-with-glibc2.39", "python_version": "3.12.3", "std_cell_library": "sky130_fd_sc_hd"}, "environment_sha256": "93e51540bdc6ca00204f9afa642f6ce447eab3a253dcc174a6800569c93b4ec8", "executable": "/home/ubuntu/FlowGuard-recovery/.venv/openlane/bin/python", "git": {"commit": "359473443d47ade8cffa73ed61aa68e306d0c17c", "dirty": true}, "host": "openclaw", "librelane_container_image": "ghcr.io/librelane/librelane@sha256:f91b21d75f79871f9ccf37451020b5d2f7b3236881a997ff709c561e8280a30f", "librelane_version": "3.0.14", "pdk": "sky130A", "pdk_revision": "8afc8346a57fe1ab7934ba5a6056ea8b43078e71", "pdk_root": "/home/ubuntu/.ciel", "python_version": "3.12.3", "run_directory": "/home/ubuntu/FlowGuard-recovery/results/exhaustive_clock_sweep_v1/runs/trial_clock17-u40-d52-p2-g0p05-sAREA_0", "source_tree_sha256": "173b5f72887a56d254b5b14313fa6dec371b9b4a8bc652b50ceec1d31503ee61", "std_cell_library": "sky130_fd_sc_hd", "sys_executable": "/home/ubuntu/FlowGuard-recovery/.venv/openlane/bin/python"}, "runtime_s": 198.84660342999268, "started_at": "2026-09-15T20:03:13.331612Z", "status": "SUCCESS", "terminal_status": "SUCCESS", "trial_id": "clock17-u40-d52-p2-g0p05-sAREA_0"}
2026-09-15T20:06:32Z [exhaustive_clock_sweep_v1] start clock17-u40-d52-p2-g0p05-sAREA_1 timeout=1800s
{"command": ["/home/ubuntu/FlowGuard-recovery/.venv/openlane/bin/python", "-m", "librelane", "--docker-no-tty", "--dockerized", "--pdk-root", "/home/ubuntu/.ciel", "--pdk", "sky130A", "--scl", "sky130_fd_sc_hd", "--run-tag", "trial_clock17-u40-d52-p2-g0p05-sAREA_1", "/home/ubuntu/FlowGuard-recovery/results/exhaustive_clock_sweep_v1/configs/clock17-u40-d52-p2-g0p05-sAREA_1/config.json"], "config": "/home/ubuntu/FlowGuard-recovery/results/exhaustive_clock_sweep_v1/configs/clock17-u40-d52-p2-g0p05-sAREA_1/config.json", "config_sha256": "ae3702bfaa34427f841857eb75f091e45309773abd4daf238dcd514c2b5080a3", "effective_config_sha256": "b8f28d58cae7dba483f5d2c9c05989ce0e045b8e7c152a66f3e6305f9cae0692", "exit_code": 0, "failure_metadata": null, "failure_stage": null, "finished_at": "2026-09-15T20:09:25.958401Z", "metadata": {"environment": {"executable": "/home/ubuntu/FlowGuard-recovery/.venv/openlane/bin/python", "librelane_container_image": "ghcr.io/librelane/librelane@sha256:f91b21d75f79871f9ccf37451020b5d2f7b3236881a997ff709c561e8280a30f", "librelane_version": "3.0.14", "machine": "aarch64", "pdk": "sky130A", "pdk_revision": "8afc8346a57fe1ab7934ba5a6056ea8b43078e71", "pdk_root": "/home/ubuntu/.ciel", "platform": "Linux-6.17.0-1020-oracle-aarch64-with-glibc2.39", "python_version": "3.12.3", "std_cell_library": "sky130_fd_sc_hd"}, "environment_sha256": "93e51540bdc6ca00204f9afa642f6ce447eab3a253dcc174a6800569c93b4ec8", "executable": "/home/ubuntu/FlowGuard-recovery/.venv/openlane/bin/python", "git": {"commit": "359473443d47ade8cffa73ed61aa68e306d0c17c", "dirty": true}, "host": "openclaw", "librelane_container_image": "ghcr.io/librelane/librelane@sha256:f91b21d75f79871f9ccf37451020b5d2f7b3236881a997ff709c561e8280a30f", "librelane_version": "3.0.14", "pdk": "sky130A", "pdk_revision": "8afc8346a57fe1ab7934ba5a6056ea8b43078e71", "pdk_root": "/home/ubuntu/.ciel", "python_version": "3.12.3", "run_directory": "/home/ubuntu/FlowGuard-recovery/results/exhaustive_clock_sweep_v1/runs/trial_clock17-u40-d52-p2-g0p05-sAREA_1", "source_tree_sha256": "173b5f72887a56d254b5b14313fa6dec371b9b4a8bc652b50ceec1d31503ee61", "std_cell_library": "sky130_fd_sc_hd", "sys_executable": "/home/ubuntu/FlowGuard-recovery/.venv/openlane/bin/python"}, "runtime_s": 173.28158216999145, "started_at": "2026-09-15T20:06:32.672692Z", "status": "SUCCESS", "terminal_status": "SUCCESS", "trial_id": "clock17-u40-d52-p2-g0p05-sAREA_1"}
2026-09-15T20:09:26Z [exhaustive_clock_sweep_v1] start clock17-u40-d52-p2-g0p05-sAREA_2 timeout=1800s
{"command": ["/home/ubuntu/FlowGuard-recovery/.venv/openlane/bin/python", "-m", "librelane", "--docker-no-tty", "--dockerized", "--pdk-root", "/home/ubuntu/.ciel", "--pdk", "sky130A", "--scl", "sky130_fd_sc_hd", "--run-tag", "trial_clock17-u40-d52-p2-g0p05-sAREA_2", "/home/ubuntu/FlowGuard-recovery/results/exhaustive_clock_sweep_v1/configs/clock17-u40-d52-p2-g0p05-sAREA_2/config.json"], "config": "/home/ubuntu/FlowGuard-recovery/results/exhaustive_clock_sweep_v1/configs/clock17-u40-d52-p2-g0p05-sAREA_2/config.json", "config_sha256": "6347d6a9563d62b042af4bcf54e8c218bc89756b63aa978995a52be5d0f0fbd6", "effective_config_sha256": "92c094dd1328bf0a0ff098b429832ab575b0768024153c3cd9ebfb3a82a4f12d", "exit_code": 0, "failure_metadata": null, "failure_stage": null, "finished_at": "2026-09-15T20:12:17.641739Z", "metadata": {"environment": {"executable": "/home/ubuntu/FlowGuard-recovery/.venv/openlane/bin/python", "librelane_container_image": "ghcr.io/librelane/librelane@sha256:f91b21d75f79871f9ccf37451020b5d2f7b3236881a997ff709c561e8280a30f", "librelane_version": "3.0.14", "machine": "aarch64", "pdk": "sky130A", "pdk_revision": "8afc8346a57fe1ab7934ba5a6056ea8b43078e71", "pdk_root": "/home/ubuntu/.ciel", "platform": "Linux-6.17.0-1020-oracle-aarch64-with-glibc2.39", "python_version": "3.12.3", "std_cell_library": "sky130_fd_sc_hd"}, "environment_sha256": "93e51540bdc6ca00204f9afa642f6ce447eab3a253dcc174a6800569c93b4ec8", "executable": "/home/ubuntu/FlowGuard-recovery/.venv/openlane/bin/python", "git": {"commit": "359473443d47ade8cffa73ed61aa68e306d0c17c", "dirty": true}, "host": "openclaw", "librelane_container_image": "ghcr.io/librelane/librelane@sha256:f91b21d75f79871f9ccf37451020b5d2f7b3236881a997ff709c561e8280a30f", "librelane_version": "3.0.14", "pdk": "sky130A", "pdk_revision": "8afc8346a57fe1ab7934ba5a6056ea8b43078e71", "pdk_root": "/home/ubuntu/.ciel", "python_version": "3.12.3", "run_directory": "/home/ubuntu/FlowGuard-recovery/results/exhaustive_clock_sweep_v1/runs/trial_clock17-u40-d52-p2-g0p05-sAREA_2", "source_tree_sha256": "173b5f72887a56d254b5b14313fa6dec371b9b4a8bc652b50ceec1d31503ee61", "std_cell_library": "sky130_fd_sc_hd", "sys_executable": "/home/ubuntu/FlowGuard-recovery/.venv/openlane/bin/python"}, "runtime_s": 171.19960200501373, "started_at": "2026-09-15T20:09:26.438212Z", "status": "SUCCESS", "terminal_status": "SUCCESS", "trial_id": "clock17-u40-d52-p2-g0p05-sAREA_2"}
2026-09-15T20:12:18Z [exhaustive_clock_sweep_v1] start clock17-u40-d52-p2-g0p10-sAREA_0 timeout=1800s
{"command": ["/home/ubuntu/FlowGuard-recovery/.venv/openlane/bin/python", "-m", "librelane", "--docker-no-tty", "--dockerized", "--pdk-root", "/home/ubuntu/.ciel", "--pdk", "sky130A", "--scl", "sky130_fd_sc_hd", "--run-tag", "trial_clock17-u40-d52-p2-g0p10-sAREA_0", "/home/ubuntu/FlowGuard-recovery/results/exhaustive_clock_sweep_v1/configs/clock17-u40-d52-p2-g0p10-sAREA_0/config.json"], "config": "/home/ubuntu/FlowGuard-recovery/results/exhaustive_clock_sweep_v1/configs/clock17-u40-d52-p2-g0p10-sAREA_0/config.json", "config_sha256": "434b89e7185975ea49ea825b0ff8fdcb40cae4bdb856d7caaa5c88abd7d795e6", "effective_config_sha256": "c5eedaab7bc3c8c08428857d0d09590c33d46f8ac1d36e5a4e4927e7d35f08ab", "exit_code": 0, "failure_metadata": null, "failure_stage": null, "finished_at": "2026-09-15T20:15:44.131594Z", "metadata": {"environment": {"executable": "/home/ubuntu/FlowGuard-recovery/.venv/openlane/bin/python", "librelane_container_image": "ghcr.io/librelane/librelane@sha256:f91b21d75f79871f9ccf37451020b5d2f7b3236881a997ff709c561e8280a30f", "librelane_version": "3.0.14", "machine": "aarch64", "pdk": "sky130A", "pdk_revision": "8afc8346a57fe1ab7934ba5a6056ea8b43078e71", "pdk_root": "/home/ubuntu/.ciel", "platform": "Linux-6.17.0-1020-oracle-aarch64-with-glibc2.39", "python_version": "3.12.3", "std_cell_library": "sky130_fd_sc_hd"}, "environment_sha256": "93e51540bdc6ca00204f9afa642f6ce447eab3a253dcc174a6800569c93b4ec8", "executable": "/home/ubuntu/FlowGuard-recovery/.venv/openlane/bin/python", "git": {"commit": "359473443d47ade8cffa73ed61aa68e306d0c17c", "dirty": true}, "host": "openclaw", "librelane_container_image": "ghcr.io/librelane/librelane@sha256:f91b21d75f79871f9ccf37451020b5d2f7b3236881a997ff709c561e8280a30f", "librelane_version": "3.0.14", "pdk": "sky130A", "pdk_revision": "8afc8346a57fe1ab7934ba5a6056ea8b43078e71", "pdk_root": "/home/ubuntu/.ciel", "python_version": "3.12.3", "run_directory": "/home/ubuntu/FlowGuard-recovery/results/exhaustive_clock_sweep_v1/runs/trial_clock17-u40-d52-p2-g0p10-sAREA_0", "source_tree_sha256": "173b5f72887a56d254b5b14313fa6dec371b9b4a8bc652b50ceec1d31503ee61", "std_cell_library": "sky130_fd_sc_hd", "sys_executable": "/home/ubuntu/FlowGuard-recovery/.venv/openlane/bin/python"}, "runtime_s": 206.01786573702702, "started_at": "2026-09-15T20:12:18.109830Z", "status": "SUCCESS", "terminal_status": "SUCCESS", "trial_id": "clock17-u40-d52-p2-g0p10-sAREA_0"}
2026-09-15T20:15:44Z [exhaustive_clock_sweep_v1] start clock17-u40-d52-p2-g0p10-sAREA_1 timeout=1800s
{"command": ["/home/ubuntu/FlowGuard-recovery/.venv/openlane/bin/python", "-m", "librelane", "--docker-no-tty", "--dockerized", "--pdk-root", "/home/ubuntu/.ciel", "--pdk", "sky130A", "--scl", "sky130_fd_sc_hd", "--run-tag", "trial_clock17-u40-d52-p2-g0p10-sAREA_1", "/home/ubuntu/FlowGuard-recovery/results/exhaustive_clock_sweep_v1/configs/clock17-u40-d52-p2-g0p10-sAREA_1/config.json"], "config": "/home/ubuntu/FlowGuard-recovery/results/exhaustive_clock_sweep_v1/configs/clock17-u40-d52-p2-g0p10-sAREA_1/config.json", "config_sha256": "7e25b6dea0042c6561afbfcafc1a28e801ec851a5704632f038e14bd17cc43a4", "effective_config_sha256": "ba859a7a9e2fc56d6762655d776557014e9b4124e823966ec56bc553ed8dec94", "exit_code": 0, "failure_metadata": null, "failure_stage": null, "finished_at": "2026-09-15T20:18:36.233234Z", "metadata": {"environment": {"executable": "/home/ubuntu/FlowGuard-recovery/.venv/openlane/bin/python", "librelane_container_image": "ghcr.io/librelane/librelane@sha256:f91b21d75f79871f9ccf37451020b5d2f7b3236881a997ff709c561e8280a30f", "librelane_version": "3.0.14", "machine": "aarch64", "pdk": "sky130A", "pdk_revision": "8afc8346a57fe1ab7934ba5a6056ea8b43078e71", "pdk_root": "/home/ubuntu/.ciel", "platform": "Linux-6.17.0-1020-oracle-aarch64-with-glibc2.39", "python_version": "3.12.3", "std_cell_library": "sky130_fd_sc_hd"}, "environment_sha256": "93e51540bdc6ca00204f9afa642f6ce447eab3a253dcc174a6800569c93b4ec8", "executable": "/home/ubuntu/FlowGuard-recovery/.venv/openlane/bin/python", "git": {"commit": "359473443d47ade8cffa73ed61aa68e306d0c17c", "dirty": true}, "host": "openclaw", "librelane_container_image": "ghcr.io/librelane/librelane@sha256:f91b21d75f79871f9ccf37451020b5d2f7b3236881a997ff709c561e8280a30f", "librelane_version": "3.0.14", "pdk": "sky130A", "pdk_revision": "8afc8346a57fe1ab7934ba5a6056ea8b43078e71", "pdk_root": "/home/ubuntu/.ciel", "python_version": "3.12.3", "run_directory": "/home/ubuntu/FlowGuard-recovery/results/exhaustive_clock_sweep_v1/runs/trial_clock17-u40-d52-p2-g0p10-sAREA_1", "source_tree_sha256": "173b5f72887a56d254b5b14313fa6dec371b9b4a8bc652b50ceec1d31503ee61", "std_cell_library": "sky130_fd_sc_hd", "sys_executable": "/home/ubuntu/FlowGuard-recovery/.venv/openlane/bin/python"}, "runtime_s": 171.6200909340405, "started_at": "2026-09-15T20:15:44.609131Z", "status": "SUCCESS", "terminal_status": "SUCCESS", "trial_id": "clock17-u40-d52-p2-g0p10-sAREA_1"}
2026-09-15T20:18:36Z [exhaustive_clock_sweep_v1] start clock17-u40-d52-p2-g0p10-sAREA_2 timeout=1800s
{"command": ["/home/ubuntu/FlowGuard-recovery/.venv/openlane/bin/python", "-m", "librelane", "--docker-no-tty", "--dockerized", "--pdk-root", "/home/ubuntu/.ciel", "--pdk", "sky130A", "--scl", "sky130_fd_sc_hd", "--run-tag", "trial_clock17-u40-d52-p2-g0p10-sAREA_2", "/home/ubuntu/FlowGuard-recovery/results/exhaustive_clock_sweep_v1/configs/clock17-u40-d52-p2-g0p10-sAREA_2/config.json"], "config": "/home/ubuntu/FlowGuard-recovery/results/exhaustive_clock_sweep_v1/configs/clock17-u40-d52-p2-g0p10-sAREA_2/config.json", "config_sha256": "f9ad972976c5f2d3b1f3341b69118836765198e83f8b39390e555b3e4b6dd6cc", "effective_config_sha256": "6190d79256510a57bd8cf9368c01598f3f5ed85eb96b76acd873c650bfb111ec", "exit_code": 0, "failure_metadata": null, "failure_stage": null, "finished_at": "2026-09-15T20:21:56.072097Z", "metadata": {"environment": {"executable": "/home/ubuntu/FlowGuard-recovery/.venv/openlane/bin/python", "librelane_container_image": "ghcr.io/librelane/librelane@sha256:f91b21d75f79871f9ccf37451020b5d2f7b3236881a997ff709c561e8280a30f", "librelane_version": "3.0.14", "machine": "aarch64", "pdk": "sky130A", "pdk_revision": "8afc8346a57fe1ab7934ba5a6056ea8b43078e71", "pdk_root": "/home/ubuntu/.ciel", "platform": "Linux-6.17.0-1020-oracle-aarch64-with-glibc2.39", "python_version": "3.12.3", "std_cell_library": "sky130_fd_sc_hd"}, "environment_sha256": "93e51540bdc6ca00204f9afa642f6ce447eab3a253dcc174a6800569c93b4ec8", "executable": "/home/ubuntu/FlowGuard-recovery/.venv/openlane/bin/python", "git": {"commit": "359473443d47ade8cffa73ed61aa68e306d0c17c", "dirty": true}, "host": "openclaw", "librelane_container_image": "ghcr.io/librelane/librelane@sha256:f91b21d75f79871f9ccf37451020b5d2f7b3236881a997ff709c561e8280a30f", "librelane_version": "3.0.14", "pdk": "sky130A", "pdk_revision": "8afc8346a57fe1ab7934ba5a6056ea8b43078e71", "pdk_root": "/home/ubuntu/.ciel", "python_version": "3.12.3", "run_directory": "/home/ubuntu/FlowGuard-recovery/results/exhaustive_clock_sweep_v1/runs/trial_clock17-u40-d52-p2-g0p10-sAREA_2", "source_tree_sha256": "173b5f72887a56d254b5b14313fa6dec371b9b4a8bc652b50ceec1d31503ee61", "std_cell_library": "sky130_fd_sc_hd", "sys_executable": "/home/ubuntu/FlowGuard-recovery/.venv/openlane/bin/python"}, "runtime_s": 199.35231592698256, "started_at": "2026-09-15T20:18:36.715594Z", "status": "SUCCESS", "terminal_status": "SUCCESS", "trial_id": "clock17-u40-d52-p2-g0p10-sAREA_2"}
2026-09-15T20:21:56Z [exhaustive_clock_sweep_v1] start clock17-u40-d52-p2-g0p15-sAREA_0 timeout=1800s
{"command": ["/home/ubuntu/FlowGuard-recovery/.venv/openlane/bin/python", "-m", "librelane", "--docker-no-tty", "--dockerized", "--pdk-root", "/home/ubuntu/.ciel", "--pdk", "sky130A", "--scl", "sky130_fd_sc_hd", "--run-tag", "trial_clock17-u40-d52-p2-g0p15-sAREA_0", "/home/ubuntu/FlowGuard-recovery/results/exhaustive_clock_sweep_v1/configs/clock17-u40-d52-p2-g0p15-sAREA_0/config.json"], "config": "/home/ubuntu/FlowGuard-recovery/results/exhaustive_clock_sweep_v1/configs/clock17-u40-d52-p2-g0p15-sAREA_0/config.json", "config_sha256": "c5127c57833b16a1d7cb41ca594b1debaea16d28a85d5eca72dffb3e41ce0e0d", "effective_config_sha256": "2724fdf77063c8f0cf0f1b9bd1813bfd20c057fd59b594024ffafbabd4b4b61e", "exit_code": 0, "failure_metadata": null, "failure_stage": null, "finished_at": "2026-09-15T20:25:40.626586Z", "metadata": {"environment": {"executable": "/home/ubuntu/FlowGuard-recovery/.venv/openlane/bin/python", "librelane_container_image": "ghcr.io/librelane/librelane@sha256:f91b21d75f79871f9ccf37451020b5d2f7b3236881a997ff709c561e8280a30f", "librelane_version": "3.0.14", "machine": "aarch64", "pdk": "sky130A", "pdk_revision": "8afc8346a57fe1ab7934ba5a6056ea8b43078e71", "pdk_root": "/home/ubuntu/.ciel", "platform": "Linux-6.17.0-1020-oracle-aarch64-with-glibc2.39", "python_version": "3.12.3", "std_cell_library": "sky130_fd_sc_hd"}, "environment_sha256": "93e51540bdc6ca00204f9afa642f6ce447eab3a253dcc174a6800569c93b4ec8", "executable": "/home/ubuntu/FlowGuard-recovery/.venv/openlane/bin/python", "git": {"commit": "359473443d47ade8cffa73ed61aa68e306d0c17c", "dirty": true}, "host": "openclaw", "librelane_container_image": "ghcr.io/librelane/librelane@sha256:f91b21d75f79871f9ccf37451020b5d2f7b3236881a997ff709c561e8280a30f", "librelane_version": "3.0.14", "pdk": "sky130A", "pdk_revision": "8afc8346a57fe1ab7934ba5a6056ea8b43078e71", "pdk_root": "/home/ubuntu/.ciel", "python_version": "3.12.3", "run_directory": "/home/ubuntu/FlowGuard-recovery/results/exhaustive_clock_sweep_v1/runs/trial_clock17-u40-d52-p2-g0p15-sAREA_0", "source_tree_sha256": "173b5f72887a56d254b5b14313fa6dec371b9b4a8bc652b50ceec1d31503ee61", "std_cell_library": "sky130_fd_sc_hd", "sys_executable": "/home/ubuntu/FlowGuard-recovery/.venv/openlane/bin/python"}, "runtime_s": 224.07786471798318, "started_at": "2026-09-15T20:21:56.544720Z", "status": "SUCCESS", "terminal_status": "SUCCESS", "trial_id": "clock17-u40-d52-p2-g0p15-sAREA_0"}
2026-09-15T20:25:41Z [exhaustive_clock_sweep_v1] start clock17-u40-d52-p2-g0p15-sAREA_1 timeout=1800s
{"command": ["/home/ubuntu/FlowGuard-recovery/.venv/openlane/bin/python", "-m", "librelane", "--docker-no-tty", "--dockerized", "--pdk-root", "/home/ubuntu/.ciel", "--pdk", "sky130A", "--scl", "sky130_fd_sc_hd", "--run-tag", "trial_clock17-u40-d52-p2-g0p15-sAREA_1", "/home/ubuntu/FlowGuard-recovery/results/exhaustive_clock_sweep_v1/configs/clock17-u40-d52-p2-g0p15-sAREA_1/config.json"], "config": "/home/ubuntu/FlowGuard-recovery/results/exhaustive_clock_sweep_v1/configs/clock17-u40-d52-p2-g0p15-sAREA_1/config.json", "config_sha256": "40003eae1f1f66ded003819bdd58282f66b329c15972d8e43043d2ee73da8e70", "effective_config_sha256": "89e24780fbdfc9a747f78ec194f776fee74b73d6893d15caaac746587264ac5c", "exit_code": 0, "failure_metadata": null, "failure_stage": null, "finished_at": "2026-09-15T20:28:27.112560Z", "metadata": {"environment": {"executable": "/home/ubuntu/FlowGuard-recovery/.venv/openlane/bin/python", "librelane_container_image": "ghcr.io/librelane/librelane@sha256:f91b21d75f79871f9ccf37451020b5d2f7b3236881a997ff709c561e8280a30f", "librelane_version": "3.0.14", "machine": "aarch64", "pdk": "sky130A", "pdk_revision": "8afc8346a57fe1ab7934ba5a6056ea8b43078e71", "pdk_root": "/home/ubuntu/.ciel", "platform": "Linux-6.17.0-1020-oracle-aarch64-with-glibc2.39", "python_version": "3.12.3", "std_cell_library": "sky130_fd_sc_hd"}, "environment_sha256": "93e51540bdc6ca00204f9afa642f6ce447eab3a253dcc174a6800569c93b4ec8", "executable": "/home/ubuntu/FlowGuard-recovery/.venv/openlane/bin/python", "git": {"commit": "359473443d47ade8cffa73ed61aa68e306d0c17c", "dirty": true}, "host": "openclaw", "librelane_container_image": "ghcr.io/librelane/librelane@sha256:f91b21d75f79871f9ccf37451020b5d2f7b3236881a997ff709c561e8280a30f", "librelane_version": "3.0.14", "pdk": "sky130A", "pdk_revision": "8afc8346a57fe1ab7934ba5a6056ea8b43078e71", "pdk_root": "/home/ubuntu/.ciel", "python_version": "3.12.3", "run_directory": "/home/ubuntu/FlowGuard-recovery/results/exhaustive_clock_sweep_v1/runs/trial_clock17-u40-d52-p2-g0p15-sAREA_1", "source_tree_sha256": "173b5f72887a56d254b5b14313fa6dec371b9b4a8bc652b50ceec1d31503ee61", "std_cell_library": "sky130_fd_sc_hd", "sys_executable": "/home/ubuntu/FlowGuard-recovery/.venv/openlane/bin/python"}, "runtime_s": 166.00718315003905, "started_at": "2026-09-15T20:25:41.101256Z", "status": "SUCCESS", "terminal_status": "SUCCESS", "trial_id": "clock17-u40-d52-p2-g0p15-sAREA_1"}
2026-09-15T20:28:27Z [exhaustive_clock_sweep_v1] start clock17-u40-d52-p2-g0p15-sAREA_2 timeout=1800s
{"command": ["/home/ubuntu/FlowGuard-recovery/.venv/openlane/bin/python", "-m", "librelane", "--docker-no-tty", "--dockerized", "--pdk-root", "/home/ubuntu/.ciel", "--pdk", "sky130A", "--scl", "sky130_fd_sc_hd", "--run-tag", "trial_clock17-u40-d52-p2-g0p15-sAREA_2", "/home/ubuntu/FlowGuard-recovery/results/exhaustive_clock_sweep_v1/configs/clock17-u40-d52-p2-g0p15-sAREA_2/config.json"], "config": "/home/ubuntu/FlowGuard-recovery/results/exhaustive_clock_sweep_v1/configs/clock17-u40-d52-p2-g0p15-sAREA_2/config.json", "config_sha256": "d829f5bd3f4b7e284d9bff83a9a1b78cfa84ffaefec3ab42fa7b7f3f63587021", "effective_config_sha256": "ffb4d69abee7471f512a6034b9c378d8060ac026b17dd06216cbaf81fdaf630a", "exit_code": 0, "failure_metadata": null, "failure_stage": null, "finished_at": "2026-09-15T20:31:04.924937Z", "metadata": {"environment": {"executable": "/home/ubuntu/FlowGuard-recovery/.venv/openlane/bin/python", "librelane_container_image": "ghcr.io/librelane/librelane@sha256:f91b21d75f79871f9ccf37451020b5d2f7b3236881a997ff709c561e8280a30f", "librelane_version": "3.0.14", "machine": "aarch64", "pdk": "sky130A", "pdk_revision": "8afc8346a57fe1ab7934ba5a6056ea8b43078e71", "pdk_root": "/home/ubuntu/.ciel", "platform": "Linux-6.17.0-1020-oracle-aarch64-with-glibc2.39", "python_version": "3.12.3", "std_cell_library": "sky130_fd_sc_hd"}, "environment_sha256": "93e51540bdc6ca00204f9afa642f6ce447eab3a253dcc174a6800569c93b4ec8", "executable": "/home/ubuntu/FlowGuard-recovery/.venv/openlane/bin/python", "git": {"commit": "359473443d47ade8cffa73ed61aa68e306d0c17c", "dirty": true}, "host": "openclaw", "librelane_container_image": "ghcr.io/librelane/librelane@sha256:f91b21d75f79871f9ccf37451020b5d2f7b3236881a997ff709c561e8280a30f", "librelane_version": "3.0.14", "pdk": "sky130A", "pdk_revision": "8afc8346a57fe1ab7934ba5a6056ea8b43078e71", "pdk_root": "/home/ubuntu/.ciel", "python_version": "3.12.3", "run_directory": "/home/ubuntu/FlowGuard-recovery/results/exhaustive_clock_sweep_v1/runs/trial_clock17-u40-d52-p2-g0p15-sAREA_2", "source_tree_sha256": "173b5f72887a56d254b5b14313fa6dec371b9b4a8bc652b50ceec1d31503ee61", "std_cell_library": "sky130_fd_sc_hd", "sys_executable": "/home/ubuntu/FlowGuard-recovery/.venv/openlane/bin/python"}, "runtime_s": 157.34269119403325, "started_at": "2026-09-15T20:28:27.578421Z", "status": "SUCCESS", "terminal_status": "SUCCESS", "trial_id": "clock17-u40-d52-p2-g0p15-sAREA_2"}
2026-09-15T20:31:05Z [exhaustive_clock_sweep_v1] start clock17-u40-d52-p2-g0p20-sAREA_0 timeout=1800s
{"command": ["/home/ubuntu/FlowGuard-recovery/.venv/openlane/bin/python", "-m", "librelane", "--docker-no-tty", "--dockerized", "--pdk-root", "/home/ubuntu/.ciel", "--pdk", "sky130A", "--scl", "sky130_fd_sc_hd", "--run-tag", "trial_clock17-u40-d52-p2-g0p20-sAREA_0", "/home/ubuntu/FlowGuard-recovery/results/exhaustive_clock_sweep_v1/configs/clock17-u40-d52-p2-g0p20-sAREA_0/config.json"], "config": "/home/ubuntu/FlowGuard-recovery/results/exhaustive_clock_sweep_v1/configs/clock17-u40-d52-p2-g0p20-sAREA_0/config.json", "config_sha256": "57df5ac7db6e5a3a61e0fed507ffbf953f3235ac8536e3c65be9244f9f337f5f", "effective_config_sha256": "26129d4c13fd71c1ebd3b29202a8b223a4e0d8dc3414a2d817567cdde31f0449", "exit_code": 0, "failure_metadata": null, "failure_stage": null, "finished_at": "2026-09-15T20:33:56.142482Z", "metadata": {"environment": {"executable": "/home/ubuntu/FlowGuard-recovery/.venv/openlane/bin/python", "librelane_container_image": "ghcr.io/librelane/librelane@sha256:f91b21d75f79871f9ccf37451020b5d2f7b3236881a997ff709c561e8280a30f", "librelane_version": "3.0.14", "machine": "aarch64", "pdk": "sky130A", "pdk_revision": "8afc8346a57fe1ab7934ba5a6056ea8b43078e71", "pdk_root": "/home/ubuntu/.ciel", "platform": "Linux-6.17.0-1020-oracle-aarch64-with-glibc2.39", "python_version": "3.12.3", "std_cell_library": "sky130_fd_sc_hd"}, "environment_sha256": "93e51540bdc6ca00204f9afa642f6ce447eab3a253dcc174a6800569c93b4ec8", "executable": "/home/ubuntu/FlowGuard-recovery/.venv/openlane/bin/python", "git": {"commit": "359473443d47ade8cffa73ed61aa68e306d0c17c", "dirty": true}, "host": "openclaw", "librelane_container_image": "ghcr.io/librelane/librelane@sha256:f91b21d75f79871f9ccf37451020b5d2f7b3236881a997ff709c561e8280a30f", "librelane_version": "3.0.14", "pdk": "sky130A", "pdk_revision": "8afc8346a57fe1ab7934ba5a6056ea8b43078e71", "pdk_root": "/home/ubuntu/.ciel", "python_version": "3.12.3", "run_directory": "/home/ubuntu/FlowGuard-recovery/results/exhaustive_clock_sweep_v1/runs/trial_clock17-u40-d52-p2-g0p20-sAREA_0", "source_tree_sha256": "173b5f72887a56d254b5b14313fa6dec371b9b4a8bc652b50ceec1d31503ee61", "std_cell_library": "sky130_fd_sc_hd", "sys_executable": "/home/ubuntu/FlowGuard-recovery/.venv/openlane/bin/python"}, "runtime_s": 170.74496039398946, "started_at": "2026-09-15T20:31:05.393468Z", "status": "SUCCESS", "terminal_status": "SUCCESS", "trial_id": "clock17-u40-d52-p2-g0p20-sAREA_0"}
2026-09-15T20:33:56Z [exhaustive_clock_sweep_v1] start clock17-u40-d52-p2-g0p20-sAREA_1 timeout=1800s
{"command": ["/home/ubuntu/FlowGuard-recovery/.venv/openlane/bin/python", "-m", "librelane", "--docker-no-tty", "--dockerized", "--pdk-root", "/home/ubuntu/.ciel", "--pdk", "sky130A", "--scl", "sky130_fd_sc_hd", "--run-tag", "trial_clock17-u40-d52-p2-g0p20-sAREA_1", "/home/ubuntu/FlowGuard-recovery/results/exhaustive_clock_sweep_v1/configs/clock17-u40-d52-p2-g0p20-sAREA_1/config.json"], "config": "/home/ubuntu/FlowGuard-recovery/results/exhaustive_clock_sweep_v1/configs/clock17-u40-d52-p2-g0p20-sAREA_1/config.json", "config_sha256": "8a8c3988249d2eb9c3ec3c3dd0f8f097dcbb0de097f9f0c735215fada5d38305", "effective_config_sha256": "69000d231440d6260ada1b918db6e751accf6e8886320f0e2fb0c8033ac29198", "exit_code": 0, "failure_metadata": null, "failure_stage": null, "finished_at": "2026-09-15T20:36:32.102301Z", "metadata": {"environment": {"executable": "/home/ubuntu/FlowGuard-recovery/.venv/openlane/bin/python", "librelane_container_image": "ghcr.io/librelane/librelane@sha256:f91b21d75f79871f9ccf37451020b5d2f7b3236881a997ff709c561e8280a30f", "librelane_version": "3.0.14", "machine": "aarch64", "pdk": "sky130A", "pdk_revision": "8afc8346a57fe1ab7934ba5a6056ea8b43078e71", "pdk_root": "/home/ubuntu/.ciel", "platform": "Linux-6.17.0-1020-oracle-aarch64-with-glibc2.39", "python_version": "3.12.3", "std_cell_library": "sky130_fd_sc_hd"}, "environment_sha256": "93e51540bdc6ca00204f9afa642f6ce447eab3a253dcc174a6800569c93b4ec8", "executable": "/home/ubuntu/FlowGuard-recovery/.venv/openlane/bin/python", "git": {"commit": "359473443d47ade8cffa73ed61aa68e306d0c17c", "dirty": true}, "host": "openclaw", "librelane_container_image": "ghcr.io/librelane/librelane@sha256:f91b21d75f79871f9ccf37451020b5d2f7b3236881a997ff709c561e8280a30f", "librelane_version": "3.0.14", "pdk": "sky130A", "pdk_revision": "8afc8346a57fe1ab7934ba5a6056ea8b43078e71", "pdk_root": "/home/ubuntu/.ciel", "python_version": "3.12.3", "run_directory": "/home/ubuntu/FlowGuard-recovery/results/exhaustive_clock_sweep_v1/runs/trial_clock17-u40-d52-p2-g0p20-sAREA_1", "source_tree_sha256": "173b5f72887a56d254b5b14313fa6dec371b9b4a8bc652b50ceec1d31503ee61", "std_cell_library": "sky130_fd_sc_hd", "sys_executable": "/home/ubuntu/FlowGuard-recovery/.venv/openlane/bin/python"}, "runtime_s": 155.4887789170025, "started_at": "2026-09-15T20:33:56.609107Z", "status": "SUCCESS", "terminal_status": "SUCCESS", "trial_id": "clock17-u40-d52-p2-g0p20-sAREA_1"}
2026-09-15T20:36:32Z [exhaustive_clock_sweep_v1] start clock17-u40-d52-p2-g0p20-sAREA_2 timeout=1800s
{"command": ["/home/ubuntu/FlowGuard-recovery/.venv/openlane/bin/python", "-m", "librelane", "--docker-no-tty", "--dockerized", "--pdk-root", "/home/ubuntu/.ciel", "--pdk", "sky130A", "--scl", "sky130_fd_sc_hd", "--run-tag", "trial_clock17-u40-d52-p2-g0p20-sAREA_2", "/home/ubuntu/FlowGuard-recovery/results/exhaustive_clock_sweep_v1/configs/clock17-u40-d52-p2-g0p20-sAREA_2/config.json"], "config": "/home/ubuntu/FlowGuard-recovery/results/exhaustive_clock_sweep_v1/configs/clock17-u40-d52-p2-g0p20-sAREA_2/config.json", "config_sha256": "4435cda2c512b6ff9329fae64997e0a37a3e161d5e762ca65567b50d5767fa9e", "effective_config_sha256": "7a292ce13ca0be87838222e28b33a64c81217847db09d891c4da1ef5b31c1abb", "exit_code": 0, "failure_metadata": null, "failure_stage": null, "finished_at": "2026-09-15T20:39:09.619740Z", "metadata": {"environment": {"executable": "/home/ubuntu/FlowGuard-recovery/.venv/openlane/bin/python", "librelane_container_image": "ghcr.io/librelane/librelane@sha256:f91b21d75f79871f9ccf37451020b5d2f7b3236881a997ff709c561e8280a30f", "librelane_version": "3.0.14", "machine": "aarch64", "pdk": "sky130A", "pdk_revision": "8afc8346a57fe1ab7934ba5a6056ea8b43078e71", "pdk_root": "/home/ubuntu/.ciel", "platform": "Linux-6.17.0-1020-oracle-aarch64-with-glibc2.39", "python_version": "3.12.3", "std_cell_library": "sky130_fd_sc_hd"}, "environment_sha256": "93e51540bdc6ca00204f9afa642f6ce447eab3a253dcc174a6800569c93b4ec8", "executable": "/home/ubuntu/FlowGuard-recovery/.venv/openlane/bin/python", "git": {"commit": "359473443d47ade8cffa73ed61aa68e306d0c17c", "dirty": true}, "host": "openclaw", "librelane_container_image": "ghcr.io/librelane/librelane@sha256:f91b21d75f79871f9ccf37451020b5d2f7b3236881a997ff709c561e8280a30f", "librelane_version": "3.0.14", "pdk": "sky130A", "pdk_revision": "8afc8346a57fe1ab7934ba5a6056ea8b43078e71", "pdk_root": "/home/ubuntu/.ciel", "python_version": "3.12.3", "run_directory": "/home/ubuntu/FlowGuard-recovery/results/exhaustive_clock_sweep_v1/runs/trial_clock17-u40-d52-p2-g0p20-sAREA_2", "source_tree_sha256": "173b5f72887a56d254b5b14313fa6dec371b9b4a8bc652b50ceec1d31503ee61", "std_cell_library": "sky130_fd_sc_hd", "sys_executable": "/home/ubuntu/FlowGuard-recovery/.venv/openlane/bin/python"}, "runtime_s": 157.0385365690454, "started_at": "2026-09-15T20:36:32.577203Z", "status": "SUCCESS", "terminal_status": "SUCCESS", "trial_id": "clock17-u40-d52-p2-g0p20-sAREA_2"}
2026-09-15T20:39:10Z [exhaustive_clock_sweep_v1] start clock15-u30-d38-p0-g0p05-sAREA_0 timeout=1800s
{"command": ["/home/ubuntu/FlowGuard-recovery/.venv/openlane/bin/python", "-m", "librelane", "--docker-no-tty", "--dockerized", "--pdk-root", "/home/ubuntu/.ciel", "--pdk", "sky130A", "--scl", "sky130_fd_sc_hd", "--run-tag", "trial_clock15-u30-d38-p0-g0p05-sAREA_0", "/home/ubuntu/FlowGuard-recovery/results/exhaustive_clock_sweep_v1/configs/clock15-u30-d38-p0-g0p05-sAREA_0/config.json"], "config": "/home/ubuntu/FlowGuard-recovery/results/exhaustive_clock_sweep_v1/configs/clock15-u30-d38-p0-g0p05-sAREA_0/config.json", "config_sha256": "97b66afda0eece9173a2dcbd9a711faacb4ed47eef8e37a4d802cfd1cbceebc8", "effective_config_sha256": "a94c008fe6af265c23a351c53c1cc2158b97ae74c6dd4b2a53270f7e7fdf8c38", "exit_code": 0, "failure_metadata": null, "failure_stage": null, "finished_at": "2026-09-15T20:41:45.270344Z", "metadata": {"environment": {"executable": "/home/ubuntu/FlowGuard-recovery/.venv/openlane/bin/python", "librelane_container_image": "ghcr.io/librelane/librelane@sha256:f91b21d75f79871f9ccf37451020b5d2f7b3236881a997ff709c561e8280a30f", "librelane_version": "3.0.14", "machine": "aarch64", "pdk": "sky130A", "pdk_revision": "8afc8346a57fe1ab7934ba5a6056ea8b43078e71", "pdk_root": "/home/ubuntu/.ciel", "platform": "Linux-6.17.0-1020-oracle-aarch64-with-glibc2.39", "python_version": "3.12.3", "std_cell_library": "sky130_fd_sc_hd"}, "environment_sha256": "93e51540bdc6ca00204f9afa642f6ce447eab3a253dcc174a6800569c93b4ec8", "executable": "/home/ubuntu/FlowGuard-recovery/.venv/openlane/bin/python", "git": {"commit": "359473443d47ade8cffa73ed61aa68e306d0c17c", "dirty": true}, "host": "openclaw", "librelane_container_image": "ghcr.io/librelane/librelane@sha256:f91b21d75f79871f9ccf37451020b5d2f7b3236881a997ff709c561e8280a30f", "librelane_version": "3.0.14", "pdk": "sky130A", "pdk_revision": "8afc8346a57fe1ab7934ba5a6056ea8b43078e71", "pdk_root": "/home/ubuntu/.ciel", "python_version": "3.12.3", "run_directory": "/home/ubuntu/FlowGuard-recovery/results/exhaustive_clock_sweep_v1/runs/trial_clock15-u30-d38-p0-g0p05-sAREA_0", "source_tree_sha256": "173b5f72887a56d254b5b14313fa6dec371b9b4a8bc652b50ceec1d31503ee61", "std_cell_library": "sky130_fd_sc_hd", "sys_executable": "/home/ubuntu/FlowGuard-recovery/.venv/openlane/bin/python"}, "runtime_s": 155.17194104002556, "started_at": "2026-09-15T20:39:10.094267Z", "status": "SUCCESS", "terminal_status": "SUCCESS", "trial_id": "clock15-u30-d38-p0-g0p05-sAREA_0"}
2026-09-15T20:41:45Z [exhaustive_clock_sweep_v1] start clock15-u30-d38-p0-g0p05-sAREA_1 timeout=1800s
{"command": ["/home/ubuntu/FlowGuard-recovery/.venv/openlane/bin/python", "-m", "librelane", "--docker-no-tty", "--dockerized", "--pdk-root", "/home/ubuntu/.ciel", "--pdk", "sky130A", "--scl", "sky130_fd_sc_hd", "--run-tag", "trial_clock15-u30-d38-p0-g0p05-sAREA_1", "/home/ubuntu/FlowGuard-recovery/results/exhaustive_clock_sweep_v1/configs/clock15-u30-d38-p0-g0p05-sAREA_1/config.json"], "config": "/home/ubuntu/FlowGuard-recovery/results/exhaustive_clock_sweep_v1/configs/clock15-u30-d38-p0-g0p05-sAREA_1/config.json", "config_sha256": "bb27a3fcfbdaa0977e7fed78c92434da435c9dd9f394fb98de16ebbdb0589aed", "effective_config_sha256": "ad3c0a664c32373a62841af50ab09d8ebfc42c01090b036687c5ccc365d45f14", "exit_code": 0, "failure_metadata": null, "failure_stage": null, "finished_at": "2026-09-15T20:44:32.461417Z", "metadata": {"environment": {"executable": "/home/ubuntu/FlowGuard-recovery/.venv/openlane/bin/python", "librelane_container_image": "ghcr.io/librelane/librelane@sha256:f91b21d75f79871f9ccf37451020b5d2f7b3236881a997ff709c561e8280a30f", "librelane_version": "3.0.14", "machine": "aarch64", "pdk": "sky130A", "pdk_revision": "8afc8346a57fe1ab7934ba5a6056ea8b43078e71", "pdk_root": "/home/ubuntu/.ciel", "platform": "Linux-6.17.0-1020-oracle-aarch64-with-glibc2.39", "python_version": "3.12.3", "std_cell_library": "sky130_fd_sc_hd"}, "environment_sha256": "93e51540bdc6ca00204f9afa642f6ce447eab3a253dcc174a6800569c93b4ec8", "executable": "/home/ubuntu/FlowGuard-recovery/.venv/openlane/bin/python", "git": {"commit": "359473443d47ade8cffa73ed61aa68e306d0c17c", "dirty": true}, "host": "openclaw", "librelane_container_image": "ghcr.io/librelane/librelane@sha256:f91b21d75f79871f9ccf37451020b5d2f7b3236881a997ff709c561e8280a30f", "librelane_version": "3.0.14", "pdk": "sky130A", "pdk_revision": "8afc8346a57fe1ab7934ba5a6056ea8b43078e71", "pdk_root": "/home/ubuntu/.ciel", "python_version": "3.12.3", "run_directory": "/home/ubuntu/FlowGuard-recovery/results/exhaustive_clock_sweep_v1/runs/trial_clock15-u30-d38-p0-g0p05-sAREA_1", "source_tree_sha256": "173b5f72887a56d254b5b14313fa6dec371b9b4a8bc652b50ceec1d31503ee61", "std_cell_library": "sky130_fd_sc_hd", "sys_executable": "/home/ubuntu/FlowGuard-recovery/.venv/openlane/bin/python"}, "runtime_s": 166.7252401250298, "started_at": "2026-09-15T20:41:45.732038Z", "status": "SUCCESS", "terminal_status": "SUCCESS", "trial_id": "clock15-u30-d38-p0-g0p05-sAREA_1"}
2026-09-15T20:44:32Z [exhaustive_clock_sweep_v1] start clock15-u30-d38-p0-g0p05-sAREA_2 timeout=1800s
{"command": ["/home/ubuntu/FlowGuard-recovery/.venv/openlane/bin/python", "-m", "librelane", "--docker-no-tty", "--dockerized", "--pdk-root", "/home/ubuntu/.ciel", "--pdk", "sky130A", "--scl", "sky130_fd_sc_hd", "--run-tag", "trial_clock15-u30-d38-p0-g0p05-sAREA_2", "/home/ubuntu/FlowGuard-recovery/results/exhaustive_clock_sweep_v1/configs/clock15-u30-d38-p0-g0p05-sAREA_2/config.json"], "config": "/home/ubuntu/FlowGuard-recovery/results/exhaustive_clock_sweep_v1/configs/clock15-u30-d38-p0-g0p05-sAREA_2/config.json", "config_sha256": "a4707c4ec6aaa2a0e9db21caddcc0fedec3072f1196d250f63272179ba13cb3c", "effective_config_sha256": "53da1f5f52e5c8b2476afeb917cc17d8e3cdd24727a63bd63468857829df9513", "exit_code": 0, "failure_metadata": null, "failure_stage": null, "finished_at": "2026-09-15T20:47:40.226606Z", "metadata": {"environment": {"executable": "/home/ubuntu/FlowGuard-recovery/.venv/openlane/bin/python", "librelane_container_image": "ghcr.io/librelane/librelane@sha256:f91b21d75f79871f9ccf37451020b5d2f7b3236881a997ff709c561e8280a30f", "librelane_version": "3.0.14", "machine": "aarch64", "pdk": "sky130A", "pdk_revision": "8afc8346a57fe1ab7934ba5a6056ea8b43078e71", "pdk_root": "/home/ubuntu/.ciel", "platform": "Linux-6.17.0-1020-oracle-aarch64-with-glibc2.39", "python_version": "3.12.3", "std_cell_library": "sky130_fd_sc_hd"}, "environment_sha256": "93e51540bdc6ca00204f9afa642f6ce447eab3a253dcc174a6800569c93b4ec8", "executable": "/home/ubuntu/FlowGuard-recovery/.venv/openlane/bin/python", "git": {"commit": "359473443d47ade8cffa73ed61aa68e306d0c17c", "dirty": true}, "host": "openclaw", "librelane_container_image": "ghcr.io/librelane/librelane@sha256:f91b21d75f79871f9ccf37451020b5d2f7b3236881a997ff709c561e8280a30f", "librelane_version": "3.0.14", "pdk": "sky130A", "pdk_revision": "8afc8346a57fe1ab7934ba5a6056ea8b43078e71", "pdk_root": "/home/ubuntu/.ciel", "python_version": "3.12.3", "run_directory": "/home/ubuntu/FlowGuard-recovery/results/exhaustive_clock_sweep_v1/runs/trial_clock15-u30-d38-p0-g0p05-sAREA_2", "source_tree_sha256": "173b5f72887a56d254b5b14313fa6dec371b9b4a8bc652b50ceec1d31503ee61", "std_cell_library": "sky130_fd_sc_hd", "sys_executable": "/home/ubuntu/FlowGuard-recovery/.venv/openlane/bin/python"}, "runtime_s": 187.292407113011, "started_at": "2026-09-15T20:44:32.930188Z", "status": "SUCCESS", "terminal_status": "SUCCESS", "trial_id": "clock15-u30-d38-p0-g0p05-sAREA_2"}
2026-09-15T20:47:40Z [exhaustive_clock_sweep_v1] start clock15-u30-d38-p0-g0p10-sAREA_0 timeout=1800s
{"command": ["/home/ubuntu/FlowGuard-recovery/.venv/openlane/bin/python", "-m", "librelane", "--docker-no-tty", "--dockerized", "--pdk-root", "/home/ubuntu/.ciel", "--pdk", "sky130A", "--scl", "sky130_fd_sc_hd", "--run-tag", "trial_clock15-u30-d38-p0-g0p10-sAREA_0", "/home/ubuntu/FlowGuard-recovery/results/exhaustive_clock_sweep_v1/configs/clock15-u30-d38-p0-g0p10-sAREA_0/config.json"], "config": "/home/ubuntu/FlowGuard-recovery/results/exhaustive_clock_sweep_v1/configs/clock15-u30-d38-p0-g0p10-sAREA_0/config.json", "config_sha256": "6717b90e83ce6b2314730d997a440386f1890e633edec41b0c96417c7de78717", "effective_config_sha256": "9db3b44c4821405c3b3629501a0c48c435c22073ff04b9b823d3e9815b073818", "exit_code": 0, "failure_metadata": null, "failure_stage": null, "finished_at": "2026-09-15T20:50:11.269290Z", "metadata": {"environment": {"executable": "/home/ubuntu/FlowGuard-recovery/.venv/openlane/bin/python", "librelane_container_image": "ghcr.io/librelane/librelane@sha256:f91b21d75f79871f9ccf37451020b5d2f7b3236881a997ff709c561e8280a30f", "librelane_version": "3.0.14", "machine": "aarch64", "pdk": "sky130A", "pdk_revision": "8afc8346a57fe1ab7934ba5a6056ea8b43078e71", "pdk_root": "/home/ubuntu/.ciel", "platform": "Linux-6.17.0-1020-oracle-aarch64-with-glibc2.39", "python_version": "3.12.3", "std_cell_library": "sky130_fd_sc_hd"}, "environment_sha256": "93e51540bdc6ca00204f9afa642f6ce447eab3a253dcc174a6800569c93b4ec8", "executable": "/home/ubuntu/FlowGuard-recovery/.venv/openlane/bin/python", "git": {"commit": "359473443d47ade8cffa73ed61aa68e306d0c17c", "dirty": true}, "host": "openclaw", "librelane_container_image": "ghcr.io/librelane/librelane@sha256:f91b21d75f79871f9ccf37451020b5d2f7b3236881a997ff709c561e8280a30f", "librelane_version": "3.0.14", "pdk": "sky130A", "pdk_revision": "8afc8346a57fe1ab7934ba5a6056ea8b43078e71", "pdk_root": "/home/ubuntu/.ciel", "python_version": "3.12.3", "run_directory": "/home/ubuntu/FlowGuard-recovery/results/exhaustive_clock_sweep_v1/runs/trial_clock15-u30-d38-p0-g0p10-sAREA_0", "source_tree_sha256": "173b5f72887a56d254b5b14313fa6dec371b9b4a8bc652b50ceec1d31503ee61", "std_cell_library": "sky130_fd_sc_hd", "sys_executable": "/home/ubuntu/FlowGuard-recovery/.venv/openlane/bin/python"}, "runtime_s": 150.5745615240303, "started_at": "2026-09-15T20:47:40.690639Z", "status": "SUCCESS", "terminal_status": "SUCCESS", "trial_id": "clock15-u30-d38-p0-g0p10-sAREA_0"}
2026-09-15T20:50:11Z [exhaustive_clock_sweep_v1] start clock15-u30-d38-p0-g0p10-sAREA_1 timeout=1800s
{"command": ["/home/ubuntu/FlowGuard-recovery/.venv/openlane/bin/python", "-m", "librelane", "--docker-no-tty", "--dockerized", "--pdk-root", "/home/ubuntu/.ciel", "--pdk", "sky130A", "--scl", "sky130_fd_sc_hd", "--run-tag", "trial_clock15-u30-d38-p0-g0p10-sAREA_1", "/home/ubuntu/FlowGuard-recovery/results/exhaustive_clock_sweep_v1/configs/clock15-u30-d38-p0-g0p10-sAREA_1/config.json"], "config": "/home/ubuntu/FlowGuard-recovery/results/exhaustive_clock_sweep_v1/configs/clock15-u30-d38-p0-g0p10-sAREA_1/config.json", "config_sha256": "c4d0ce21ae0408629825c40e89bcf75611f96d963d27505c10eee3a22b84fe78", "effective_config_sha256": "a59ac44faee8c28cfd899bc5b2076f8a11e66022840c6b68f4be57976c0347cd", "exit_code": 0, "failure_metadata": null, "failure_stage": null, "finished_at": "2026-09-15T20:52:52.148816Z", "metadata": {"environment": {"executable": "/home/ubuntu/FlowGuard-recovery/.venv/openlane/bin/python", "librelane_container_image": "ghcr.io/librelane/librelane@sha256:f91b21d75f79871f9ccf37451020b5d2f7b3236881a997ff709c561e8280a30f", "librelane_version": "3.0.14", "machine": "aarch64", "pdk": "sky130A", "pdk_revision": "8afc8346a57fe1ab7934ba5a6056ea8b43078e71", "pdk_root": "/home/ubuntu/.ciel", "platform": "Linux-6.17.0-1020-oracle-aarch64-with-glibc2.39", "python_version": "3.12.3", "std_cell_library": "sky130_fd_sc_hd"}, "environment_sha256": "93e51540bdc6ca00204f9afa642f6ce447eab3a253dcc174a6800569c93b4ec8", "executable": "/home/ubuntu/FlowGuard-recovery/.venv/openlane/bin/python", "git": {"commit": "359473443d47ade8cffa73ed61aa68e306d0c17c", "dirty": true}, "host": "openclaw", "librelane_container_image": "ghcr.io/librelane/librelane@sha256:f91b21d75f79871f9ccf37451020b5d2f7b3236881a997ff709c561e8280a30f", "librelane_version": "3.0.14", "pdk": "sky130A", "pdk_revision": "8afc8346a57fe1ab7934ba5a6056ea8b43078e71", "pdk_root": "/home/ubuntu/.ciel", "python_version": "3.12.3", "run_directory": "/home/ubuntu/FlowGuard-recovery/results/exhaustive_clock_sweep_v1/runs/trial_clock15-u30-d38-p0-g0p10-sAREA_1", "source_tree_sha256": "173b5f72887a56d254b5b14313fa6dec371b9b4a8bc652b50ceec1d31503ee61", "std_cell_library": "sky130_fd_sc_hd", "sys_executable": "/home/ubuntu/FlowGuard-recovery/.venv/openlane/bin/python"}, "runtime_s": 160.41381568700308, "started_at": "2026-09-15T20:50:11.730792Z", "status": "SUCCESS", "terminal_status": "SUCCESS", "trial_id": "clock15-u30-d38-p0-g0p10-sAREA_1"}
2026-09-15T20:52:52Z [exhaustive_clock_sweep_v1] start clock15-u30-d38-p0-g0p10-sAREA_2 timeout=1800s
{"command": ["/home/ubuntu/FlowGuard-recovery/.venv/openlane/bin/python", "-m", "librelane", "--docker-no-tty", "--dockerized", "--pdk-root", "/home/ubuntu/.ciel", "--pdk", "sky130A", "--scl", "sky130_fd_sc_hd", "--run-tag", "trial_clock15-u30-d38-p0-g0p10-sAREA_2", "/home/ubuntu/FlowGuard-recovery/results/exhaustive_clock_sweep_v1/configs/clock15-u30-d38-p0-g0p10-sAREA_2/config.json"], "config": "/home/ubuntu/FlowGuard-recovery/results/exhaustive_clock_sweep_v1/configs/clock15-u30-d38-p0-g0p10-sAREA_2/config.json", "config_sha256": "2d5d5a20089b5ac3b8c0508b8c486576541af6f3cb82cb6125f7d11d870345c2", "effective_config_sha256": "9874d31b5d3e49ab7116eb769d26a3c5d149f2cee0d9c0dbd3ea61fdb327ef5d", "exit_code": 0, "failure_metadata": null, "failure_stage": null, "finished_at": "2026-09-15T20:55:56.722590Z", "metadata": {"environment": {"executable": "/home/ubuntu/FlowGuard-recovery/.venv/openlane/bin/python", "librelane_container_image": "ghcr.io/librelane/librelane@sha256:f91b21d75f79871f9ccf37451020b5d2f7b3236881a997ff709c561e8280a30f", "librelane_version": "3.0.14", "machine": "aarch64", "pdk": "sky130A", "pdk_revision": "8afc8346a57fe1ab7934ba5a6056ea8b43078e71", "pdk_root": "/home/ubuntu/.ciel", "platform": "Linux-6.17.0-1020-oracle-aarch64-with-glibc2.39", "python_version": "3.12.3", "std_cell_library": "sky130_fd_sc_hd"}, "environment_sha256": "93e51540bdc6ca00204f9afa642f6ce447eab3a253dcc174a6800569c93b4ec8", "executable": "/home/ubuntu/FlowGuard-recovery/.venv/openlane/bin/python", "git": {"commit": "359473443d47ade8cffa73ed61aa68e306d0c17c", "dirty": true}, "host": "openclaw", "librelane_container_image": "ghcr.io/librelane/librelane@sha256:f91b21d75f79871f9ccf37451020b5d2f7b3236881a997ff709c561e8280a30f", "librelane_version": "3.0.14", "pdk": "sky130A", "pdk_revision": "8afc8346a57fe1ab7934ba5a6056ea8b43078e71", "pdk_root": "/home/ubuntu/.ciel", "python_version": "3.12.3", "run_directory": "/home/ubuntu/FlowGuard-recovery/results/exhaustive_clock_sweep_v1/runs/trial_clock15-u30-d38-p0-g0p10-sAREA_2", "source_tree_sha256": "173b5f72887a56d254b5b14313fa6dec371b9b4a8bc652b50ceec1d31503ee61", "std_cell_library": "sky130_fd_sc_hd", "sys_executable": "/home/ubuntu/FlowGuard-recovery/.venv/openlane/bin/python"}, "runtime_s": 184.09973590401933, "started_at": "2026-09-15T20:52:52.619030Z", "status": "SUCCESS", "terminal_status": "SUCCESS", "trial_id": "clock15-u30-d38-p0-g0p10-sAREA_2"}
2026-09-15T20:55:57Z [exhaustive_clock_sweep_v1] start clock15-u30-d38-p0-g0p15-sAREA_0 timeout=1800s
{"command": ["/home/ubuntu/FlowGuard-recovery/.venv/openlane/bin/python", "-m", "librelane", "--docker-no-tty", "--dockerized", "--pdk-root", "/home/ubuntu/.ciel", "--pdk", "sky130A", "--scl", "sky130_fd_sc_hd", "--run-tag", "trial_clock15-u30-d38-p0-g0p15-sAREA_0", "/home/ubuntu/FlowGuard-recovery/results/exhaustive_clock_sweep_v1/configs/clock15-u30-d38-p0-g0p15-sAREA_0/config.json"], "config": "/home/ubuntu/FlowGuard-recovery/results/exhaustive_clock_sweep_v1/configs/clock15-u30-d38-p0-g0p15-sAREA_0/config.json", "config_sha256": "31db663616d237188456468d0e5e152950a54f2538f4bba56895a5c2c07631a4", "effective_config_sha256": "4ee4e892350b53d72b92129e91e61da50a9e3140547f1e761a3f63015e8a1ee9", "exit_code": 0, "failure_metadata": null, "failure_stage": null, "finished_at": "2026-09-15T20:58:57.506224Z", "metadata": {"environment": {"executable": "/home/ubuntu/FlowGuard-recovery/.venv/openlane/bin/python", "librelane_container_image": "ghcr.io/librelane/librelane@sha256:f91b21d75f79871f9ccf37451020b5d2f7b3236881a997ff709c561e8280a30f", "librelane_version": "3.0.14", "machine": "aarch64", "pdk": "sky130A", "pdk_revision": "8afc8346a57fe1ab7934ba5a6056ea8b43078e71", "pdk_root": "/home/ubuntu/.ciel", "platform": "Linux-6.17.0-1020-oracle-aarch64-with-glibc2.39", "python_version": "3.12.3", "std_cell_library": "sky130_fd_sc_hd"}, "environment_sha256": "93e51540bdc6ca00204f9afa642f6ce447eab3a253dcc174a6800569c93b4ec8", "executable": "/home/ubuntu/FlowGuard-recovery/.venv/openlane/bin/python", "git": {"commit": "359473443d47ade8cffa73ed61aa68e306d0c17c", "dirty": true}, "host": "openclaw", "librelane_container_image": "ghcr.io/librelane/librelane@sha256:f91b21d75f79871f9ccf37451020b5d2f7b3236881a997ff709c561e8280a30f", "librelane_version": "3.0.14", "pdk": "sky130A", "pdk_revision": "8afc8346a57fe1ab7934ba5a6056ea8b43078e71", "pdk_root": "/home/ubuntu/.ciel", "python_version": "3.12.3", "run_directory": "/home/ubuntu/FlowGuard-recovery/results/exhaustive_clock_sweep_v1/runs/trial_clock15-u30-d38-p0-g0p15-sAREA_0", "source_tree_sha256": "173b5f72887a56d254b5b14313fa6dec371b9b4a8bc652b50ceec1d31503ee61", "std_cell_library": "sky130_fd_sc_hd", "sys_executable": "/home/ubuntu/FlowGuard-recovery/.venv/openlane/bin/python"}, "runtime_s": 180.31484199600527, "started_at": "2026-09-15T20:55:57.187182Z", "status": "SUCCESS", "terminal_status": "SUCCESS", "trial_id": "clock15-u30-d38-p0-g0p15-sAREA_0"}
2026-09-15T20:58:57Z [exhaustive_clock_sweep_v1] start clock15-u30-d38-p0-g0p15-sAREA_1 timeout=1800s
{"command": ["/home/ubuntu/FlowGuard-recovery/.venv/openlane/bin/python", "-m", "librelane", "--docker-no-tty", "--dockerized", "--pdk-root", "/home/ubuntu/.ciel", "--pdk", "sky130A", "--scl", "sky130_fd_sc_hd", "--run-tag", "trial_clock15-u30-d38-p0-g0p15-sAREA_1", "/home/ubuntu/FlowGuard-recovery/results/exhaustive_clock_sweep_v1/configs/clock15-u30-d38-p0-g0p15-sAREA_1/config.json"], "config": "/home/ubuntu/FlowGuard-recovery/results/exhaustive_clock_sweep_v1/configs/clock15-u30-d38-p0-g0p15-sAREA_1/config.json", "config_sha256": "7a8bb8bcfd3722598ff8c4ccd838e3d0feb5df305d0a902bbf87540894af61ba", "effective_config_sha256": "3ab3c2d04c30974f5b609e5134d9c8fb4670d9e310deaa6c0dabfc135ac5ae30", "exit_code": 0, "failure_metadata": null, "failure_stage": null, "finished_at": "2026-09-15T21:02:06.416666Z", "metadata": {"environment": {"executable": "/home/ubuntu/FlowGuard-recovery/.venv/openlane/bin/python", "librelane_container_image": "ghcr.io/librelane/librelane@sha256:f91b21d75f79871f9ccf37451020b5d2f7b3236881a997ff709c561e8280a30f", "librelane_version": "3.0.14", "machine": "aarch64", "pdk": "sky130A", "pdk_revision": "8afc8346a57fe1ab7934ba5a6056ea8b43078e71", "pdk_root": "/home/ubuntu/.ciel", "platform": "Linux-6.17.0-1020-oracle-aarch64-with-glibc2.39", "python_version": "3.12.3", "std_cell_library": "sky130_fd_sc_hd"}, "environment_sha256": "93e51540bdc6ca00204f9afa642f6ce447eab3a253dcc174a6800569c93b4ec8", "executable": "/home/ubuntu/FlowGuard-recovery/.venv/openlane/bin/python", "git": {"commit": "359473443d47ade8cffa73ed61aa68e306d0c17c", "dirty": true}, "host": "openclaw", "librelane_container_image": "ghcr.io/librelane/librelane@sha256:f91b21d75f79871f9ccf37451020b5d2f7b3236881a997ff709c561e8280a30f", "librelane_version": "3.0.14", "pdk": "sky130A", "pdk_revision": "8afc8346a57fe1ab7934ba5a6056ea8b43078e71", "pdk_root": "/home/ubuntu/.ciel", "python_version": "3.12.3", "run_directory": "/home/ubuntu/FlowGuard-recovery/results/exhaustive_clock_sweep_v1/runs/trial_clock15-u30-d38-p0-g0p15-sAREA_1", "source_tree_sha256": "173b5f72887a56d254b5b14313fa6dec371b9b4a8bc652b50ceec1d31503ee61", "std_cell_library": "sky130_fd_sc_hd", "sys_executable": "/home/ubuntu/FlowGuard-recovery/.venv/openlane/bin/python"}, "runtime_s": 188.4384073499823, "started_at": "2026-09-15T20:58:57.974185Z", "status": "SUCCESS", "terminal_status": "SUCCESS", "trial_id": "clock15-u30-d38-p0-g0p15-sAREA_1"}
2026-09-15T21:02:06Z [exhaustive_clock_sweep_v1] start clock15-u30-d38-p0-g0p15-sAREA_2 timeout=1800s
{"command": ["/home/ubuntu/FlowGuard-recovery/.venv/openlane/bin/python", "-m", "librelane", "--docker-no-tty", "--dockerized", "--pdk-root", "/home/ubuntu/.ciel", "--pdk", "sky130A", "--scl", "sky130_fd_sc_hd", "--run-tag", "trial_clock15-u30-d38-p0-g0p15-sAREA_2", "/home/ubuntu/FlowGuard-recovery/results/exhaustive_clock_sweep_v1/configs/clock15-u30-d38-p0-g0p15-sAREA_2/config.json"], "config": "/home/ubuntu/FlowGuard-recovery/results/exhaustive_clock_sweep_v1/configs/clock15-u30-d38-p0-g0p15-sAREA_2/config.json", "config_sha256": "b1ac87386a029849e2e65d6745bd30188387d88a28dd85a1f9223eeed65d3570", "effective_config_sha256": "f6a290de4b621840acd55de7da715b88834519feb71407aed54bec77ef5c1f46", "exit_code": 0, "failure_metadata": null, "failure_stage": null, "finished_at": "2026-09-15T21:04:42.153661Z", "metadata": {"environment": {"executable": "/home/ubuntu/FlowGuard-recovery/.venv/openlane/bin/python", "librelane_container_image": "ghcr.io/librelane/librelane@sha256:f91b21d75f79871f9ccf37451020b5d2f7b3236881a997ff709c561e8280a30f", "librelane_version": "3.0.14", "machine": "aarch64", "pdk": "sky130A", "pdk_revision": "8afc8346a57fe1ab7934ba5a6056ea8b43078e71", "pdk_root": "/home/ubuntu/.ciel", "platform": "Linux-6.17.0-1020-oracle-aarch64-with-glibc2.39", "python_version": "3.12.3", "std_cell_library": "sky130_fd_sc_hd"}, "environment_sha256": "93e51540bdc6ca00204f9afa642f6ce447eab3a253dcc174a6800569c93b4ec8", "executable": "/home/ubuntu/FlowGuard-recovery/.venv/openlane/bin/python", "git": {"commit": "359473443d47ade8cffa73ed61aa68e306d0c17c", "dirty": true}, "host": "openclaw", "librelane_container_image": "ghcr.io/librelane/librelane@sha256:f91b21d75f79871f9ccf37451020b5d2f7b3236881a997ff709c561e8280a30f", "librelane_version": "3.0.14", "pdk": "sky130A", "pdk_revision": "8afc8346a57fe1ab7934ba5a6056ea8b43078e71", "pdk_root": "/home/ubuntu/.ciel", "python_version": "3.12.3", "run_directory": "/home/ubuntu/FlowGuard-recovery/results/exhaustive_clock_sweep_v1/runs/trial_clock15-u30-d38-p0-g0p15-sAREA_2", "source_tree_sha256": "173b5f72887a56d254b5b14313fa6dec371b9b4a8bc652b50ceec1d31503ee61", "std_cell_library": "sky130_fd_sc_hd", "sys_executable": "/home/ubuntu/FlowGuard-recovery/.venv/openlane/bin/python"}, "runtime_s": 155.2610151200206, "started_at": "2026-09-15T21:02:06.888591Z", "status": "SUCCESS", "terminal_status": "SUCCESS", "trial_id": "clock15-u30-d38-p0-g0p15-sAREA_2"}
2026-09-15T21:04:42Z [exhaustive_clock_sweep_v1] start clock15-u30-d38-p0-g0p20-sAREA_0 timeout=1800s
{"command": ["/home/ubuntu/FlowGuard-recovery/.venv/openlane/bin/python", "-m", "librelane", "--docker-no-tty", "--dockerized", "--pdk-root", "/home/ubuntu/.ciel", "--pdk", "sky130A", "--scl", "sky130_fd_sc_hd", "--run-tag", "trial_clock15-u30-d38-p0-g0p20-sAREA_0", "/home/ubuntu/FlowGuard-recovery/results/exhaustive_clock_sweep_v1/configs/clock15-u30-d38-p0-g0p20-sAREA_0/config.json"], "config": "/home/ubuntu/FlowGuard-recovery/results/exhaustive_clock_sweep_v1/configs/clock15-u30-d38-p0-g0p20-sAREA_0/config.json", "config_sha256": "8d41c5bccfc1573a18d22eda3984596a0c63dd381192596e290af1a95879e864", "effective_config_sha256": "4f162aa0f12e77f2e22fec3cd9e7ecc2bcc975e992f69cbb16ea4e47af3b109b", "exit_code": 0, "failure_metadata": null, "failure_stage": null, "finished_at": "2026-09-15T21:07:41.140993Z", "metadata": {"environment": {"executable": "/home/ubuntu/FlowGuard-recovery/.venv/openlane/bin/python", "librelane_container_image": "ghcr.io/librelane/librelane@sha256:f91b21d75f79871f9ccf37451020b5d2f7b3236881a997ff709c561e8280a30f", "librelane_version": "3.0.14", "machine": "aarch64", "pdk": "sky130A", "pdk_revision": "8afc8346a57fe1ab7934ba5a6056ea8b43078e71", "pdk_root": "/home/ubuntu/.ciel", "platform": "Linux-6.17.0-1020-oracle-aarch64-with-glibc2.39", "python_version": "3.12.3", "std_cell_library": "sky130_fd_sc_hd"}, "environment_sha256": "93e51540bdc6ca00204f9afa642f6ce447eab3a253dcc174a6800569c93b4ec8", "executable": "/home/ubuntu/FlowGuard-recovery/.venv/openlane/bin/python", "git": {"commit": "359473443d47ade8cffa73ed61aa68e306d0c17c", "dirty": true}, "host": "openclaw", "librelane_container_image": "ghcr.io/librelane/librelane@sha256:f91b21d75f79871f9ccf37451020b5d2f7b3236881a997ff709c561e8280a30f", "librelane_version": "3.0.14", "pdk": "sky130A", "pdk_revision": "8afc8346a57fe1ab7934ba5a6056ea8b43078e71", "pdk_root": "/home/ubuntu/.ciel", "python_version": "3.12.3", "run_directory": "/home/ubuntu/FlowGuard-recovery/results/exhaustive_clock_sweep_v1/runs/trial_clock15-u30-d38-p0-g0p20-sAREA_0", "source_tree_sha256": "173b5f72887a56d254b5b14313fa6dec371b9b4a8bc652b50ceec1d31503ee61", "std_cell_library": "sky130_fd_sc_hd", "sys_executable": "/home/ubuntu/FlowGuard-recovery/.venv/openlane/bin/python"}, "runtime_s": 178.52382206800394, "started_at": "2026-09-15T21:04:42.613174Z", "status": "SUCCESS", "terminal_status": "SUCCESS", "trial_id": "clock15-u30-d38-p0-g0p20-sAREA_0"}
2026-09-15T21:07:41Z [exhaustive_clock_sweep_v1] start clock15-u30-d38-p0-g0p20-sAREA_1 timeout=1800s
{"command": ["/home/ubuntu/FlowGuard-recovery/.venv/openlane/bin/python", "-m", "librelane", "--docker-no-tty", "--dockerized", "--pdk-root", "/home/ubuntu/.ciel", "--pdk", "sky130A", "--scl", "sky130_fd_sc_hd", "--run-tag", "trial_clock15-u30-d38-p0-g0p20-sAREA_1", "/home/ubuntu/FlowGuard-recovery/results/exhaustive_clock_sweep_v1/configs/clock15-u30-d38-p0-g0p20-sAREA_1/config.json"], "config": "/home/ubuntu/FlowGuard-recovery/results/exhaustive_clock_sweep_v1/configs/clock15-u30-d38-p0-g0p20-sAREA_1/config.json", "config_sha256": "afd5622e9e08f376683f20967440a2aa8425e990172fd469396df123b73cef05", "effective_config_sha256": "2eaee0db25e7c35d3f4ff09bbb1612c2f503e46ff76db24704504bc8555b2129", "exit_code": 0, "failure_metadata": null, "failure_stage": null, "finished_at": "2026-09-15T21:10:19.540277Z", "metadata": {"environment": {"executable": "/home/ubuntu/FlowGuard-recovery/.venv/openlane/bin/python", "librelane_container_image": "ghcr.io/librelane/librelane@sha256:f91b21d75f79871f9ccf37451020b5d2f7b3236881a997ff709c561e8280a30f", "librelane_version": "3.0.14", "machine": "aarch64", "pdk": "sky130A", "pdk_revision": "8afc8346a57fe1ab7934ba5a6056ea8b43078e71", "pdk_root": "/home/ubuntu/.ciel", "platform": "Linux-6.17.0-1020-oracle-aarch64-with-glibc2.39", "python_version": "3.12.3", "std_cell_library": "sky130_fd_sc_hd"}, "environment_sha256": "93e51540bdc6ca00204f9afa642f6ce447eab3a253dcc174a6800569c93b4ec8", "executable": "/home/ubuntu/FlowGuard-recovery/.venv/openlane/bin/python", "git": {"commit": "359473443d47ade8cffa73ed61aa68e306d0c17c", "dirty": true}, "host": "openclaw", "librelane_container_image": "ghcr.io/librelane/librelane@sha256:f91b21d75f79871f9ccf37451020b5d2f7b3236881a997ff709c561e8280a30f", "librelane_version": "3.0.14", "pdk": "sky130A", "pdk_revision": "8afc8346a57fe1ab7934ba5a6056ea8b43078e71", "pdk_root": "/home/ubuntu/.ciel", "python_version": "3.12.3", "run_directory": "/home/ubuntu/FlowGuard-recovery/results/exhaustive_clock_sweep_v1/runs/trial_clock15-u30-d38-p0-g0p20-sAREA_1", "source_tree_sha256": "173b5f72887a56d254b5b14313fa6dec371b9b4a8bc652b50ceec1d31503ee61", "std_cell_library": "sky130_fd_sc_hd", "sys_executable": "/home/ubuntu/FlowGuard-recovery/.venv/openlane/bin/python"}, "runtime_s": 157.91806045902194, "started_at": "2026-09-15T21:07:41.618333Z", "status": "SUCCESS", "terminal_status": "SUCCESS", "trial_id": "clock15-u30-d38-p0-g0p20-sAREA_1"}
2026-09-15T21:10:19Z [exhaustive_clock_sweep_v1] start clock15-u30-d38-p0-g0p20-sAREA_2 timeout=1800s
{"command": ["/home/ubuntu/FlowGuard-recovery/.venv/openlane/bin/python", "-m", "librelane", "--docker-no-tty", "--dockerized", "--pdk-root", "/home/ubuntu/.ciel", "--pdk", "sky130A", "--scl", "sky130_fd_sc_hd", "--run-tag", "trial_clock15-u30-d38-p0-g0p20-sAREA_2", "/home/ubuntu/FlowGuard-recovery/results/exhaustive_clock_sweep_v1/configs/clock15-u30-d38-p0-g0p20-sAREA_2/config.json"], "config": "/home/ubuntu/FlowGuard-recovery/results/exhaustive_clock_sweep_v1/configs/clock15-u30-d38-p0-g0p20-sAREA_2/config.json", "config_sha256": "b3fa56e271c1b140dc2968f571008c715f1eb3253047e8b24ee9f1370ecf6e08", "effective_config_sha256": "5ce465e10caee6aa806261ac43f722c77daf0aa8f8437b3462e9f6324a103238", "exit_code": 0, "failure_metadata": null, "failure_stage": null, "finished_at": "2026-09-15T21:13:19.651190Z", "metadata": {"environment": {"executable": "/home/ubuntu/FlowGuard-recovery/.venv/openlane/bin/python", "librelane_container_image": "ghcr.io/librelane/librelane@sha256:f91b21d75f79871f9ccf37451020b5d2f7b3236881a997ff709c561e8280a30f", "librelane_version": "3.0.14", "machine": "aarch64", "pdk": "sky130A", "pdk_revision": "8afc8346a57fe1ab7934ba5a6056ea8b43078e71", "pdk_root": "/home/ubuntu/.ciel", "platform": "Linux-6.17.0-1020-oracle-aarch64-with-glibc2.39", "python_version": "3.12.3", "std_cell_library": "sky130_fd_sc_hd"}, "environment_sha256": "93e51540bdc6ca00204f9afa642f6ce447eab3a253dcc174a6800569c93b4ec8", "executable": "/home/ubuntu/FlowGuard-recovery/.venv/openlane/bin/python", "git": {"commit": "359473443d47ade8cffa73ed61aa68e306d0c17c", "dirty": true}, "host": "openclaw", "librelane_container_image": "ghcr.io/librelane/librelane@sha256:f91b21d75f79871f9ccf37451020b5d2f7b3236881a997ff709c561e8280a30f", "librelane_version": "3.0.14", "pdk": "sky130A", "pdk_revision": "8afc8346a57fe1ab7934ba5a6056ea8b43078e71", "pdk_root": "/home/ubuntu/.ciel", "python_version": "3.12.3", "run_directory": "/home/ubuntu/FlowGuard-recovery/results/exhaustive_clock_sweep_v1/runs/trial_clock15-u30-d38-p0-g0p20-sAREA_2", "source_tree_sha256": "173b5f72887a56d254b5b14313fa6dec371b9b4a8bc652b50ceec1d31503ee61", "std_cell_library": "sky130_fd_sc_hd", "sys_executable": "/home/ubuntu/FlowGuard-recovery/.venv/openlane/bin/python"}, "runtime_s": 179.6372843820136, "started_at": "2026-09-15T21:10:20.009855Z", "status": "SUCCESS", "terminal_status": "SUCCESS", "trial_id": "clock15-u30-d38-p0-g0p20-sAREA_2"}
2026-09-15T21:13:20Z [exhaustive_clock_sweep_v1] start clock15-u30-d38-p1-g0p05-sAREA_0 timeout=1800s
{"command": ["/home/ubuntu/FlowGuard-recovery/.venv/openlane/bin/python", "-m", "librelane", "--docker-no-tty", "--dockerized", "--pdk-root", "/home/ubuntu/.ciel", "--pdk", "sky130A", "--scl", "sky130_fd_sc_hd", "--run-tag", "trial_clock15-u30-d38-p1-g0p05-sAREA_0", "/home/ubuntu/FlowGuard-recovery/results/exhaustive_clock_sweep_v1/configs/clock15-u30-d38-p1-g0p05-sAREA_0/config.json"], "config": "/home/ubuntu/FlowGuard-recovery/results/exhaustive_clock_sweep_v1/configs/clock15-u30-d38-p1-g0p05-sAREA_0/config.json", "config_sha256": "924b9326c24301d51d3a58f4a79f9d025b9f44923b2714f82cdfdf5582dea5d1", "effective_config_sha256": "ed4c87f54d2b8b02c5934a10fdd810ab94ebdab3f0dfdc3aadfcd4664ba17339", "exit_code": 0, "failure_metadata": null, "failure_stage": null, "finished_at": "2026-09-15T21:15:55.935575Z", "metadata": {"environment": {"executable": "/home/ubuntu/FlowGuard-recovery/.venv/openlane/bin/python", "librelane_container_image": "ghcr.io/librelane/librelane@sha256:f91b21d75f79871f9ccf37451020b5d2f7b3236881a997ff709c561e8280a30f", "librelane_version": "3.0.14", "machine": "aarch64", "pdk": "sky130A", "pdk_revision": "8afc8346a57fe1ab7934ba5a6056ea8b43078e71", "pdk_root": "/home/ubuntu/.ciel", "platform": "Linux-6.17.0-1020-oracle-aarch64-with-glibc2.39", "python_version": "3.12.3", "std_cell_library": "sky130_fd_sc_hd"}, "environment_sha256": "93e51540bdc6ca00204f9afa642f6ce447eab3a253dcc174a6800569c93b4ec8", "executable": "/home/ubuntu/FlowGuard-recovery/.venv/openlane/bin/python", "git": {"commit": "359473443d47ade8cffa73ed61aa68e306d0c17c", "dirty": true}, "host": "openclaw", "librelane_container_image": "ghcr.io/librelane/librelane@sha256:f91b21d75f79871f9ccf37451020b5d2f7b3236881a997ff709c561e8280a30f", "librelane_version": "3.0.14", "pdk": "sky130A", "pdk_revision": "8afc8346a57fe1ab7934ba5a6056ea8b43078e71", "pdk_root": "/home/ubuntu/.ciel", "python_version": "3.12.3", "run_directory": "/home/ubuntu/FlowGuard-recovery/results/exhaustive_clock_sweep_v1/runs/trial_clock15-u30-d38-p1-g0p05-sAREA_0", "source_tree_sha256": "173b5f72887a56d254b5b14313fa6dec371b9b4a8bc652b50ceec1d31503ee61", "std_cell_library": "sky130_fd_sc_hd", "sys_executable": "/home/ubuntu/FlowGuard-recovery/.venv/openlane/bin/python"}, "runtime_s": 155.79729557898827, "started_at": "2026-09-15T21:13:20.134318Z", "status": "SUCCESS", "terminal_status": "SUCCESS", "trial_id": "clock15-u30-d38-p1-g0p05-sAREA_0"}
2026-09-15T21:15:56Z [exhaustive_clock_sweep_v1] start clock15-u30-d38-p1-g0p05-sAREA_1 timeout=1800s
{"command": ["/home/ubuntu/FlowGuard-recovery/.venv/openlane/bin/python", "-m", "librelane", "--docker-no-tty", "--dockerized", "--pdk-root", "/home/ubuntu/.ciel", "--pdk", "sky130A", "--scl", "sky130_fd_sc_hd", "--run-tag", "trial_clock15-u30-d38-p1-g0p05-sAREA_1", "/home/ubuntu/FlowGuard-recovery/results/exhaustive_clock_sweep_v1/configs/clock15-u30-d38-p1-g0p05-sAREA_1/config.json"], "config": "/home/ubuntu/FlowGuard-recovery/results/exhaustive_clock_sweep_v1/configs/clock15-u30-d38-p1-g0p05-sAREA_1/config.json", "config_sha256": "a09fd5df5c5d23f3e316aca200e9c0d79afd654802f676b885fb68b6390856e9", "effective_config_sha256": "5046d6e3d606873807de4af55bc16466f99b56d9f3e9c6a42b5af3375b64c8c2", "exit_code": 0, "failure_metadata": null, "failure_stage": null, "finished_at": "2026-09-15T21:18:42.543391Z", "metadata": {"environment": {"executable": "/home/ubuntu/FlowGuard-recovery/.venv/openlane/bin/python", "librelane_container_image": "ghcr.io/librelane/librelane@sha256:f91b21d75f79871f9ccf37451020b5d2f7b3236881a997ff709c561e8280a30f", "librelane_version": "3.0.14", "machine": "aarch64", "pdk": "sky130A", "pdk_revision": "8afc8346a57fe1ab7934ba5a6056ea8b43078e71", "pdk_root": "/home/ubuntu/.ciel", "platform": "Linux-6.17.0-1020-oracle-aarch64-with-glibc2.39", "python_version": "3.12.3", "std_cell_library": "sky130_fd_sc_hd"}, "environment_sha256": "93e51540bdc6ca00204f9afa642f6ce447eab3a253dcc174a6800569c93b4ec8", "executable": "/home/ubuntu/FlowGuard-recovery/.venv/openlane/bin/python", "git": {"commit": "359473443d47ade8cffa73ed61aa68e306d0c17c", "dirty": true}, "host": "openclaw", "librelane_container_image": "ghcr.io/librelane/librelane@sha256:f91b21d75f79871f9ccf37451020b5d2f7b3236881a997ff709c561e8280a30f", "librelane_version": "3.0.14", "pdk": "sky130A", "pdk_revision": "8afc8346a57fe1ab7934ba5a6056ea8b43078e71", "pdk_root": "/home/ubuntu/.ciel", "python_version": "3.12.3", "run_directory": "/home/ubuntu/FlowGuard-recovery/results/exhaustive_clock_sweep_v1/runs/trial_clock15-u30-d38-p1-g0p05-sAREA_1", "source_tree_sha256": "173b5f72887a56d254b5b14313fa6dec371b9b4a8bc652b50ceec1d31503ee61", "std_cell_library": "sky130_fd_sc_hd", "sys_executable": "/home/ubuntu/FlowGuard-recovery/.venv/openlane/bin/python"}, "runtime_s": 166.13161040697014, "started_at": "2026-09-15T21:15:56.407623Z", "status": "SUCCESS", "terminal_status": "SUCCESS", "trial_id": "clock15-u30-d38-p1-g0p05-sAREA_1"}
2026-09-15T21:18:42Z [exhaustive_clock_sweep_v1] start clock15-u30-d38-p1-g0p05-sAREA_2 timeout=1800s
{"command": ["/home/ubuntu/FlowGuard-recovery/.venv/openlane/bin/python", "-m", "librelane", "--docker-no-tty", "--dockerized", "--pdk-root", "/home/ubuntu/.ciel", "--pdk", "sky130A", "--scl", "sky130_fd_sc_hd", "--run-tag", "trial_clock15-u30-d38-p1-g0p05-sAREA_2", "/home/ubuntu/FlowGuard-recovery/results/exhaustive_clock_sweep_v1/configs/clock15-u30-d38-p1-g0p05-sAREA_2/config.json"], "config": "/home/ubuntu/FlowGuard-recovery/results/exhaustive_clock_sweep_v1/configs/clock15-u30-d38-p1-g0p05-sAREA_2/config.json", "config_sha256": "646690a600ff3ecb1f2a29c9da1ee5f7e2bd3e6a1af72322aaeeb0b06a705dca", "effective_config_sha256": "fe5366b56775724ff6ac9924c38255e997c5accd7fd2d0733c8c4291329c7c9a", "exit_code": 0, "failure_metadata": null, "failure_stage": null, "finished_at": "2026-09-15T21:21:48.872289Z", "metadata": {"environment": {"executable": "/home/ubuntu/FlowGuard-recovery/.venv/openlane/bin/python", "librelane_container_image": "ghcr.io/librelane/librelane@sha256:f91b21d75f79871f9ccf37451020b5d2f7b3236881a997ff709c561e8280a30f", "librelane_version": "3.0.14", "machine": "aarch64", "pdk": "sky130A", "pdk_revision": "8afc8346a57fe1ab7934ba5a6056ea8b43078e71", "pdk_root": "/home/ubuntu/.ciel", "platform": "Linux-6.17.0-1020-oracle-aarch64-with-glibc2.39", "python_version": "3.12.3", "std_cell_library": "sky130_fd_sc_hd"}, "environment_sha256": "93e51540bdc6ca00204f9afa642f6ce447eab3a253dcc174a6800569c93b4ec8", "executable": "/home/ubuntu/FlowGuard-recovery/.venv/openlane/bin/python", "git": {"commit": "359473443d47ade8cffa73ed61aa68e306d0c17c", "dirty": true}, "host": "openclaw", "librelane_container_image": "ghcr.io/librelane/librelane@sha256:f91b21d75f79871f9ccf37451020b5d2f7b3236881a997ff709c561e8280a30f", "librelane_version": "3.0.14", "pdk": "sky130A", "pdk_revision": "8afc8346a57fe1ab7934ba5a6056ea8b43078e71", "pdk_root": "/home/ubuntu/.ciel", "python_version": "3.12.3", "run_directory": "/home/ubuntu/FlowGuard-recovery/results/exhaustive_clock_sweep_v1/runs/trial_clock15-u30-d38-p1-g0p05-sAREA_2", "source_tree_sha256": "173b5f72887a56d254b5b14313fa6dec371b9b4a8bc652b50ceec1d31503ee61", "std_cell_library": "sky130_fd_sc_hd", "sys_executable": "/home/ubuntu/FlowGuard-recovery/.venv/openlane/bin/python"}, "runtime_s": 185.82148783898447, "started_at": "2026-09-15T21:18:43.046620Z", "status": "SUCCESS", "terminal_status": "SUCCESS", "trial_id": "clock15-u30-d38-p1-g0p05-sAREA_2"}
2026-09-15T21:21:49Z [exhaustive_clock_sweep_v1] start clock15-u30-d38-p1-g0p10-sAREA_0 timeout=1800s
{"command": ["/home/ubuntu/FlowGuard-recovery/.venv/openlane/bin/python", "-m", "librelane", "--docker-no-tty", "--dockerized", "--pdk-root", "/home/ubuntu/.ciel", "--pdk", "sky130A", "--scl", "sky130_fd_sc_hd", "--run-tag", "trial_clock15-u30-d38-p1-g0p10-sAREA_0", "/home/ubuntu/FlowGuard-recovery/results/exhaustive_clock_sweep_v1/configs/clock15-u30-d38-p1-g0p10-sAREA_0/config.json"], "config": "/home/ubuntu/FlowGuard-recovery/results/exhaustive_clock_sweep_v1/configs/clock15-u30-d38-p1-g0p10-sAREA_0/config.json", "config_sha256": "3d9dc7afb39703de34090aa39e8f0fcd5b66080065fa3c233eb49ffc78e5ad42", "effective_config_sha256": "a0033fa2c478f1cd5e9fb150954afcd026665276462d7dbddafeebd5f0d608a2", "exit_code": 0, "failure_metadata": null, "failure_stage": null, "finished_at": "2026-09-15T21:24:19.443021Z", "metadata": {"environment": {"executable": "/home/ubuntu/FlowGuard-recovery/.venv/openlane/bin/python", "librelane_container_image": "ghcr.io/librelane/librelane@sha256:f91b21d75f79871f9ccf37451020b5d2f7b3236881a997ff709c561e8280a30f", "librelane_version": "3.0.14", "machine": "aarch64", "pdk": "sky130A", "pdk_revision": "8afc8346a57fe1ab7934ba5a6056ea8b43078e71", "pdk_root": "/home/ubuntu/.ciel", "platform": "Linux-6.17.0-1020-oracle-aarch64-with-glibc2.39", "python_version": "3.12.3", "std_cell_library": "sky130_fd_sc_hd"}, "environment_sha256": "93e51540bdc6ca00204f9afa642f6ce447eab3a253dcc174a6800569c93b4ec8", "executable": "/home/ubuntu/FlowGuard-recovery/.venv/openlane/bin/python", "git": {"commit": "359473443d47ade8cffa73ed61aa68e306d0c17c", "dirty": true}, "host": "openclaw", "librelane_container_image": "ghcr.io/librelane/librelane@sha256:f91b21d75f79871f9ccf37451020b5d2f7b3236881a997ff709c561e8280a30f", "librelane_version": "3.0.14", "pdk": "sky130A", "pdk_revision": "8afc8346a57fe1ab7934ba5a6056ea8b43078e71", "pdk_root": "/home/ubuntu/.ciel", "python_version": "3.12.3", "run_directory": "/home/ubuntu/FlowGuard-recovery/results/exhaustive_clock_sweep_v1/runs/trial_clock15-u30-d38-p1-g0p10-sAREA_0", "source_tree_sha256": "173b5f72887a56d254b5b14313fa6dec371b9b4a8bc652b50ceec1d31503ee61", "std_cell_library": "sky130_fd_sc_hd", "sys_executable": "/home/ubuntu/FlowGuard-recovery/.venv/openlane/bin/python"}, "runtime_s": 150.08636361802928, "started_at": "2026-09-15T21:21:49.352696Z", "status": "SUCCESS", "terminal_status": "SUCCESS", "trial_id": "clock15-u30-d38-p1-g0p10-sAREA_0"}
2026-09-15T21:24:19Z [exhaustive_clock_sweep_v1] start clock15-u30-d38-p1-g0p10-sAREA_1 timeout=1800s
{"command": ["/home/ubuntu/FlowGuard-recovery/.venv/openlane/bin/python", "-m", "librelane", "--docker-no-tty", "--dockerized", "--pdk-root", "/home/ubuntu/.ciel", "--pdk", "sky130A", "--scl", "sky130_fd_sc_hd", "--run-tag", "trial_clock15-u30-d38-p1-g0p10-sAREA_1", "/home/ubuntu/FlowGuard-recovery/results/exhaustive_clock_sweep_v1/configs/clock15-u30-d38-p1-g0p10-sAREA_1/config.json"], "config": "/home/ubuntu/FlowGuard-recovery/results/exhaustive_clock_sweep_v1/configs/clock15-u30-d38-p1-g0p10-sAREA_1/config.json", "config_sha256": "0e797e5071bf91e86d204c7545374e461c05e7948ec8f35d0c7d7569538a1b76", "effective_config_sha256": "8624063a931c6c39ef21e8ccd3d52ddacfb394080adc4d46d0abc8f1f155ef2d", "exit_code": 0, "failure_metadata": null, "failure_stage": null, "finished_at": "2026-09-15T21:27:00.127279Z", "metadata": {"environment": {"executable": "/home/ubuntu/FlowGuard-recovery/.venv/openlane/bin/python", "librelane_container_image": "ghcr.io/librelane/librelane@sha256:f91b21d75f79871f9ccf37451020b5d2f7b3236881a997ff709c561e8280a30f", "librelane_version": "3.0.14", "machine": "aarch64", "pdk": "sky130A", "pdk_revision": "8afc8346a57fe1ab7934ba5a6056ea8b43078e71", "pdk_root": "/home/ubuntu/.ciel", "platform": "Linux-6.17.0-1020-oracle-aarch64-with-glibc2.39", "python_version": "3.12.3", "std_cell_library": "sky130_fd_sc_hd"}, "environment_sha256": "93e51540bdc6ca00204f9afa642f6ce447eab3a253dcc174a6800569c93b4ec8", "executable": "/home/ubuntu/FlowGuard-recovery/.venv/openlane/bin/python", "git": {"commit": "359473443d47ade8cffa73ed61aa68e306d0c17c", "dirty": true}, "host": "openclaw", "librelane_container_image": "ghcr.io/librelane/librelane@sha256:f91b21d75f79871f9ccf37451020b5d2f7b3236881a997ff709c561e8280a30f", "librelane_version": "3.0.14", "pdk": "sky130A", "pdk_revision": "8afc8346a57fe1ab7934ba5a6056ea8b43078e71", "pdk_root": "/home/ubuntu/.ciel", "python_version": "3.12.3", "run_directory": "/home/ubuntu/FlowGuard-recovery/results/exhaustive_clock_sweep_v1/runs/trial_clock15-u30-d38-p1-g0p10-sAREA_1", "source_tree_sha256": "173b5f72887a56d254b5b14313fa6dec371b9b4a8bc652b50ceec1d31503ee61", "std_cell_library": "sky130_fd_sc_hd", "sys_executable": "/home/ubuntu/FlowGuard-recovery/.venv/openlane/bin/python"}, "runtime_s": 160.21697537699947, "started_at": "2026-09-15T21:24:19.906202Z", "status": "SUCCESS", "terminal_status": "SUCCESS", "trial_id": "clock15-u30-d38-p1-g0p10-sAREA_1"}
2026-09-15T21:27:00Z [exhaustive_clock_sweep_v1] start clock15-u30-d38-p1-g0p10-sAREA_2 timeout=1800s
{"command": ["/home/ubuntu/FlowGuard-recovery/.venv/openlane/bin/python", "-m", "librelane", "--docker-no-tty", "--dockerized", "--pdk-root", "/home/ubuntu/.ciel", "--pdk", "sky130A", "--scl", "sky130_fd_sc_hd", "--run-tag", "trial_clock15-u30-d38-p1-g0p10-sAREA_2", "/home/ubuntu/FlowGuard-recovery/results/exhaustive_clock_sweep_v1/configs/clock15-u30-d38-p1-g0p10-sAREA_2/config.json"], "config": "/home/ubuntu/FlowGuard-recovery/results/exhaustive_clock_sweep_v1/configs/clock15-u30-d38-p1-g0p10-sAREA_2/config.json", "config_sha256": "271e04d24411691ce15941b924d8fc73e72fcf5e9ee87d0005b9417e1a6ba429", "effective_config_sha256": "f70f09a44d18df988eb2da1b8d0cff685e07d4f1e6ecf5c5006c9e6635c640d1", "exit_code": 0, "failure_metadata": null, "failure_stage": null, "finished_at": "2026-09-15T21:30:04.980349Z", "metadata": {"environment": {"executable": "/home/ubuntu/FlowGuard-recovery/.venv/openlane/bin/python", "librelane_container_image": "ghcr.io/librelane/librelane@sha256:f91b21d75f79871f9ccf37451020b5d2f7b3236881a997ff709c561e8280a30f", "librelane_version": "3.0.14", "machine": "aarch64", "pdk": "sky130A", "pdk_revision": "8afc8346a57fe1ab7934ba5a6056ea8b43078e71", "pdk_root": "/home/ubuntu/.ciel", "platform": "Linux-6.17.0-1020-oracle-aarch64-with-glibc2.39", "python_version": "3.12.3", "std_cell_library": "sky130_fd_sc_hd"}, "environment_sha256": "93e51540bdc6ca00204f9afa642f6ce447eab3a253dcc174a6800569c93b4ec8", "executable": "/home/ubuntu/FlowGuard-recovery/.venv/openlane/bin/python", "git": {"commit": "359473443d47ade8cffa73ed61aa68e306d0c17c", "dirty": true}, "host": "openclaw", "librelane_container_image": "ghcr.io/librelane/librelane@sha256:f91b21d75f79871f9ccf37451020b5d2f7b3236881a997ff709c561e8280a30f", "librelane_version": "3.0.14", "pdk": "sky130A", "pdk_revision": "8afc8346a57fe1ab7934ba5a6056ea8b43078e71", "pdk_root": "/home/ubuntu/.ciel", "python_version": "3.12.3", "run_directory": "/home/ubuntu/FlowGuard-recovery/results/exhaustive_clock_sweep_v1/runs/trial_clock15-u30-d38-p1-g0p10-sAREA_2", "source_tree_sha256": "173b5f72887a56d254b5b14313fa6dec371b9b4a8bc652b50ceec1d31503ee61", "std_cell_library": "sky130_fd_sc_hd", "sys_executable": "/home/ubuntu/FlowGuard-recovery/.venv/openlane/bin/python"}, "runtime_s": 184.37090784602333, "started_at": "2026-09-15T21:27:00.605204Z", "status": "SUCCESS", "terminal_status": "SUCCESS", "trial_id": "clock15-u30-d38-p1-g0p10-sAREA_2"}
2026-09-15T21:30:05Z [exhaustive_clock_sweep_v1] start clock15-u30-d38-p1-g0p15-sAREA_0 timeout=1800s
{"command": ["/home/ubuntu/FlowGuard-recovery/.venv/openlane/bin/python", "-m", "librelane", "--docker-no-tty", "--dockerized", "--pdk-root", "/home/ubuntu/.ciel", "--pdk", "sky130A", "--scl", "sky130_fd_sc_hd", "--run-tag", "trial_clock15-u30-d38-p1-g0p15-sAREA_0", "/home/ubuntu/FlowGuard-recovery/results/exhaustive_clock_sweep_v1/configs/clock15-u30-d38-p1-g0p15-sAREA_0/config.json"], "config": "/home/ubuntu/FlowGuard-recovery/results/exhaustive_clock_sweep_v1/configs/clock15-u30-d38-p1-g0p15-sAREA_0/config.json", "config_sha256": "de9320cf238c662ea8d9a9c3438722ee805cf49ee88e12c56cf81469b38eff65", "effective_config_sha256": "3e8afb0dcc25794715766ac3c07d13dda529868cd3bbcadbe770b9174ac5ca00", "exit_code": 0, "failure_metadata": null, "failure_stage": null, "finished_at": "2026-09-15T21:33:07.301449Z", "metadata": {"environment": {"executable": "/home/ubuntu/FlowGuard-recovery/.venv/openlane/bin/python", "librelane_container_image": "ghcr.io/librelane/librelane@sha256:f91b21d75f79871f9ccf37451020b5d2f7b3236881a997ff709c561e8280a30f", "librelane_version": "3.0.14", "machine": "aarch64", "pdk": "sky130A", "pdk_revision": "8afc8346a57fe1ab7934ba5a6056ea8b43078e71", "pdk_root": "/home/ubuntu/.ciel", "platform": "Linux-6.17.0-1020-oracle-aarch64-with-glibc2.39", "python_version": "3.12.3", "std_cell_library": "sky130_fd_sc_hd"}, "environment_sha256": "93e51540bdc6ca00204f9afa642f6ce447eab3a253dcc174a6800569c93b4ec8", "executable": "/home/ubuntu/FlowGuard-recovery/.venv/openlane/bin/python", "git": {"commit": "359473443d47ade8cffa73ed61aa68e306d0c17c", "dirty": true}, "host": "openclaw", "librelane_container_image": "ghcr.io/librelane/librelane@sha256:f91b21d75f79871f9ccf37451020b5d2f7b3236881a997ff709c561e8280a30f", "librelane_version": "3.0.14", "pdk": "sky130A", "pdk_revision": "8afc8346a57fe1ab7934ba5a6056ea8b43078e71", "pdk_root": "/home/ubuntu/.ciel", "python_version": "3.12.3", "run_directory": "/home/ubuntu/FlowGuard-recovery/results/exhaustive_clock_sweep_v1/runs/trial_clock15-u30-d38-p1-g0p15-sAREA_0", "source_tree_sha256": "173b5f72887a56d254b5b14313fa6dec371b9b4a8bc652b50ceec1d31503ee61", "std_cell_library": "sky130_fd_sc_hd", "sys_executable": "/home/ubuntu/FlowGuard-recovery/.venv/openlane/bin/python"}, "runtime_s": 181.83313805697253, "started_at": "2026-09-15T21:30:05.464115Z", "status": "SUCCESS", "terminal_status": "SUCCESS", "trial_id": "clock15-u30-d38-p1-g0p15-sAREA_0"}
2026-09-15T21:33:07Z [exhaustive_clock_sweep_v1] start clock15-u30-d38-p1-g0p15-sAREA_1 timeout=1800s
{"command": ["/home/ubuntu/FlowGuard-recovery/.venv/openlane/bin/python", "-m", "librelane", "--docker-no-tty", "--dockerized", "--pdk-root", "/home/ubuntu/.ciel", "--pdk", "sky130A", "--scl", "sky130_fd_sc_hd", "--run-tag", "trial_clock15-u30-d38-p1-g0p15-sAREA_1", "/home/ubuntu/FlowGuard-recovery/results/exhaustive_clock_sweep_v1/configs/clock15-u30-d38-p1-g0p15-sAREA_1/config.json"], "config": "/home/ubuntu/FlowGuard-recovery/results/exhaustive_clock_sweep_v1/configs/clock15-u30-d38-p1-g0p15-sAREA_1/config.json", "config_sha256": "95f9cbbc97b97d96932dfb6f6cb402d62e9e30ce85fa1a70d0169a375d61a0eb", "effective_config_sha256": "dbd23c03c08f29689bf6f5a76b54e6613b10050de8196f342b8d7f83105354d3", "exit_code": 0, "failure_metadata": null, "failure_stage": null, "finished_at": "2026-09-15T21:36:18.059576Z", "metadata": {"environment": {"executable": "/home/ubuntu/FlowGuard-recovery/.venv/openlane/bin/python", "librelane_container_image": "ghcr.io/librelane/librelane@sha256:f91b21d75f79871f9ccf37451020b5d2f7b3236881a997ff709c561e8280a30f", "librelane_version": "3.0.14", "machine": "aarch64", "pdk": "sky130A", "pdk_revision": "8afc8346a57fe1ab7934ba5a6056ea8b43078e71", "pdk_root": "/home/ubuntu/.ciel", "platform": "Linux-6.17.0-1020-oracle-aarch64-with-glibc2.39", "python_version": "3.12.3", "std_cell_library": "sky130_fd_sc_hd"}, "environment_sha256": "93e51540bdc6ca00204f9afa642f6ce447eab3a253dcc174a6800569c93b4ec8", "executable": "/home/ubuntu/FlowGuard-recovery/.venv/openlane/bin/python", "git": {"commit": "359473443d47ade8cffa73ed61aa68e306d0c17c", "dirty": true}, "host": "openclaw", "librelane_container_image": "ghcr.io/librelane/librelane@sha256:f91b21d75f79871f9ccf37451020b5d2f7b3236881a997ff709c561e8280a30f", "librelane_version": "3.0.14", "pdk": "sky130A", "pdk_revision": "8afc8346a57fe1ab7934ba5a6056ea8b43078e71", "pdk_root": "/home/ubuntu/.ciel", "python_version": "3.12.3", "run_directory": "/home/ubuntu/FlowGuard-recovery/results/exhaustive_clock_sweep_v1/runs/trial_clock15-u30-d38-p1-g0p15-sAREA_1", "source_tree_sha256": "173b5f72887a56d254b5b14313fa6dec371b9b4a8bc652b50ceec1d31503ee61", "std_cell_library": "sky130_fd_sc_hd", "sys_executable": "/home/ubuntu/FlowGuard-recovery/.venv/openlane/bin/python"}, "runtime_s": 190.28608169802465, "started_at": "2026-09-15T21:33:07.769323Z", "status": "SUCCESS", "terminal_status": "SUCCESS", "trial_id": "clock15-u30-d38-p1-g0p15-sAREA_1"}
2026-09-15T21:36:18Z [exhaustive_clock_sweep_v1] start clock15-u30-d38-p1-g0p15-sAREA_2 timeout=1800s
{"command": ["/home/ubuntu/FlowGuard-recovery/.venv/openlane/bin/python", "-m", "librelane", "--docker-no-tty", "--dockerized", "--pdk-root", "/home/ubuntu/.ciel", "--pdk", "sky130A", "--scl", "sky130_fd_sc_hd", "--run-tag", "trial_clock15-u30-d38-p1-g0p15-sAREA_2", "/home/ubuntu/FlowGuard-recovery/results/exhaustive_clock_sweep_v1/configs/clock15-u30-d38-p1-g0p15-sAREA_2/config.json"], "config": "/home/ubuntu/FlowGuard-recovery/results/exhaustive_clock_sweep_v1/configs/clock15-u30-d38-p1-g0p15-sAREA_2/config.json", "config_sha256": "5b0cdc25d2901b8abb2701d408bc7c369c7e28cb28bf4de3d181203ec06af4d8", "effective_config_sha256": "b96b67c7231f1c0882b42c837e0f1b94a9ccb1c643e8ed0b1071b78ac8f018fd", "exit_code": 0, "failure_metadata": null, "failure_stage": null, "finished_at": "2026-09-15T21:38:53.643117Z", "metadata": {"environment": {"executable": "/home/ubuntu/FlowGuard-recovery/.venv/openlane/bin/python", "librelane_container_image": "ghcr.io/librelane/librelane@sha256:f91b21d75f79871f9ccf37451020b5d2f7b3236881a997ff709c561e8280a30f", "librelane_version": "3.0.14", "machine": "aarch64", "pdk": "sky130A", "pdk_revision": "8afc8346a57fe1ab7934ba5a6056ea8b43078e71", "pdk_root": "/home/ubuntu/.ciel", "platform": "Linux-6.17.0-1020-oracle-aarch64-with-glibc2.39", "python_version": "3.12.3", "std_cell_library": "sky130_fd_sc_hd"}, "environment_sha256": "93e51540bdc6ca00204f9afa642f6ce447eab3a253dcc174a6800569c93b4ec8", "executable": "/home/ubuntu/FlowGuard-recovery/.venv/openlane/bin/python", "git": {"commit": "359473443d47ade8cffa73ed61aa68e306d0c17c", "dirty": true}, "host": "openclaw", "librelane_container_image": "ghcr.io/librelane/librelane@sha256:f91b21d75f79871f9ccf37451020b5d2f7b3236881a997ff709c561e8280a30f", "librelane_version": "3.0.14", "pdk": "sky130A", "pdk_revision": "8afc8346a57fe1ab7934ba5a6056ea8b43078e71", "pdk_root": "/home/ubuntu/.ciel", "python_version": "3.12.3", "run_directory": "/home/ubuntu/FlowGuard-recovery/results/exhaustive_clock_sweep_v1/runs/trial_clock15-u30-d38-p1-g0p15-sAREA_2", "source_tree_sha256": "173b5f72887a56d254b5b14313fa6dec371b9b4a8bc652b50ceec1d31503ee61", "std_cell_library": "sky130_fd_sc_hd", "sys_executable": "/home/ubuntu/FlowGuard-recovery/.venv/openlane/bin/python"}, "runtime_s": 155.10625395498937, "started_at": "2026-09-15T21:36:18.532915Z", "status": "SUCCESS", "terminal_status": "SUCCESS", "trial_id": "clock15-u30-d38-p1-g0p15-sAREA_2"}
2026-09-15T21:38:54Z [exhaustive_clock_sweep_v1] start clock15-u30-d38-p1-g0p20-sAREA_0 timeout=1800s
{"command": ["/home/ubuntu/FlowGuard-recovery/.venv/openlane/bin/python", "-m", "librelane", "--docker-no-tty", "--dockerized", "--pdk-root", "/home/ubuntu/.ciel", "--pdk", "sky130A", "--scl", "sky130_fd_sc_hd", "--run-tag", "trial_clock15-u30-d38-p1-g0p20-sAREA_0", "/home/ubuntu/FlowGuard-recovery/results/exhaustive_clock_sweep_v1/configs/clock15-u30-d38-p1-g0p20-sAREA_0/config.json"], "config": "/home/ubuntu/FlowGuard-recovery/results/exhaustive_clock_sweep_v1/configs/clock15-u30-d38-p1-g0p20-sAREA_0/config.json", "config_sha256": "1f1a7a55f606555fbf2af44f5a9c1bc1a973317b8a5e21036d985ac46f033b19", "effective_config_sha256": "b9468ad6a79ab29ebb5051b4c41df4f67bc49aaeb2f0be31c42e87ffe3bc801c", "exit_code": 0, "failure_metadata": null, "failure_stage": null, "finished_at": "2026-09-15T21:41:51.541229Z", "metadata": {"environment": {"executable": "/home/ubuntu/FlowGuard-recovery/.venv/openlane/bin/python", "librelane_container_image": "ghcr.io/librelane/librelane@sha256:f91b21d75f79871f9ccf37451020b5d2f7b3236881a997ff709c561e8280a30f", "librelane_version": "3.0.14", "machine": "aarch64", "pdk": "sky130A", "pdk_revision": "8afc8346a57fe1ab7934ba5a6056ea8b43078e71", "pdk_root": "/home/ubuntu/.ciel", "platform": "Linux-6.17.0-1020-oracle-aarch64-with-glibc2.39", "python_version": "3.12.3", "std_cell_library": "sky130_fd_sc_hd"}, "environment_sha256": "93e51540bdc6ca00204f9afa642f6ce447eab3a253dcc174a6800569c93b4ec8", "executable": "/home/ubuntu/FlowGuard-recovery/.venv/openlane/bin/python", "git": {"commit": "359473443d47ade8cffa73ed61aa68e306d0c17c", "dirty": true}, "host": "openclaw", "librelane_container_image": "ghcr.io/librelane/librelane@sha256:f91b21d75f79871f9ccf37451020b5d2f7b3236881a997ff709c561e8280a30f", "librelane_version": "3.0.14", "pdk": "sky130A", "pdk_revision": "8afc8346a57fe1ab7934ba5a6056ea8b43078e71", "pdk_root": "/home/ubuntu/.ciel", "python_version": "3.12.3", "run_directory": "/home/ubuntu/FlowGuard-recovery/results/exhaustive_clock_sweep_v1/runs/trial_clock15-u30-d38-p1-g0p20-sAREA_0", "source_tree_sha256": "173b5f72887a56d254b5b14313fa6dec371b9b4a8bc652b50ceec1d31503ee61", "std_cell_library": "sky130_fd_sc_hd", "sys_executable": "/home/ubuntu/FlowGuard-recovery/.venv/openlane/bin/python"}, "runtime_s": 177.419425510976, "started_at": "2026-09-15T21:38:54.117835Z", "status": "SUCCESS", "terminal_status": "SUCCESS", "trial_id": "clock15-u30-d38-p1-g0p20-sAREA_0"}
2026-09-15T21:41:51Z [exhaustive_clock_sweep_v1] start clock15-u30-d38-p1-g0p20-sAREA_1 timeout=1800s
{"command": ["/home/ubuntu/FlowGuard-recovery/.venv/openlane/bin/python", "-m", "librelane", "--docker-no-tty", "--dockerized", "--pdk-root", "/home/ubuntu/.ciel", "--pdk", "sky130A", "--scl", "sky130_fd_sc_hd", "--run-tag", "trial_clock15-u30-d38-p1-g0p20-sAREA_1", "/home/ubuntu/FlowGuard-recovery/results/exhaustive_clock_sweep_v1/configs/clock15-u30-d38-p1-g0p20-sAREA_1/config.json"], "config": "/home/ubuntu/FlowGuard-recovery/results/exhaustive_clock_sweep_v1/configs/clock15-u30-d38-p1-g0p20-sAREA_1/config.json", "config_sha256": "7615ab5fbbe84000ebe075db09c341f9f1a9d60efce9509d696d690124515a88", "effective_config_sha256": "4a5f0763fbdee92169cef7acba63ed228db13a5e1a2d85b71dc18503e31b87b6", "exit_code": 0, "failure_metadata": null, "failure_stage": null, "finished_at": "2026-09-15T21:44:30.752354Z", "metadata": {"environment": {"executable": "/home/ubuntu/FlowGuard-recovery/.venv/openlane/bin/python", "librelane_container_image": "ghcr.io/librelane/librelane@sha256:f91b21d75f79871f9ccf37451020b5d2f7b3236881a997ff709c561e8280a30f", "librelane_version": "3.0.14", "machine": "aarch64", "pdk": "sky130A", "pdk_revision": "8afc8346a57fe1ab7934ba5a6056ea8b43078e71", "pdk_root": "/home/ubuntu/.ciel", "platform": "Linux-6.17.0-1020-oracle-aarch64-with-glibc2.39", "python_version": "3.12.3", "std_cell_library": "sky130_fd_sc_hd"}, "environment_sha256": "93e51540bdc6ca00204f9afa642f6ce447eab3a253dcc174a6800569c93b4ec8", "executable": "/home/ubuntu/FlowGuard-recovery/.venv/openlane/bin/python", "git": {"commit": "359473443d47ade8cffa73ed61aa68e306d0c17c", "dirty": true}, "host": "openclaw", "librelane_container_image": "ghcr.io/librelane/librelane@sha256:f91b21d75f79871f9ccf37451020b5d2f7b3236881a997ff709c561e8280a30f", "librelane_version": "3.0.14", "pdk": "sky130A", "pdk_revision": "8afc8346a57fe1ab7934ba5a6056ea8b43078e71", "pdk_root": "/home/ubuntu/.ciel", "python_version": "3.12.3", "run_directory": "/home/ubuntu/FlowGuard-recovery/results/exhaustive_clock_sweep_v1/runs/trial_clock15-u30-d38-p1-g0p20-sAREA_1", "source_tree_sha256": "173b5f72887a56d254b5b14313fa6dec371b9b4a8bc652b50ceec1d31503ee61", "std_cell_library": "sky130_fd_sc_hd", "sys_executable": "/home/ubuntu/FlowGuard-recovery/.venv/openlane/bin/python"}, "runtime_s": 158.73363252100535, "started_at": "2026-09-15T21:41:52.014652Z", "status": "SUCCESS", "terminal_status": "SUCCESS", "trial_id": "clock15-u30-d38-p1-g0p20-sAREA_1"}
2026-09-15T21:44:31Z [exhaustive_clock_sweep_v1] start clock15-u30-d38-p1-g0p20-sAREA_2 timeout=1800s
{"command": ["/home/ubuntu/FlowGuard-recovery/.venv/openlane/bin/python", "-m", "librelane", "--docker-no-tty", "--dockerized", "--pdk-root", "/home/ubuntu/.ciel", "--pdk", "sky130A", "--scl", "sky130_fd_sc_hd", "--run-tag", "trial_clock15-u30-d38-p1-g0p20-sAREA_2", "/home/ubuntu/FlowGuard-recovery/results/exhaustive_clock_sweep_v1/configs/clock15-u30-d38-p1-g0p20-sAREA_2/config.json"], "config": "/home/ubuntu/FlowGuard-recovery/results/exhaustive_clock_sweep_v1/configs/clock15-u30-d38-p1-g0p20-sAREA_2/config.json", "config_sha256": "3752e29e6c73f4f01951f67ca76b9247e8f638174428be8de0e2152067c9e85d", "effective_config_sha256": "ba0654548a1556e975548db0f56e8189a36ae5a11e13d6e109c7d9d6bc4195d4", "exit_code": 0, "failure_metadata": null, "failure_stage": null, "finished_at": "2026-09-15T21:47:32.841679Z", "metadata": {"environment": {"executable": "/home/ubuntu/FlowGuard-recovery/.venv/openlane/bin/python", "librelane_container_image": "ghcr.io/librelane/librelane@sha256:f91b21d75f79871f9ccf37451020b5d2f7b3236881a997ff709c561e8280a30f", "librelane_version": "3.0.14", "machine": "aarch64", "pdk": "sky130A", "pdk_revision": "8afc8346a57fe1ab7934ba5a6056ea8b43078e71", "pdk_root": "/home/ubuntu/.ciel", "platform": "Linux-6.17.0-1020-oracle-aarch64-with-glibc2.39", "python_version": "3.12.3", "std_cell_library": "sky130_fd_sc_hd"}, "environment_sha256": "93e51540bdc6ca00204f9afa642f6ce447eab3a253dcc174a6800569c93b4ec8", "executable": "/home/ubuntu/FlowGuard-recovery/.venv/openlane/bin/python", "git": {"commit": "359473443d47ade8cffa73ed61aa68e306d0c17c", "dirty": true}, "host": "openclaw", "librelane_container_image": "ghcr.io/librelane/librelane@sha256:f91b21d75f79871f9ccf37451020b5d2f7b3236881a997ff709c561e8280a30f", "librelane_version": "3.0.14", "pdk": "sky130A", "pdk_revision": "8afc8346a57fe1ab7934ba5a6056ea8b43078e71", "pdk_root": "/home/ubuntu/.ciel", "python_version": "3.12.3", "run_directory": "/home/ubuntu/FlowGuard-recovery/results/exhaustive_clock_sweep_v1/runs/trial_clock15-u30-d38-p1-g0p20-sAREA_2", "source_tree_sha256": "173b5f72887a56d254b5b14313fa6dec371b9b4a8bc652b50ceec1d31503ee61", "std_cell_library": "sky130_fd_sc_hd", "sys_executable": "/home/ubuntu/FlowGuard-recovery/.venv/openlane/bin/python"}, "runtime_s": 181.61328160302946, "started_at": "2026-09-15T21:44:31.224397Z", "status": "SUCCESS", "terminal_status": "SUCCESS", "trial_id": "clock15-u30-d38-p1-g0p20-sAREA_2"}
2026-09-15T21:47:33Z [exhaustive_clock_sweep_v1] start clock15-u30-d38-p2-g0p05-sAREA_0 timeout=1800s
{"command": ["/home/ubuntu/FlowGuard-recovery/.venv/openlane/bin/python", "-m", "librelane", "--docker-no-tty", "--dockerized", "--pdk-root", "/home/ubuntu/.ciel", "--pdk", "sky130A", "--scl", "sky130_fd_sc_hd", "--run-tag", "trial_clock15-u30-d38-p2-g0p05-sAREA_0", "/home/ubuntu/FlowGuard-recovery/results/exhaustive_clock_sweep_v1/configs/clock15-u30-d38-p2-g0p05-sAREA_0/config.json"], "config": "/home/ubuntu/FlowGuard-recovery/results/exhaustive_clock_sweep_v1/configs/clock15-u30-d38-p2-g0p05-sAREA_0/config.json", "config_sha256": "873c782e40fa57dfbb2b60a24dc932bed83abbd49c546cc8446b72886b86cd3f", "effective_config_sha256": "41b517d6d843f0ed76333bc526bcaac987e0f515a7472c55cc57db52cb2d0315", "exit_code": 0, "failure_metadata": null, "failure_stage": null, "finished_at": "2026-09-15T21:50:30.726119Z", "metadata": {"environment": {"executable": "/home/ubuntu/FlowGuard-recovery/.venv/openlane/bin/python", "librelane_container_image": "ghcr.io/librelane/librelane@sha256:f91b21d75f79871f9ccf37451020b5d2f7b3236881a997ff709c561e8280a30f", "librelane_version": "3.0.14", "machine": "aarch64", "pdk": "sky130A", "pdk_revision": "8afc8346a57fe1ab7934ba5a6056ea8b43078e71", "pdk_root": "/home/ubuntu/.ciel", "platform": "Linux-6.17.0-1020-oracle-aarch64-with-glibc2.39", "python_version": "3.12.3", "std_cell_library": "sky130_fd_sc_hd"}, "environment_sha256": "93e51540bdc6ca00204f9afa642f6ce447eab3a253dcc174a6800569c93b4ec8", "executable": "/home/ubuntu/FlowGuard-recovery/.venv/openlane/bin/python", "git": {"commit": "359473443d47ade8cffa73ed61aa68e306d0c17c", "dirty": true}, "host": "openclaw", "librelane_container_image": "ghcr.io/librelane/librelane@sha256:f91b21d75f79871f9ccf37451020b5d2f7b3236881a997ff709c561e8280a30f", "librelane_version": "3.0.14", "pdk": "sky130A", "pdk_revision": "8afc8346a57fe1ab7934ba5a6056ea8b43078e71", "pdk_root": "/home/ubuntu/.ciel", "python_version": "3.12.3", "run_directory": "/home/ubuntu/FlowGuard-recovery/results/exhaustive_clock_sweep_v1/runs/trial_clock15-u30-d38-p2-g0p05-sAREA_0", "source_tree_sha256": "173b5f72887a56d254b5b14313fa6dec371b9b4a8bc652b50ceec1d31503ee61", "std_cell_library": "sky130_fd_sc_hd", "sys_executable": "/home/ubuntu/FlowGuard-recovery/.venv/openlane/bin/python"}, "runtime_s": 177.4050504870247, "started_at": "2026-09-15T21:47:33.316818Z", "status": "SUCCESS", "terminal_status": "SUCCESS", "trial_id": "clock15-u30-d38-p2-g0p05-sAREA_0"}
2026-09-15T21:50:31Z [exhaustive_clock_sweep_v1] start clock15-u30-d38-p2-g0p05-sAREA_1 timeout=1800s
{"command": ["/home/ubuntu/FlowGuard-recovery/.venv/openlane/bin/python", "-m", "librelane", "--docker-no-tty", "--dockerized", "--pdk-root", "/home/ubuntu/.ciel", "--pdk", "sky130A", "--scl", "sky130_fd_sc_hd", "--run-tag", "trial_clock15-u30-d38-p2-g0p05-sAREA_1", "/home/ubuntu/FlowGuard-recovery/results/exhaustive_clock_sweep_v1/configs/clock15-u30-d38-p2-g0p05-sAREA_1/config.json"], "config": "/home/ubuntu/FlowGuard-recovery/results/exhaustive_clock_sweep_v1/configs/clock15-u30-d38-p2-g0p05-sAREA_1/config.json", "config_sha256": "0f2455709257f2375dc210e35aed2faadf3f2c631266a093f7b567c9de2b858b", "effective_config_sha256": "768f6cd7bf704f6be60b877cc516a864caae90d0450f7926a824994cf3233c6d", "exit_code": 0, "failure_metadata": null, "failure_stage": null, "finished_at": "2026-09-15T21:53:09.966315Z", "metadata": {"environment": {"executable": "/home/ubuntu/FlowGuard-recovery/.venv/openlane/bin/python", "librelane_container_image": "ghcr.io/librelane/librelane@sha256:f91b21d75f79871f9ccf37451020b5d2f7b3236881a997ff709c561e8280a30f", "librelane_version": "3.0.14", "machine": "aarch64", "pdk": "sky130A", "pdk_revision": "8afc8346a57fe1ab7934ba5a6056ea8b43078e71", "pdk_root": "/home/ubuntu/.ciel", "platform": "Linux-6.17.0-1020-oracle-aarch64-with-glibc2.39", "python_version": "3.12.3", "std_cell_library": "sky130_fd_sc_hd"}, "environment_sha256": "93e51540bdc6ca00204f9afa642f6ce447eab3a253dcc174a6800569c93b4ec8", "executable": "/home/ubuntu/FlowGuard-recovery/.venv/openlane/bin/python", "git": {"commit": "359473443d47ade8cffa73ed61aa68e306d0c17c", "dirty": true}, "host": "openclaw", "librelane_container_image": "ghcr.io/librelane/librelane@sha256:f91b21d75f79871f9ccf37451020b5d2f7b3236881a997ff709c561e8280a30f", "librelane_version": "3.0.14", "pdk": "sky130A", "pdk_revision": "8afc8346a57fe1ab7934ba5a6056ea8b43078e71", "pdk_root": "/home/ubuntu/.ciel", "python_version": "3.12.3", "run_directory": "/home/ubuntu/FlowGuard-recovery/results/exhaustive_clock_sweep_v1/runs/trial_clock15-u30-d38-p2-g0p05-sAREA_1", "source_tree_sha256": "173b5f72887a56d254b5b14313fa6dec371b9b4a8bc652b50ceec1d31503ee61", "std_cell_library": "sky130_fd_sc_hd", "sys_executable": "/home/ubuntu/FlowGuard-recovery/.venv/openlane/bin/python"}, "runtime_s": 158.76013151701773, "started_at": "2026-09-15T21:50:31.202063Z", "status": "SUCCESS", "terminal_status": "SUCCESS", "trial_id": "clock15-u30-d38-p2-g0p05-sAREA_1"}
2026-09-15T21:53:10Z [exhaustive_clock_sweep_v1] start clock15-u30-d38-p2-g0p05-sAREA_2 timeout=1800s
{"command": ["/home/ubuntu/FlowGuard-recovery/.venv/openlane/bin/python", "-m", "librelane", "--docker-no-tty", "--dockerized", "--pdk-root", "/home/ubuntu/.ciel", "--pdk", "sky130A", "--scl", "sky130_fd_sc_hd", "--run-tag", "trial_clock15-u30-d38-p2-g0p05-sAREA_2", "/home/ubuntu/FlowGuard-recovery/results/exhaustive_clock_sweep_v1/configs/clock15-u30-d38-p2-g0p05-sAREA_2/config.json"], "config": "/home/ubuntu/FlowGuard-recovery/results/exhaustive_clock_sweep_v1/configs/clock15-u30-d38-p2-g0p05-sAREA_2/config.json", "config_sha256": "6115ceee540525bbaceda4c3704a423d3a962cf713d84343aab685c2103e0011", "effective_config_sha256": "3377b2c5183f4d46901b32590203e6e798cd37aab33f6400be5ad2dc22874913", "exit_code": 0, "failure_metadata": null, "failure_stage": null, "finished_at": "2026-09-15T21:55:48.424621Z", "metadata": {"environment": {"executable": "/home/ubuntu/FlowGuard-recovery/.venv/openlane/bin/python", "librelane_container_image": "ghcr.io/librelane/librelane@sha256:f91b21d75f79871f9ccf37451020b5d2f7b3236881a997ff709c561e8280a30f", "librelane_version": "3.0.14", "machine": "aarch64", "pdk": "sky130A", "pdk_revision": "8afc8346a57fe1ab7934ba5a6056ea8b43078e71", "pdk_root": "/home/ubuntu/.ciel", "platform": "Linux-6.17.0-1020-oracle-aarch64-with-glibc2.39", "python_version": "3.12.3", "std_cell_library": "sky130_fd_sc_hd"}, "environment_sha256": "93e51540bdc6ca00204f9afa642f6ce447eab3a253dcc174a6800569c93b4ec8", "executable": "/home/ubuntu/FlowGuard-recovery/.venv/openlane/bin/python", "git": {"commit": "359473443d47ade8cffa73ed61aa68e306d0c17c", "dirty": true}, "host": "openclaw", "librelane_container_image": "ghcr.io/librelane/librelane@sha256:f91b21d75f79871f9ccf37451020b5d2f7b3236881a997ff709c561e8280a30f", "librelane_version": "3.0.14", "pdk": "sky130A", "pdk_revision": "8afc8346a57fe1ab7934ba5a6056ea8b43078e71", "pdk_root": "/home/ubuntu/.ciel", "python_version": "3.12.3", "run_directory": "/home/ubuntu/FlowGuard-recovery/results/exhaustive_clock_sweep_v1/runs/trial_clock15-u30-d38-p2-g0p05-sAREA_2", "source_tree_sha256": "173b5f72887a56d254b5b14313fa6dec371b9b4a8bc652b50ceec1d31503ee61", "std_cell_library": "sky130_fd_sc_hd", "sys_executable": "/home/ubuntu/FlowGuard-recovery/.venv/openlane/bin/python"}, "runtime_s": 157.98340495099546, "started_at": "2026-09-15T21:53:10.437395Z", "status": "SUCCESS", "terminal_status": "SUCCESS", "trial_id": "clock15-u30-d38-p2-g0p05-sAREA_2"}
2026-09-15T21:55:48Z [exhaustive_clock_sweep_v1] start clock15-u30-d38-p2-g0p10-sAREA_0 timeout=1800s
{"command": ["/home/ubuntu/FlowGuard-recovery/.venv/openlane/bin/python", "-m", "librelane", "--docker-no-tty", "--dockerized", "--pdk-root", "/home/ubuntu/.ciel", "--pdk", "sky130A", "--scl", "sky130_fd_sc_hd", "--run-tag", "trial_clock15-u30-d38-p2-g0p10-sAREA_0", "/home/ubuntu/FlowGuard-recovery/results/exhaustive_clock_sweep_v1/configs/clock15-u30-d38-p2-g0p10-sAREA_0/config.json"], "config": "/home/ubuntu/FlowGuard-recovery/results/exhaustive_clock_sweep_v1/configs/clock15-u30-d38-p2-g0p10-sAREA_0/config.json", "config_sha256": "2de4069b612957934b6065d505c5b50d59dabddf37de5fba31ef745ffb2f0284", "effective_config_sha256": "bef696989c3b0a8a3abc6cd0e3195007cf8de3aeb850d2289efce2d41ae47e5a", "exit_code": 0, "failure_metadata": null, "failure_stage": null, "finished_at": "2026-09-15T21:58:50.925366Z", "metadata": {"environment": {"executable": "/home/ubuntu/FlowGuard-recovery/.venv/openlane/bin/python", "librelane_container_image": "ghcr.io/librelane/librelane@sha256:f91b21d75f79871f9ccf37451020b5d2f7b3236881a997ff709c561e8280a30f", "librelane_version": "3.0.14", "machine": "aarch64", "pdk": "sky130A", "pdk_revision": "8afc8346a57fe1ab7934ba5a6056ea8b43078e71", "pdk_root": "/home/ubuntu/.ciel", "platform": "Linux-6.17.0-1020-oracle-aarch64-with-glibc2.39", "python_version": "3.12.3", "std_cell_library": "sky130_fd_sc_hd"}, "environment_sha256": "93e51540bdc6ca00204f9afa642f6ce447eab3a253dcc174a6800569c93b4ec8", "executable": "/home/ubuntu/FlowGuard-recovery/.venv/openlane/bin/python", "git": {"commit": "359473443d47ade8cffa73ed61aa68e306d0c17c", "dirty": true}, "host": "openclaw", "librelane_container_image": "ghcr.io/librelane/librelane@sha256:f91b21d75f79871f9ccf37451020b5d2f7b3236881a997ff709c561e8280a30f", "librelane_version": "3.0.14", "pdk": "sky130A", "pdk_revision": "8afc8346a57fe1ab7934ba5a6056ea8b43078e71", "pdk_root": "/home/ubuntu/.ciel", "python_version": "3.12.3", "run_directory": "/home/ubuntu/FlowGuard-recovery/results/exhaustive_clock_sweep_v1/runs/trial_clock15-u30-d38-p2-g0p10-sAREA_0", "source_tree_sha256": "173b5f72887a56d254b5b14313fa6dec371b9b4a8bc652b50ceec1d31503ee61", "std_cell_library": "sky130_fd_sc_hd", "sys_executable": "/home/ubuntu/FlowGuard-recovery/.venv/openlane/bin/python"}, "runtime_s": 182.02780551597243, "started_at": "2026-09-15T21:55:48.893442Z", "status": "SUCCESS", "terminal_status": "SUCCESS", "trial_id": "clock15-u30-d38-p2-g0p10-sAREA_0"}
2026-09-15T21:58:51Z [exhaustive_clock_sweep_v1] start clock15-u30-d38-p2-g0p10-sAREA_1 timeout=1800s
{"command": ["/home/ubuntu/FlowGuard-recovery/.venv/openlane/bin/python", "-m", "librelane", "--docker-no-tty", "--dockerized", "--pdk-root", "/home/ubuntu/.ciel", "--pdk", "sky130A", "--scl", "sky130_fd_sc_hd", "--run-tag", "trial_clock15-u30-d38-p2-g0p10-sAREA_1", "/home/ubuntu/FlowGuard-recovery/results/exhaustive_clock_sweep_v1/configs/clock15-u30-d38-p2-g0p10-sAREA_1/config.json"], "config": "/home/ubuntu/FlowGuard-recovery/results/exhaustive_clock_sweep_v1/configs/clock15-u30-d38-p2-g0p10-sAREA_1/config.json", "config_sha256": "16f62910af337547bad86622c5f1fdea6ac9bc7e88550862a49bad851f5bac48", "effective_config_sha256": "4e4bb1d91aff21cb588b5cb1fb661f6edbd11a93d3549a6a7d44de1574a250e4", "exit_code": 0, "failure_metadata": null, "failure_stage": null, "finished_at": "2026-09-15T22:01:29.919278Z", "metadata": {"environment": {"executable": "/home/ubuntu/FlowGuard-recovery/.venv/openlane/bin/python", "librelane_container_image": "ghcr.io/librelane/librelane@sha256:f91b21d75f79871f9ccf37451020b5d2f7b3236881a997ff709c561e8280a30f", "librelane_version": "3.0.14", "machine": "aarch64", "pdk": "sky130A", "pdk_revision": "8afc8346a57fe1ab7934ba5a6056ea8b43078e71", "pdk_root": "/home/ubuntu/.ciel", "platform": "Linux-6.17.0-1020-oracle-aarch64-with-glibc2.39", "python_version": "3.12.3", "std_cell_library": "sky130_fd_sc_hd"}, "environment_sha256": "93e51540bdc6ca00204f9afa642f6ce447eab3a253dcc174a6800569c93b4ec8", "executable": "/home/ubuntu/FlowGuard-recovery/.venv/openlane/bin/python", "git": {"commit": "359473443d47ade8cffa73ed61aa68e306d0c17c", "dirty": true}, "host": "openclaw", "librelane_container_image": "ghcr.io/librelane/librelane@sha256:f91b21d75f79871f9ccf37451020b5d2f7b3236881a997ff709c561e8280a30f", "librelane_version": "3.0.14", "pdk": "sky130A", "pdk_revision": "8afc8346a57fe1ab7934ba5a6056ea8b43078e71", "pdk_root": "/home/ubuntu/.ciel", "python_version": "3.12.3", "run_directory": "/home/ubuntu/FlowGuard-recovery/results/exhaustive_clock_sweep_v1/runs/trial_clock15-u30-d38-p2-g0p10-sAREA_1", "source_tree_sha256": "173b5f72887a56d254b5b14313fa6dec371b9b4a8bc652b50ceec1d31503ee61", "std_cell_library": "sky130_fd_sc_hd", "sys_executable": "/home/ubuntu/FlowGuard-recovery/.venv/openlane/bin/python"}, "runtime_s": 158.50262735696742, "started_at": "2026-09-15T21:58:51.412566Z", "status": "SUCCESS", "terminal_status": "SUCCESS", "trial_id": "clock15-u30-d38-p2-g0p10-sAREA_1"}
2026-09-15T22:01:30Z [exhaustive_clock_sweep_v1] start clock15-u30-d38-p2-g0p10-sAREA_2 timeout=1800s
{"command": ["/home/ubuntu/FlowGuard-recovery/.venv/openlane/bin/python", "-m", "librelane", "--docker-no-tty", "--dockerized", "--pdk-root", "/home/ubuntu/.ciel", "--pdk", "sky130A", "--scl", "sky130_fd_sc_hd", "--run-tag", "trial_clock15-u30-d38-p2-g0p10-sAREA_2", "/home/ubuntu/FlowGuard-recovery/results/exhaustive_clock_sweep_v1/configs/clock15-u30-d38-p2-g0p10-sAREA_2/config.json"], "config": "/home/ubuntu/FlowGuard-recovery/results/exhaustive_clock_sweep_v1/configs/clock15-u30-d38-p2-g0p10-sAREA_2/config.json", "config_sha256": "65b66f620ab958559f3566591b8344e07e169fe5fa56bbd9aac10995ce7b5fd5", "effective_config_sha256": "6c56840f59111e2fce49cef309d2d066572baa6ac1665a6405d1346024e36d08", "exit_code": 0, "failure_metadata": null, "failure_stage": null, "finished_at": "2026-09-15T22:04:30.000183Z", "metadata": {"environment": {"executable": "/home/ubuntu/FlowGuard-recovery/.venv/openlane/bin/python", "librelane_container_image": "ghcr.io/librelane/librelane@sha256:f91b21d75f79871f9ccf37451020b5d2f7b3236881a997ff709c561e8280a30f", "librelane_version": "3.0.14", "machine": "aarch64", "pdk": "sky130A", "pdk_revision": "8afc8346a57fe1ab7934ba5a6056ea8b43078e71", "pdk_root": "/home/ubuntu/.ciel", "platform": "Linux-6.17.0-1020-oracle-aarch64-with-glibc2.39", "python_version": "3.12.3", "std_cell_library": "sky130_fd_sc_hd"}, "environment_sha256": "93e51540bdc6ca00204f9afa642f6ce447eab3a253dcc174a6800569c93b4ec8", "executable": "/home/ubuntu/FlowGuard-recovery/.venv/openlane/bin/python", "git": {"commit": "359473443d47ade8cffa73ed61aa68e306d0c17c", "dirty": true}, "host": "openclaw", "librelane_container_image": "ghcr.io/librelane/librelane@sha256:f91b21d75f79871f9ccf37451020b5d2f7b3236881a997ff709c561e8280a30f", "librelane_version": "3.0.14", "pdk": "sky130A", "pdk_revision": "8afc8346a57fe1ab7934ba5a6056ea8b43078e71", "pdk_root": "/home/ubuntu/.ciel", "python_version": "3.12.3", "run_directory": "/home/ubuntu/FlowGuard-recovery/results/exhaustive_clock_sweep_v1/runs/trial_clock15-u30-d38-p2-g0p10-sAREA_2", "source_tree_sha256": "173b5f72887a56d254b5b14313fa6dec371b9b4a8bc652b50ceec1d31503ee61", "std_cell_library": "sky130_fd_sc_hd", "sys_executable": "/home/ubuntu/FlowGuard-recovery/.venv/openlane/bin/python"}, "runtime_s": 179.60270656103967, "started_at": "2026-09-15T22:01:30.393362Z", "status": "SUCCESS", "terminal_status": "SUCCESS", "trial_id": "clock15-u30-d38-p2-g0p10-sAREA_2"}
2026-09-15T22:04:30Z [exhaustive_clock_sweep_v1] start clock15-u30-d38-p2-g0p15-sAREA_0 timeout=1800s
{"command": ["/home/ubuntu/FlowGuard-recovery/.venv/openlane/bin/python", "-m", "librelane", "--docker-no-tty", "--dockerized", "--pdk-root", "/home/ubuntu/.ciel", "--pdk", "sky130A", "--scl", "sky130_fd_sc_hd", "--run-tag", "trial_clock15-u30-d38-p2-g0p15-sAREA_0", "/home/ubuntu/FlowGuard-recovery/results/exhaustive_clock_sweep_v1/configs/clock15-u30-d38-p2-g0p15-sAREA_0/config.json"], "config": "/home/ubuntu/FlowGuard-recovery/results/exhaustive_clock_sweep_v1/configs/clock15-u30-d38-p2-g0p15-sAREA_0/config.json", "config_sha256": "b0bc87037803e1c510e443edea718db32f5c85c45e47678a04bb685e7d120ff8", "effective_config_sha256": "b59be9f6dd61c995ae9a0a1af1f5d12fa35de261429c3adf0c2b752d1024f031", "exit_code": 0, "failure_metadata": null, "failure_stage": null, "finished_at": "2026-09-15T22:07:47.037613Z", "metadata": {"environment": {"executable": "/home/ubuntu/FlowGuard-recovery/.venv/openlane/bin/python", "librelane_container_image": "ghcr.io/librelane/librelane@sha256:f91b21d75f79871f9ccf37451020b5d2f7b3236881a997ff709c561e8280a30f", "librelane_version": "3.0.14", "machine": "aarch64", "pdk": "sky130A", "pdk_revision": "8afc8346a57fe1ab7934ba5a6056ea8b43078e71", "pdk_root": "/home/ubuntu/.ciel", "platform": "Linux-6.17.0-1020-oracle-aarch64-with-glibc2.39", "python_version": "3.12.3", "std_cell_library": "sky130_fd_sc_hd"}, "environment_sha256": "93e51540bdc6ca00204f9afa642f6ce447eab3a253dcc174a6800569c93b4ec8", "executable": "/home/ubuntu/FlowGuard-recovery/.venv/openlane/bin/python", "git": {"commit": "359473443d47ade8cffa73ed61aa68e306d0c17c", "dirty": true}, "host": "openclaw", "librelane_container_image": "ghcr.io/librelane/librelane@sha256:f91b21d75f79871f9ccf37451020b5d2f7b3236881a997ff709c561e8280a30f", "librelane_version": "3.0.14", "pdk": "sky130A", "pdk_revision": "8afc8346a57fe1ab7934ba5a6056ea8b43078e71", "pdk_root": "/home/ubuntu/.ciel", "python_version": "3.12.3", "run_directory": "/home/ubuntu/FlowGuard-recovery/results/exhaustive_clock_sweep_v1/runs/trial_clock15-u30-d38-p2-g0p15-sAREA_0", "source_tree_sha256": "173b5f72887a56d254b5b14313fa6dec371b9b4a8bc652b50ceec1d31503ee61", "std_cell_library": "sky130_fd_sc_hd", "sys_executable": "/home/ubuntu/FlowGuard-recovery/.venv/openlane/bin/python"}, "runtime_s": 196.5622388459742, "started_at": "2026-09-15T22:04:30.471341Z", "status": "SUCCESS", "terminal_status": "SUCCESS", "trial_id": "clock15-u30-d38-p2-g0p15-sAREA_0"}
2026-09-15T22:07:47Z [exhaustive_clock_sweep_v1] start clock15-u30-d38-p2-g0p15-sAREA_1 timeout=1800s
{"command": ["/home/ubuntu/FlowGuard-recovery/.venv/openlane/bin/python", "-m", "librelane", "--docker-no-tty", "--dockerized", "--pdk-root", "/home/ubuntu/.ciel", "--pdk", "sky130A", "--scl", "sky130_fd_sc_hd", "--run-tag", "trial_clock15-u30-d38-p2-g0p15-sAREA_1", "/home/ubuntu/FlowGuard-recovery/results/exhaustive_clock_sweep_v1/configs/clock15-u30-d38-p2-g0p15-sAREA_1/config.json"], "config": "/home/ubuntu/FlowGuard-recovery/results/exhaustive_clock_sweep_v1/configs/clock15-u30-d38-p2-g0p15-sAREA_1/config.json", "config_sha256": "0ecb7add8976a0e26b0c1df24ddcac1ec54fd4cb4928a4a1373fee42f55bb73f", "effective_config_sha256": "3c5cbd0126787367777bae27e634c9bb59075b488ff017e1b1131297026a3533", "exit_code": 0, "failure_metadata": null, "failure_stage": null, "finished_at": "2026-09-15T22:10:30.837223Z", "metadata": {"environment": {"executable": "/home/ubuntu/FlowGuard-recovery/.venv/openlane/bin/python", "librelane_container_image": "ghcr.io/librelane/librelane@sha256:f91b21d75f79871f9ccf37451020b5d2f7b3236881a997ff709c561e8280a30f", "librelane_version": "3.0.14", "machine": "aarch64", "pdk": "sky130A", "pdk_revision": "8afc8346a57fe1ab7934ba5a6056ea8b43078e71", "pdk_root": "/home/ubuntu/.ciel", "platform": "Linux-6.17.0-1020-oracle-aarch64-with-glibc2.39", "python_version": "3.12.3", "std_cell_library": "sky130_fd_sc_hd"}, "environment_sha256": "93e51540bdc6ca00204f9afa642f6ce447eab3a253dcc174a6800569c93b4ec8", "executable": "/home/ubuntu/FlowGuard-recovery/.venv/openlane/bin/python", "git": {"commit": "359473443d47ade8cffa73ed61aa68e306d0c17c", "dirty": true}, "host": "openclaw", "librelane_container_image": "ghcr.io/librelane/librelane@sha256:f91b21d75f79871f9ccf37451020b5d2f7b3236881a997ff709c561e8280a30f", "librelane_version": "3.0.14", "pdk": "sky130A", "pdk_revision": "8afc8346a57fe1ab7934ba5a6056ea8b43078e71", "pdk_root": "/home/ubuntu/.ciel", "python_version": "3.12.3", "run_directory": "/home/ubuntu/FlowGuard-recovery/results/exhaustive_clock_sweep_v1/runs/trial_clock15-u30-d38-p2-g0p15-sAREA_1", "source_tree_sha256": "173b5f72887a56d254b5b14313fa6dec371b9b4a8bc652b50ceec1d31503ee61", "std_cell_library": "sky130_fd_sc_hd", "sys_executable": "/home/ubuntu/FlowGuard-recovery/.venv/openlane/bin/python"}, "runtime_s": 163.32054561300902, "started_at": "2026-09-15T22:07:47.512421Z", "status": "SUCCESS", "terminal_status": "SUCCESS", "trial_id": "clock15-u30-d38-p2-g0p15-sAREA_1"}
2026-09-15T22:10:31Z [exhaustive_clock_sweep_v1] start clock15-u30-d38-p2-g0p15-sAREA_2 timeout=1800s
{"command": ["/home/ubuntu/FlowGuard-recovery/.venv/openlane/bin/python", "-m", "librelane", "--docker-no-tty", "--dockerized", "--pdk-root", "/home/ubuntu/.ciel", "--pdk", "sky130A", "--scl", "sky130_fd_sc_hd", "--run-tag", "trial_clock15-u30-d38-p2-g0p15-sAREA_2", "/home/ubuntu/FlowGuard-recovery/results/exhaustive_clock_sweep_v1/configs/clock15-u30-d38-p2-g0p15-sAREA_2/config.json"], "config": "/home/ubuntu/FlowGuard-recovery/results/exhaustive_clock_sweep_v1/configs/clock15-u30-d38-p2-g0p15-sAREA_2/config.json", "config_sha256": "83f6c217c9da76fb5ee14500ab3954289c3c1107b751fb50bc4101dc73686cb9", "effective_config_sha256": "5c4e9b37d5c4cf29f8aa8be426858803c80d30a023ddce39fe7e121618ee1373", "exit_code": 0, "failure_metadata": null, "failure_stage": null, "finished_at": "2026-09-15T22:13:09.471529Z", "metadata": {"environment": {"executable": "/home/ubuntu/FlowGuard-recovery/.venv/openlane/bin/python", "librelane_container_image": "ghcr.io/librelane/librelane@sha256:f91b21d75f79871f9ccf37451020b5d2f7b3236881a997ff709c561e8280a30f", "librelane_version": "3.0.14", "machine": "aarch64", "pdk": "sky130A", "pdk_revision": "8afc8346a57fe1ab7934ba5a6056ea8b43078e71", "pdk_root": "/home/ubuntu/.ciel", "platform": "Linux-6.17.0-1020-oracle-aarch64-with-glibc2.39", "python_version": "3.12.3", "std_cell_library": "sky130_fd_sc_hd"}, "environment_sha256": "93e51540bdc6ca00204f9afa642f6ce447eab3a253dcc174a6800569c93b4ec8", "executable": "/home/ubuntu/FlowGuard-recovery/.venv/openlane/bin/python", "git": {"commit": "359473443d47ade8cffa73ed61aa68e306d0c17c", "dirty": true}, "host": "openclaw", "librelane_container_image": "ghcr.io/librelane/librelane@sha256:f91b21d75f79871f9ccf37451020b5d2f7b3236881a997ff709c561e8280a30f", "librelane_version": "3.0.14", "pdk": "sky130A", "pdk_revision": "8afc8346a57fe1ab7934ba5a6056ea8b43078e71", "pdk_root": "/home/ubuntu/.ciel", "python_version": "3.12.3", "run_directory": "/home/ubuntu/FlowGuard-recovery/results/exhaustive_clock_sweep_v1/runs/trial_clock15-u30-d38-p2-g0p15-sAREA_2", "source_tree_sha256": "173b5f72887a56d254b5b14313fa6dec371b9b4a8bc652b50ceec1d31503ee61", "std_cell_library": "sky130_fd_sc_hd", "sys_executable": "/home/ubuntu/FlowGuard-recovery/.venv/openlane/bin/python"}, "runtime_s": 158.15134450502228, "started_at": "2026-09-15T22:10:31.316027Z", "status": "SUCCESS", "terminal_status": "SUCCESS", "trial_id": "clock15-u30-d38-p2-g0p15-sAREA_2"}
2026-09-15T22:13:09Z [exhaustive_clock_sweep_v1] start clock15-u30-d38-p2-g0p20-sAREA_0 timeout=1800s
{"command": ["/home/ubuntu/FlowGuard-recovery/.venv/openlane/bin/python", "-m", "librelane", "--docker-no-tty", "--dockerized", "--pdk-root", "/home/ubuntu/.ciel", "--pdk", "sky130A", "--scl", "sky130_fd_sc_hd", "--run-tag", "trial_clock15-u30-d38-p2-g0p20-sAREA_0", "/home/ubuntu/FlowGuard-recovery/results/exhaustive_clock_sweep_v1/configs/clock15-u30-d38-p2-g0p20-sAREA_0/config.json"], "config": "/home/ubuntu/FlowGuard-recovery/results/exhaustive_clock_sweep_v1/configs/clock15-u30-d38-p2-g0p20-sAREA_0/config.json", "config_sha256": "812de0de8e67b3dc93d5b30cbf110092d9cfc252cce456756e92c11006c41c79", "effective_config_sha256": "f94f20fc30ef25d25619909f8fbed7bd43fd05ca07e1922f9f962096ab70a6a2", "exit_code": 0, "failure_metadata": null, "failure_stage": null, "finished_at": "2026-09-15T22:16:05.765277Z", "metadata": {"environment": {"executable": "/home/ubuntu/FlowGuard-recovery/.venv/openlane/bin/python", "librelane_container_image": "ghcr.io/librelane/librelane@sha256:f91b21d75f79871f9ccf37451020b5d2f7b3236881a997ff709c561e8280a30f", "librelane_version": "3.0.14", "machine": "aarch64", "pdk": "sky130A", "pdk_revision": "8afc8346a57fe1ab7934ba5a6056ea8b43078e71", "pdk_root": "/home/ubuntu/.ciel", "platform": "Linux-6.17.0-1020-oracle-aarch64-with-glibc2.39", "python_version": "3.12.3", "std_cell_library": "sky130_fd_sc_hd"}, "environment_sha256": "93e51540bdc6ca00204f9afa642f6ce447eab3a253dcc174a6800569c93b4ec8", "executable": "/home/ubuntu/FlowGuard-recovery/.venv/openlane/bin/python", "git": {"commit": "359473443d47ade8cffa73ed61aa68e306d0c17c", "dirty": true}, "host": "openclaw", "librelane_container_image": "ghcr.io/librelane/librelane@sha256:f91b21d75f79871f9ccf37451020b5d2f7b3236881a997ff709c561e8280a30f", "librelane_version": "3.0.14", "pdk": "sky130A", "pdk_revision": "8afc8346a57fe1ab7934ba5a6056ea8b43078e71", "pdk_root": "/home/ubuntu/.ciel", "python_version": "3.12.3", "run_directory": "/home/ubuntu/FlowGuard-recovery/results/exhaustive_clock_sweep_v1/runs/trial_clock15-u30-d38-p2-g0p20-sAREA_0", "source_tree_sha256": "173b5f72887a56d254b5b14313fa6dec371b9b4a8bc652b50ceec1d31503ee61", "std_cell_library": "sky130_fd_sc_hd", "sys_executable": "/home/ubuntu/FlowGuard-recovery/.venv/openlane/bin/python"}, "runtime_s": 175.81918996502645, "started_at": "2026-09-15T22:13:09.941980Z", "status": "SUCCESS", "terminal_status": "SUCCESS", "trial_id": "clock15-u30-d38-p2-g0p20-sAREA_0"}
2026-09-15T22:16:06Z [exhaustive_clock_sweep_v1] start clock15-u30-d38-p2-g0p20-sAREA_1 timeout=1800s
{"command": ["/home/ubuntu/FlowGuard-recovery/.venv/openlane/bin/python", "-m", "librelane", "--docker-no-tty", "--dockerized", "--pdk-root", "/home/ubuntu/.ciel", "--pdk", "sky130A", "--scl", "sky130_fd_sc_hd", "--run-tag", "trial_clock15-u30-d38-p2-g0p20-sAREA_1", "/home/ubuntu/FlowGuard-recovery/results/exhaustive_clock_sweep_v1/configs/clock15-u30-d38-p2-g0p20-sAREA_1/config.json"], "config": "/home/ubuntu/FlowGuard-recovery/results/exhaustive_clock_sweep_v1/configs/clock15-u30-d38-p2-g0p20-sAREA_1/config.json", "config_sha256": "5fcd2cfe375a8d37be0261a2dec8746be845d70069198012a37a6ff0278036d4", "effective_config_sha256": "931e73787bec80cce6ba7d60af15b891c10ba285c54827487e28086bcd3d45a5", "exit_code": 0, "failure_metadata": null, "failure_stage": null, "finished_at": "2026-09-15T22:18:55.701549Z", "metadata": {"environment": {"executable": "/home/ubuntu/FlowGuard-recovery/.venv/openlane/bin/python", "librelane_container_image": "ghcr.io/librelane/librelane@sha256:f91b21d75f79871f9ccf37451020b5d2f7b3236881a997ff709c561e8280a30f", "librelane_version": "3.0.14", "machine": "aarch64", "pdk": "sky130A", "pdk_revision": "8afc8346a57fe1ab7934ba5a6056ea8b43078e71", "pdk_root": "/home/ubuntu/.ciel", "platform": "Linux-6.17.0-1020-oracle-aarch64-with-glibc2.39", "python_version": "3.12.3", "std_cell_library": "sky130_fd_sc_hd"}, "environment_sha256": "93e51540bdc6ca00204f9afa642f6ce447eab3a253dcc174a6800569c93b4ec8", "executable": "/home/ubuntu/FlowGuard-recovery/.venv/openlane/bin/python", "git": {"commit": "359473443d47ade8cffa73ed61aa68e306d0c17c", "dirty": true}, "host": "openclaw", "librelane_container_image": "ghcr.io/librelane/librelane@sha256:f91b21d75f79871f9ccf37451020b5d2f7b3236881a997ff709c561e8280a30f", "librelane_version": "3.0.14", "pdk": "sky130A", "pdk_revision": "8afc8346a57fe1ab7934ba5a6056ea8b43078e71", "pdk_root": "/home/ubuntu/.ciel", "python_version": "3.12.3", "run_directory": "/home/ubuntu/FlowGuard-recovery/results/exhaustive_clock_sweep_v1/runs/trial_clock15-u30-d38-p2-g0p20-sAREA_1", "source_tree_sha256": "173b5f72887a56d254b5b14313fa6dec371b9b4a8bc652b50ceec1d31503ee61", "std_cell_library": "sky130_fd_sc_hd", "sys_executable": "/home/ubuntu/FlowGuard-recovery/.venv/openlane/bin/python"}, "runtime_s": 169.44567262701457, "started_at": "2026-09-15T22:16:06.249023Z", "status": "SUCCESS", "terminal_status": "SUCCESS", "trial_id": "clock15-u30-d38-p2-g0p20-sAREA_1"}
2026-09-15T22:18:56Z [exhaustive_clock_sweep_v1] start clock15-u30-d38-p2-g0p20-sAREA_2 timeout=1800s
{"command": ["/home/ubuntu/FlowGuard-recovery/.venv/openlane/bin/python", "-m", "librelane", "--docker-no-tty", "--dockerized", "--pdk-root", "/home/ubuntu/.ciel", "--pdk", "sky130A", "--scl", "sky130_fd_sc_hd", "--run-tag", "trial_clock15-u30-d38-p2-g0p20-sAREA_2", "/home/ubuntu/FlowGuard-recovery/results/exhaustive_clock_sweep_v1/configs/clock15-u30-d38-p2-g0p20-sAREA_2/config.json"], "config": "/home/ubuntu/FlowGuard-recovery/results/exhaustive_clock_sweep_v1/configs/clock15-u30-d38-p2-g0p20-sAREA_2/config.json", "config_sha256": "5dccc223daa2d8f92feedd27519aa4832ea0055ceef321fdb25b397f4bd77d8e", "effective_config_sha256": "660fad620c9a2ae18e1329c1e3376c7d8e49f0043fe6285c077fe9f166bccf6b", "exit_code": 0, "failure_metadata": null, "failure_stage": null, "finished_at": "2026-09-15T22:21:44.968422Z", "metadata": {"environment": {"executable": "/home/ubuntu/FlowGuard-recovery/.venv/openlane/bin/python", "librelane_container_image": "ghcr.io/librelane/librelane@sha256:f91b21d75f79871f9ccf37451020b5d2f7b3236881a997ff709c561e8280a30f", "librelane_version": "3.0.14", "machine": "aarch64", "pdk": "sky130A", "pdk_revision": "8afc8346a57fe1ab7934ba5a6056ea8b43078e71", "pdk_root": "/home/ubuntu/.ciel", "platform": "Linux-6.17.0-1020-oracle-aarch64-with-glibc2.39", "python_version": "3.12.3", "std_cell_library": "sky130_fd_sc_hd"}, "environment_sha256": "93e51540bdc6ca00204f9afa642f6ce447eab3a253dcc174a6800569c93b4ec8", "executable": "/home/ubuntu/FlowGuard-recovery/.venv/openlane/bin/python", "git": {"commit": "359473443d47ade8cffa73ed61aa68e306d0c17c", "dirty": true}, "host": "openclaw", "librelane_container_image": "ghcr.io/librelane/librelane@sha256:f91b21d75f79871f9ccf37451020b5d2f7b3236881a997ff709c561e8280a30f", "librelane_version": "3.0.14", "pdk": "sky130A", "pdk_revision": "8afc8346a57fe1ab7934ba5a6056ea8b43078e71", "pdk_root": "/home/ubuntu/.ciel", "python_version": "3.12.3", "run_directory": "/home/ubuntu/FlowGuard-recovery/results/exhaustive_clock_sweep_v1/runs/trial_clock15-u30-d38-p2-g0p20-sAREA_2", "source_tree_sha256": "173b5f72887a56d254b5b14313fa6dec371b9b4a8bc652b50ceec1d31503ee61", "std_cell_library": "sky130_fd_sc_hd", "sys_executable": "/home/ubuntu/FlowGuard-recovery/.venv/openlane/bin/python"}, "runtime_s": 168.78777244401863, "started_at": "2026-09-15T22:18:56.176670Z", "status": "SUCCESS", "terminal_status": "SUCCESS", "trial_id": "clock15-u30-d38-p2-g0p20-sAREA_2"}
2026-09-15T22:21:45Z [exhaustive_clock_sweep_v1] start clock15-u30-d45-p0-g0p05-sAREA_0 timeout=1800s
{"command": ["/home/ubuntu/FlowGuard-recovery/.venv/openlane/bin/python", "-m", "librelane", "--docker-no-tty", "--dockerized", "--pdk-root", "/home/ubuntu/.ciel", "--pdk", "sky130A", "--scl", "sky130_fd_sc_hd", "--run-tag", "trial_clock15-u30-d45-p0-g0p05-sAREA_0", "/home/ubuntu/FlowGuard-recovery/results/exhaustive_clock_sweep_v1/configs/clock15-u30-d45-p0-g0p05-sAREA_0/config.json"], "config": "/home/ubuntu/FlowGuard-recovery/results/exhaustive_clock_sweep_v1/configs/clock15-u30-d45-p0-g0p05-sAREA_0/config.json", "config_sha256": "c0602b907dc8e38846b9ae5701e7d0eb7ac36123402e17dc99275c347b31dbda", "effective_config_sha256": "94de21f9d9e16196a2f617fb173e7da7df24921a8eb7fc9f6cd291abf99119b5", "exit_code": 0, "failure_metadata": null, "failure_stage": null, "finished_at": "2026-09-15T22:24:34.975480Z", "metadata": {"environment": {"executable": "/home/ubuntu/FlowGuard-recovery/.venv/openlane/bin/python", "librelane_container_image": "ghcr.io/librelane/librelane@sha256:f91b21d75f79871f9ccf37451020b5d2f7b3236881a997ff709c561e8280a30f", "librelane_version": "3.0.14", "machine": "aarch64", "pdk": "sky130A", "pdk_revision": "8afc8346a57fe1ab7934ba5a6056ea8b43078e71", "pdk_root": "/home/ubuntu/.ciel", "platform": "Linux-6.17.0-1020-oracle-aarch64-with-glibc2.39", "python_version": "3.12.3", "std_cell_library": "sky130_fd_sc_hd"}, "environment_sha256": "93e51540bdc6ca00204f9afa642f6ce447eab3a253dcc174a6800569c93b4ec8", "executable": "/home/ubuntu/FlowGuard-recovery/.venv/openlane/bin/python", "git": {"commit": "359473443d47ade8cffa73ed61aa68e306d0c17c", "dirty": true}, "host": "openclaw", "librelane_container_image": "ghcr.io/librelane/librelane@sha256:f91b21d75f79871f9ccf37451020b5d2f7b3236881a997ff709c561e8280a30f", "librelane_version": "3.0.14", "pdk": "sky130A", "pdk_revision": "8afc8346a57fe1ab7934ba5a6056ea8b43078e71", "pdk_root": "/home/ubuntu/.ciel", "python_version": "3.12.3", "run_directory": "/home/ubuntu/FlowGuard-recovery/results/exhaustive_clock_sweep_v1/runs/trial_clock15-u30-d45-p0-g0p05-sAREA_0", "source_tree_sha256": "173b5f72887a56d254b5b14313fa6dec371b9b4a8bc652b50ceec1d31503ee61", "std_cell_library": "sky130_fd_sc_hd", "sys_executable": "/home/ubuntu/FlowGuard-recovery/.venv/openlane/bin/python"}, "runtime_s": 169.52320524596144, "started_at": "2026-09-15T22:21:45.448191Z", "status": "SUCCESS", "terminal_status": "SUCCESS", "trial_id": "clock15-u30-d45-p0-g0p05-sAREA_0"}
2026-09-15T22:24:35Z [exhaustive_clock_sweep_v1] start clock15-u30-d45-p0-g0p05-sAREA_1 timeout=1800s
{"command": ["/home/ubuntu/FlowGuard-recovery/.venv/openlane/bin/python", "-m", "librelane", "--docker-no-tty", "--dockerized", "--pdk-root", "/home/ubuntu/.ciel", "--pdk", "sky130A", "--scl", "sky130_fd_sc_hd", "--run-tag", "trial_clock15-u30-d45-p0-g0p05-sAREA_1", "/home/ubuntu/FlowGuard-recovery/results/exhaustive_clock_sweep_v1/configs/clock15-u30-d45-p0-g0p05-sAREA_1/config.json"], "config": "/home/ubuntu/FlowGuard-recovery/results/exhaustive_clock_sweep_v1/configs/clock15-u30-d45-p0-g0p05-sAREA_1/config.json", "config_sha256": "72d38ff76e8b1686d9672316bc622da5d5f8dc03f7b6bbddb7140084135b1635", "effective_config_sha256": "29e31b08cb83ee30bf8aa5fdfc1030fda43817e95f9a9d170ea42859c0fcd67e", "exit_code": 0, "failure_metadata": null, "failure_stage": null, "finished_at": "2026-09-15T22:27:35.726880Z", "metadata": {"environment": {"executable": "/home/ubuntu/FlowGuard-recovery/.venv/openlane/bin/python", "librelane_container_image": "ghcr.io/librelane/librelane@sha256:f91b21d75f79871f9ccf37451020b5d2f7b3236881a997ff709c561e8280a30f", "librelane_version": "3.0.14", "machine": "aarch64", "pdk": "sky130A", "pdk_revision": "8afc8346a57fe1ab7934ba5a6056ea8b43078e71", "pdk_root": "/home/ubuntu/.ciel", "platform": "Linux-6.17.0-1020-oracle-aarch64-with-glibc2.39", "python_version": "3.12.3", "std_cell_library": "sky130_fd_sc_hd"}, "environment_sha256": "93e51540bdc6ca00204f9afa642f6ce447eab3a253dcc174a6800569c93b4ec8", "executable": "/home/ubuntu/FlowGuard-recovery/.venv/openlane/bin/python", "git": {"commit": "359473443d47ade8cffa73ed61aa68e306d0c17c", "dirty": true}, "host": "openclaw", "librelane_container_image": "ghcr.io/librelane/librelane@sha256:f91b21d75f79871f9ccf37451020b5d2f7b3236881a997ff709c561e8280a30f", "librelane_version": "3.0.14", "pdk": "sky130A", "pdk_revision": "8afc8346a57fe1ab7934ba5a6056ea8b43078e71", "pdk_root": "/home/ubuntu/.ciel", "python_version": "3.12.3", "run_directory": "/home/ubuntu/FlowGuard-recovery/results/exhaustive_clock_sweep_v1/runs/trial_clock15-u30-d45-p0-g0p05-sAREA_1", "source_tree_sha256": "173b5f72887a56d254b5b14313fa6dec371b9b4a8bc652b50ceec1d31503ee61", "std_cell_library": "sky130_fd_sc_hd", "sys_executable": "/home/ubuntu/FlowGuard-recovery/.venv/openlane/bin/python"}, "runtime_s": 180.2699576250161, "started_at": "2026-09-15T22:24:35.452673Z", "status": "SUCCESS", "terminal_status": "SUCCESS", "trial_id": "clock15-u30-d45-p0-g0p05-sAREA_1"}
2026-09-15T22:27:36Z [exhaustive_clock_sweep_v1] start clock15-u30-d45-p0-g0p05-sAREA_2 timeout=1800s
{"command": ["/home/ubuntu/FlowGuard-recovery/.venv/openlane/bin/python", "-m", "librelane", "--docker-no-tty", "--dockerized", "--pdk-root", "/home/ubuntu/.ciel", "--pdk", "sky130A", "--scl", "sky130_fd_sc_hd", "--run-tag", "trial_clock15-u30-d45-p0-g0p05-sAREA_2", "/home/ubuntu/FlowGuard-recovery/results/exhaustive_clock_sweep_v1/configs/clock15-u30-d45-p0-g0p05-sAREA_2/config.json"], "config": "/home/ubuntu/FlowGuard-recovery/results/exhaustive_clock_sweep_v1/configs/clock15-u30-d45-p0-g0p05-sAREA_2/config.json", "config_sha256": "a120b7a0919841033d0a9d9d3ea4c52da9af6d3d019fbabba6739181d7166928", "effective_config_sha256": "0d19d409600aa92225383214cf0c1aaef86a60fc0d50733e3d2c8c830d7b2d33", "exit_code": 0, "failure_metadata": null, "failure_stage": null, "finished_at": "2026-09-15T22:31:05.057911Z", "metadata": {"environment": {"executable": "/home/ubuntu/FlowGuard-recovery/.venv/openlane/bin/python", "librelane_container_image": "ghcr.io/librelane/librelane@sha256:f91b21d75f79871f9ccf37451020b5d2f7b3236881a997ff709c561e8280a30f", "librelane_version": "3.0.14", "machine": "aarch64", "pdk": "sky130A", "pdk_revision": "8afc8346a57fe1ab7934ba5a6056ea8b43078e71", "pdk_root": "/home/ubuntu/.ciel", "platform": "Linux-6.17.0-1020-oracle-aarch64-with-glibc2.39", "python_version": "3.12.3", "std_cell_library": "sky130_fd_sc_hd"}, "environment_sha256": "93e51540bdc6ca00204f9afa642f6ce447eab3a253dcc174a6800569c93b4ec8", "executable": "/home/ubuntu/FlowGuard-recovery/.venv/openlane/bin/python", "git": {"commit": "359473443d47ade8cffa73ed61aa68e306d0c17c", "dirty": true}, "host": "openclaw", "librelane_container_image": "ghcr.io/librelane/librelane@sha256:f91b21d75f79871f9ccf37451020b5d2f7b3236881a997ff709c561e8280a30f", "librelane_version": "3.0.14", "pdk": "sky130A", "pdk_revision": "8afc8346a57fe1ab7934ba5a6056ea8b43078e71", "pdk_root": "/home/ubuntu/.ciel", "python_version": "3.12.3", "run_directory": "/home/ubuntu/FlowGuard-recovery/results/exhaustive_clock_sweep_v1/runs/trial_clock15-u30-d45-p0-g0p05-sAREA_2", "source_tree_sha256": "173b5f72887a56d254b5b14313fa6dec371b9b4a8bc652b50ceec1d31503ee61", "std_cell_library": "sky130_fd_sc_hd", "sys_executable": "/home/ubuntu/FlowGuard-recovery/.venv/openlane/bin/python"}, "runtime_s": 208.83256106998306, "started_at": "2026-09-15T22:27:36.221118Z", "status": "SUCCESS", "terminal_status": "SUCCESS", "trial_id": "clock15-u30-d45-p0-g0p05-sAREA_2"}
2026-09-15T22:31:05Z [exhaustive_clock_sweep_v1] start clock15-u30-d45-p0-g0p10-sAREA_0 timeout=1800s
{"command": ["/home/ubuntu/FlowGuard-recovery/.venv/openlane/bin/python", "-m", "librelane", "--docker-no-tty", "--dockerized", "--pdk-root", "/home/ubuntu/.ciel", "--pdk", "sky130A", "--scl", "sky130_fd_sc_hd", "--run-tag", "trial_clock15-u30-d45-p0-g0p10-sAREA_0", "/home/ubuntu/FlowGuard-recovery/results/exhaustive_clock_sweep_v1/configs/clock15-u30-d45-p0-g0p10-sAREA_0/config.json"], "config": "/home/ubuntu/FlowGuard-recovery/results/exhaustive_clock_sweep_v1/configs/clock15-u30-d45-p0-g0p10-sAREA_0/config.json", "config_sha256": "9f05859d6556d0586ae3565e6bf95f67ad0cf91f78ccf1681fbe20f64baebd04", "effective_config_sha256": "264c0e06acf37a6cb7f6d0aa8c6f6aa1b420818960cbf82e4bcc1a893d0091c6", "exit_code": 0, "failure_metadata": null, "failure_stage": null, "finished_at": "2026-09-15T22:33:47.266383Z", "metadata": {"environment": {"executable": "/home/ubuntu/FlowGuard-recovery/.venv/openlane/bin/python", "librelane_container_image": "ghcr.io/librelane/librelane@sha256:f91b21d75f79871f9ccf37451020b5d2f7b3236881a997ff709c561e8280a30f", "librelane_version": "3.0.14", "machine": "aarch64", "pdk": "sky130A", "pdk_revision": "8afc8346a57fe1ab7934ba5a6056ea8b43078e71", "pdk_root": "/home/ubuntu/.ciel", "platform": "Linux-6.17.0-1020-oracle-aarch64-with-glibc2.39", "python_version": "3.12.3", "std_cell_library": "sky130_fd_sc_hd"}, "environment_sha256": "93e51540bdc6ca00204f9afa642f6ce447eab3a253dcc174a6800569c93b4ec8", "executable": "/home/ubuntu/FlowGuard-recovery/.venv/openlane/bin/python", "git": {"commit": "359473443d47ade8cffa73ed61aa68e306d0c17c", "dirty": true}, "host": "openclaw", "librelane_container_image": "ghcr.io/librelane/librelane@sha256:f91b21d75f79871f9ccf37451020b5d2f7b3236881a997ff709c561e8280a30f", "librelane_version": "3.0.14", "pdk": "sky130A", "pdk_revision": "8afc8346a57fe1ab7934ba5a6056ea8b43078e71", "pdk_root": "/home/ubuntu/.ciel", "python_version": "3.12.3", "run_directory": "/home/ubuntu/FlowGuard-recovery/results/exhaustive_clock_sweep_v1/runs/trial_clock15-u30-d45-p0-g0p10-sAREA_0", "source_tree_sha256": "173b5f72887a56d254b5b14313fa6dec371b9b4a8bc652b50ceec1d31503ee61", "std_cell_library": "sky130_fd_sc_hd", "sys_executable": "/home/ubuntu/FlowGuard-recovery/.venv/openlane/bin/python"}, "runtime_s": 161.71844966401113, "started_at": "2026-09-15T22:31:05.543916Z", "status": "SUCCESS", "terminal_status": "SUCCESS", "trial_id": "clock15-u30-d45-p0-g0p10-sAREA_0"}
2026-09-15T22:33:47Z [exhaustive_clock_sweep_v1] start clock15-u30-d45-p0-g0p10-sAREA_1 timeout=1800s
{"command": ["/home/ubuntu/FlowGuard-recovery/.venv/openlane/bin/python", "-m", "librelane", "--docker-no-tty", "--dockerized", "--pdk-root", "/home/ubuntu/.ciel", "--pdk", "sky130A", "--scl", "sky130_fd_sc_hd", "--run-tag", "trial_clock15-u30-d45-p0-g0p10-sAREA_1", "/home/ubuntu/FlowGuard-recovery/results/exhaustive_clock_sweep_v1/configs/clock15-u30-d45-p0-g0p10-sAREA_1/config.json"], "config": "/home/ubuntu/FlowGuard-recovery/results/exhaustive_clock_sweep_v1/configs/clock15-u30-d45-p0-g0p10-sAREA_1/config.json", "config_sha256": "7162578cce666e7bcca1b6d7da0d1e26eb3077d4dad84d6f7bc20ce27ef3a2f4", "effective_config_sha256": "4778ecd49f845ea3107c56b4db6fd163c04e73ad6e32920ef59d37f46600f7c6", "exit_code": 0, "failure_metadata": null, "failure_stage": null, "finished_at": "2026-09-15T22:36:28.983016Z", "metadata": {"environment": {"executable": "/home/ubuntu/FlowGuard-recovery/.venv/openlane/bin/python", "librelane_container_image": "ghcr.io/librelane/librelane@sha256:f91b21d75f79871f9ccf37451020b5d2f7b3236881a997ff709c561e8280a30f", "librelane_version": "3.0.14", "machine": "aarch64", "pdk": "sky130A", "pdk_revision": "8afc8346a57fe1ab7934ba5a6056ea8b43078e71", "pdk_root": "/home/ubuntu/.ciel", "platform": "Linux-6.17.0-1020-oracle-aarch64-with-glibc2.39", "python_version": "3.12.3", "std_cell_library": "sky130_fd_sc_hd"}, "environment_sha256": "93e51540bdc6ca00204f9afa642f6ce447eab3a253dcc174a6800569c93b4ec8", "executable": "/home/ubuntu/FlowGuard-recovery/.venv/openlane/bin/python", "git": {"commit": "359473443d47ade8cffa73ed61aa68e306d0c17c", "dirty": true}, "host": "openclaw", "librelane_container_image": "ghcr.io/librelane/librelane@sha256:f91b21d75f79871f9ccf37451020b5d2f7b3236881a997ff709c561e8280a30f", "librelane_version": "3.0.14", "pdk": "sky130A", "pdk_revision": "8afc8346a57fe1ab7934ba5a6056ea8b43078e71", "pdk_root": "/home/ubuntu/.ciel", "python_version": "3.12.3", "run_directory": "/home/ubuntu/FlowGuard-recovery/results/exhaustive_clock_sweep_v1/runs/trial_clock15-u30-d45-p0-g0p10-sAREA_1", "source_tree_sha256": "173b5f72887a56d254b5b14313fa6dec371b9b4a8bc652b50ceec1d31503ee61", "std_cell_library": "sky130_fd_sc_hd", "sys_executable": "/home/ubuntu/FlowGuard-recovery/.venv/openlane/bin/python"}, "runtime_s": 161.2263092350331, "started_at": "2026-09-15T22:33:47.752645Z", "status": "SUCCESS", "terminal_status": "SUCCESS", "trial_id": "clock15-u30-d45-p0-g0p10-sAREA_1"}
2026-09-15T22:36:29Z [exhaustive_clock_sweep_v1] start clock15-u30-d45-p0-g0p10-sAREA_2 timeout=1800s
{"command": ["/home/ubuntu/FlowGuard-recovery/.venv/openlane/bin/python", "-m", "librelane", "--docker-no-tty", "--dockerized", "--pdk-root", "/home/ubuntu/.ciel", "--pdk", "sky130A", "--scl", "sky130_fd_sc_hd", "--run-tag", "trial_clock15-u30-d45-p0-g0p10-sAREA_2", "/home/ubuntu/FlowGuard-recovery/results/exhaustive_clock_sweep_v1/configs/clock15-u30-d45-p0-g0p10-sAREA_2/config.json"], "config": "/home/ubuntu/FlowGuard-recovery/results/exhaustive_clock_sweep_v1/configs/clock15-u30-d45-p0-g0p10-sAREA_2/config.json", "config_sha256": "f82a868506cfc6e1244863f357c0162ec9067d6502698751d3b642f44d7c8ec1", "effective_config_sha256": "1bcabaf9fa0a0a1395ad3a2fd63b387ebd638250b8e5f2e9bf03ce6c18d222b4", "exit_code": 0, "failure_metadata": null, "failure_stage": null, "finished_at": "2026-09-15T22:39:34.404658Z", "metadata": {"environment": {"executable": "/home/ubuntu/FlowGuard-recovery/.venv/openlane/bin/python", "librelane_container_image": "ghcr.io/librelane/librelane@sha256:f91b21d75f79871f9ccf37451020b5d2f7b3236881a997ff709c561e8280a30f", "librelane_version": "3.0.14", "machine": "aarch64", "pdk": "sky130A", "pdk_revision": "8afc8346a57fe1ab7934ba5a6056ea8b43078e71", "pdk_root": "/home/ubuntu/.ciel", "platform": "Linux-6.17.0-1020-oracle-aarch64-with-glibc2.39", "python_version": "3.12.3", "std_cell_library": "sky130_fd_sc_hd"}, "environment_sha256": "93e51540bdc6ca00204f9afa642f6ce447eab3a253dcc174a6800569c93b4ec8", "executable": "/home/ubuntu/FlowGuard-recovery/.venv/openlane/bin/python", "git": {"commit": "359473443d47ade8cffa73ed61aa68e306d0c17c", "dirty": true}, "host": "openclaw", "librelane_container_image": "ghcr.io/librelane/librelane@sha256:f91b21d75f79871f9ccf37451020b5d2f7b3236881a997ff709c561e8280a30f", "librelane_version": "3.0.14", "pdk": "sky130A", "pdk_revision": "8afc8346a57fe1ab7934ba5a6056ea8b43078e71", "pdk_root": "/home/ubuntu/.ciel", "python_version": "3.12.3", "run_directory": "/home/ubuntu/FlowGuard-recovery/results/exhaustive_clock_sweep_v1/runs/trial_clock15-u30-d45-p0-g0p10-sAREA_2", "source_tree_sha256": "173b5f72887a56d254b5b14313fa6dec371b9b4a8bc652b50ceec1d31503ee61", "std_cell_library": "sky130_fd_sc_hd", "sys_executable": "/home/ubuntu/FlowGuard-recovery/.venv/openlane/bin/python"}, "runtime_s": 184.94528764602728, "started_at": "2026-09-15T22:36:29.455166Z", "status": "SUCCESS", "terminal_status": "SUCCESS", "trial_id": "clock15-u30-d45-p0-g0p10-sAREA_2"}
2026-09-15T22:39:34Z [exhaustive_clock_sweep_v1] start clock15-u30-d45-p0-g0p15-sAREA_0 timeout=1800s
{"command": ["/home/ubuntu/FlowGuard-recovery/.venv/openlane/bin/python", "-m", "librelane", "--docker-no-tty", "--dockerized", "--pdk-root", "/home/ubuntu/.ciel", "--pdk", "sky130A", "--scl", "sky130_fd_sc_hd", "--run-tag", "trial_clock15-u30-d45-p0-g0p15-sAREA_0", "/home/ubuntu/FlowGuard-recovery/results/exhaustive_clock_sweep_v1/configs/clock15-u30-d45-p0-g0p15-sAREA_0/config.json"], "config": "/home/ubuntu/FlowGuard-recovery/results/exhaustive_clock_sweep_v1/configs/clock15-u30-d45-p0-g0p15-sAREA_0/config.json", "config_sha256": "d05ecbfe50e987a55cd8a456c24f6d70f8536d35635d1ee886d3da5e65a42519", "effective_config_sha256": "60cf23f9713f8aadf8ccfab6aefc4f43d2dacaec33ed20b4ab4e06565d755b8a", "exit_code": 0, "failure_metadata": null, "failure_stage": null, "finished_at": "2026-09-15T22:42:34.996568Z", "metadata": {"environment": {"executable": "/home/ubuntu/FlowGuard-recovery/.venv/openlane/bin/python", "librelane_container_image": "ghcr.io/librelane/librelane@sha256:f91b21d75f79871f9ccf37451020b5d2f7b3236881a997ff709c561e8280a30f", "librelane_version": "3.0.14", "machine": "aarch64", "pdk": "sky130A", "pdk_revision": "8afc8346a57fe1ab7934ba5a6056ea8b43078e71", "pdk_root": "/home/ubuntu/.ciel", "platform": "Linux-6.17.0-1020-oracle-aarch64-with-glibc2.39", "python_version": "3.12.3", "std_cell_library": "sky130_fd_sc_hd"}, "environment_sha256": "93e51540bdc6ca00204f9afa642f6ce447eab3a253dcc174a6800569c93b4ec8", "executable": "/home/ubuntu/FlowGuard-recovery/.venv/openlane/bin/python", "git": {"commit": "359473443d47ade8cffa73ed61aa68e306d0c17c", "dirty": true}, "host": "openclaw", "librelane_container_image": "ghcr.io/librelane/librelane@sha256:f91b21d75f79871f9ccf37451020b5d2f7b3236881a997ff709c561e8280a30f", "librelane_version": "3.0.14", "pdk": "sky130A", "pdk_revision": "8afc8346a57fe1ab7934ba5a6056ea8b43078e71", "pdk_root": "/home/ubuntu/.ciel", "python_version": "3.12.3", "run_directory": "/home/ubuntu/FlowGuard-recovery/results/exhaustive_clock_sweep_v1/runs/trial_clock15-u30-d45-p0-g0p15-sAREA_0", "source_tree_sha256": "173b5f72887a56d254b5b14313fa6dec371b9b4a8bc652b50ceec1d31503ee61", "std_cell_library": "sky130_fd_sc_hd", "sys_executable": "/home/ubuntu/FlowGuard-recovery/.venv/openlane/bin/python"}, "runtime_s": 180.11577021103585, "started_at": "2026-09-15T22:39:34.876645Z", "status": "SUCCESS", "terminal_status": "SUCCESS", "trial_id": "clock15-u30-d45-p0-g0p15-sAREA_0"}
2026-09-15T22:42:35Z [exhaustive_clock_sweep_v1] start clock15-u30-d45-p0-g0p15-sAREA_1 timeout=1800s
{"command": ["/home/ubuntu/FlowGuard-recovery/.venv/openlane/bin/python", "-m", "librelane", "--docker-no-tty", "--dockerized", "--pdk-root", "/home/ubuntu/.ciel", "--pdk", "sky130A", "--scl", "sky130_fd_sc_hd", "--run-tag", "trial_clock15-u30-d45-p0-g0p15-sAREA_1", "/home/ubuntu/FlowGuard-recovery/results/exhaustive_clock_sweep_v1/configs/clock15-u30-d45-p0-g0p15-sAREA_1/config.json"], "config": "/home/ubuntu/FlowGuard-recovery/results/exhaustive_clock_sweep_v1/configs/clock15-u30-d45-p0-g0p15-sAREA_1/config.json", "config_sha256": "cc0066b78039c89e57a29c886a7a5d6c285a58e6b749f588c5ba2e80735ba3c7", "effective_config_sha256": "b4407ed16c4ddb842c0d3566da216eacc01f046ae18cbd5eaec7c2119b564cf3", "exit_code": 0, "failure_metadata": null, "failure_stage": null, "finished_at": "2026-09-15T22:45:44.763261Z", "metadata": {"environment": {"executable": "/home/ubuntu/FlowGuard-recovery/.venv/openlane/bin/python", "librelane_container_image": "ghcr.io/librelane/librelane@sha256:f91b21d75f79871f9ccf37451020b5d2f7b3236881a997ff709c561e8280a30f", "librelane_version": "3.0.14", "machine": "aarch64", "pdk": "sky130A", "pdk_revision": "8afc8346a57fe1ab7934ba5a6056ea8b43078e71", "pdk_root": "/home/ubuntu/.ciel", "platform": "Linux-6.17.0-1020-oracle-aarch64-with-glibc2.39", "python_version": "3.12.3", "std_cell_library": "sky130_fd_sc_hd"}, "environment_sha256": "93e51540bdc6ca00204f9afa642f6ce447eab3a253dcc174a6800569c93b4ec8", "executable": "/home/ubuntu/FlowGuard-recovery/.venv/openlane/bin/python", "git": {"commit": "359473443d47ade8cffa73ed61aa68e306d0c17c", "dirty": true}, "host": "openclaw", "librelane_container_image": "ghcr.io/librelane/librelane@sha256:f91b21d75f79871f9ccf37451020b5d2f7b3236881a997ff709c561e8280a30f", "librelane_version": "3.0.14", "pdk": "sky130A", "pdk_revision": "8afc8346a57fe1ab7934ba5a6056ea8b43078e71", "pdk_root": "/home/ubuntu/.ciel", "python_version": "3.12.3", "run_directory": "/home/ubuntu/FlowGuard-recovery/results/exhaustive_clock_sweep_v1/runs/trial_clock15-u30-d45-p0-g0p15-sAREA_1", "source_tree_sha256": "173b5f72887a56d254b5b14313fa6dec371b9b4a8bc652b50ceec1d31503ee61", "std_cell_library": "sky130_fd_sc_hd", "sys_executable": "/home/ubuntu/FlowGuard-recovery/.venv/openlane/bin/python"}, "runtime_s": 189.29241599701345, "started_at": "2026-09-15T22:42:35.466680Z", "status": "SUCCESS", "terminal_status": "SUCCESS", "trial_id": "clock15-u30-d45-p0-g0p15-sAREA_1"}
2026-09-15T22:45:45Z [exhaustive_clock_sweep_v1] start clock15-u30-d45-p0-g0p15-sAREA_2 timeout=1800s
{"command": ["/home/ubuntu/FlowGuard-recovery/.venv/openlane/bin/python", "-m", "librelane", "--docker-no-tty", "--dockerized", "--pdk-root", "/home/ubuntu/.ciel", "--pdk", "sky130A", "--scl", "sky130_fd_sc_hd", "--run-tag", "trial_clock15-u30-d45-p0-g0p15-sAREA_2", "/home/ubuntu/FlowGuard-recovery/results/exhaustive_clock_sweep_v1/configs/clock15-u30-d45-p0-g0p15-sAREA_2/config.json"], "config": "/home/ubuntu/FlowGuard-recovery/results/exhaustive_clock_sweep_v1/configs/clock15-u30-d45-p0-g0p15-sAREA_2/config.json", "config_sha256": "17a4b2114eca5d42a8b17aafa5d81063b9cbb5f8aa290f97e658a06e6337771b", "effective_config_sha256": "481372d27cca232c5128fa7e1fb1043d76ca7ca85bc317f1d5db5a37db8681b2", "exit_code": 0, "failure_metadata": null, "failure_stage": null, "finished_at": "2026-09-15T22:48:19.872406Z", "metadata": {"environment": {"executable": "/home/ubuntu/FlowGuard-recovery/.venv/openlane/bin/python", "librelane_container_image": "ghcr.io/librelane/librelane@sha256:f91b21d75f79871f9ccf37451020b5d2f7b3236881a997ff709c561e8280a30f", "librelane_version": "3.0.14", "machine": "aarch64", "pdk": "sky130A", "pdk_revision": "8afc8346a57fe1ab7934ba5a6056ea8b43078e71", "pdk_root": "/home/ubuntu/.ciel", "platform": "Linux-6.17.0-1020-oracle-aarch64-with-glibc2.39", "python_version": "3.12.3", "std_cell_library": "sky130_fd_sc_hd"}, "environment_sha256": "93e51540bdc6ca00204f9afa642f6ce447eab3a253dcc174a6800569c93b4ec8", "executable": "/home/ubuntu/FlowGuard-recovery/.venv/openlane/bin/python", "git": {"commit": "359473443d47ade8cffa73ed61aa68e306d0c17c", "dirty": true}, "host": "openclaw", "librelane_container_image": "ghcr.io/librelane/librelane@sha256:f91b21d75f79871f9ccf37451020b5d2f7b3236881a997ff709c561e8280a30f", "librelane_version": "3.0.14", "pdk": "sky130A", "pdk_revision": "8afc8346a57fe1ab7934ba5a6056ea8b43078e71", "pdk_root": "/home/ubuntu/.ciel", "python_version": "3.12.3", "run_directory": "/home/ubuntu/FlowGuard-recovery/results/exhaustive_clock_sweep_v1/runs/trial_clock15-u30-d45-p0-g0p15-sAREA_2", "source_tree_sha256": "173b5f72887a56d254b5b14313fa6dec371b9b4a8bc652b50ceec1d31503ee61", "std_cell_library": "sky130_fd_sc_hd", "sys_executable": "/home/ubuntu/FlowGuard-recovery/.venv/openlane/bin/python"}, "runtime_s": 154.63465629896382, "started_at": "2026-09-15T22:45:45.233662Z", "status": "SUCCESS", "terminal_status": "SUCCESS", "trial_id": "clock15-u30-d45-p0-g0p15-sAREA_2"}
2026-09-15T22:48:20Z [exhaustive_clock_sweep_v1] start clock15-u30-d45-p0-g0p20-sAREA_0 timeout=1800s
{"command": ["/home/ubuntu/FlowGuard-recovery/.venv/openlane/bin/python", "-m", "librelane", "--docker-no-tty", "--dockerized", "--pdk-root", "/home/ubuntu/.ciel", "--pdk", "sky130A", "--scl", "sky130_fd_sc_hd", "--run-tag", "trial_clock15-u30-d45-p0-g0p20-sAREA_0", "/home/ubuntu/FlowGuard-recovery/results/exhaustive_clock_sweep_v1/configs/clock15-u30-d45-p0-g0p20-sAREA_0/config.json"], "config": "/home/ubuntu/FlowGuard-recovery/results/exhaustive_clock_sweep_v1/configs/clock15-u30-d45-p0-g0p20-sAREA_0/config.json", "config_sha256": "8849c0a3502bfd7bc7237528977eb74210f153d405c436014f7884a61d6c65c4", "effective_config_sha256": "8149a73e5c94e2ca616650541987e4225968dcfc0c872c79d858d1db0b58a1f6", "exit_code": 0, "failure_metadata": null, "failure_stage": null, "finished_at": "2026-09-15T22:51:18.567258Z", "metadata": {"environment": {"executable": "/home/ubuntu/FlowGuard-recovery/.venv/openlane/bin/python", "librelane_container_image": "ghcr.io/librelane/librelane@sha256:f91b21d75f79871f9ccf37451020b5d2f7b3236881a997ff709c561e8280a30f", "librelane_version": "3.0.14", "machine": "aarch64", "pdk": "sky130A", "pdk_revision": "8afc8346a57fe1ab7934ba5a6056ea8b43078e71", "pdk_root": "/home/ubuntu/.ciel", "platform": "Linux-6.17.0-1020-oracle-aarch64-with-glibc2.39", "python_version": "3.12.3", "std_cell_library": "sky130_fd_sc_hd"}, "environment_sha256": "93e51540bdc6ca00204f9afa642f6ce447eab3a253dcc174a6800569c93b4ec8", "executable": "/home/ubuntu/FlowGuard-recovery/.venv/openlane/bin/python", "git": {"commit": "359473443d47ade8cffa73ed61aa68e306d0c17c", "dirty": true}, "host": "openclaw", "librelane_container_image": "ghcr.io/librelane/librelane@sha256:f91b21d75f79871f9ccf37451020b5d2f7b3236881a997ff709c561e8280a30f", "librelane_version": "3.0.14", "pdk": "sky130A", "pdk_revision": "8afc8346a57fe1ab7934ba5a6056ea8b43078e71", "pdk_root": "/home/ubuntu/.ciel", "python_version": "3.12.3", "run_directory": "/home/ubuntu/FlowGuard-recovery/results/exhaustive_clock_sweep_v1/runs/trial_clock15-u30-d45-p0-g0p20-sAREA_0", "source_tree_sha256": "173b5f72887a56d254b5b14313fa6dec371b9b4a8bc652b50ceec1d31503ee61", "std_cell_library": "sky130_fd_sc_hd", "sys_executable": "/home/ubuntu/FlowGuard-recovery/.venv/openlane/bin/python"}, "runtime_s": 178.21639782900456, "started_at": "2026-09-15T22:48:20.346884Z", "status": "SUCCESS", "terminal_status": "SUCCESS", "trial_id": "clock15-u30-d45-p0-g0p20-sAREA_0"}
2026-09-15T22:51:18Z [exhaustive_clock_sweep_v1] start clock15-u30-d45-p0-g0p20-sAREA_1 timeout=1800s
{"command": ["/home/ubuntu/FlowGuard-recovery/.venv/openlane/bin/python", "-m", "librelane", "--docker-no-tty", "--dockerized", "--pdk-root", "/home/ubuntu/.ciel", "--pdk", "sky130A", "--scl", "sky130_fd_sc_hd", "--run-tag", "trial_clock15-u30-d45-p0-g0p20-sAREA_1", "/home/ubuntu/FlowGuard-recovery/results/exhaustive_clock_sweep_v1/configs/clock15-u30-d45-p0-g0p20-sAREA_1/config.json"], "config": "/home/ubuntu/FlowGuard-recovery/results/exhaustive_clock_sweep_v1/configs/clock15-u30-d45-p0-g0p20-sAREA_1/config.json", "config_sha256": "d897cfdd6a11e525ad47c52cd10e7a696bab6c2d18709f046eb23411f316710b", "effective_config_sha256": "528ffafccc20faf33e586bd7339dffd00af22c1ed258fbae5c36ae349db2cdad", "exit_code": 0, "failure_metadata": null, "failure_stage": null, "finished_at": "2026-09-15T22:53:57.386738Z", "metadata": {"environment": {"executable": "/home/ubuntu/FlowGuard-recovery/.venv/openlane/bin/python", "librelane_container_image": "ghcr.io/librelane/librelane@sha256:f91b21d75f79871f9ccf37451020b5d2f7b3236881a997ff709c561e8280a30f", "librelane_version": "3.0.14", "machine": "aarch64", "pdk": "sky130A", "pdk_revision": "8afc8346a57fe1ab7934ba5a6056ea8b43078e71", "pdk_root": "/home/ubuntu/.ciel", "platform": "Linux-6.17.0-1020-oracle-aarch64-with-glibc2.39", "python_version": "3.12.3", "std_cell_library": "sky130_fd_sc_hd"}, "environment_sha256": "93e51540bdc6ca00204f9afa642f6ce447eab3a253dcc174a6800569c93b4ec8", "executable": "/home/ubuntu/FlowGuard-recovery/.venv/openlane/bin/python", "git": {"commit": "359473443d47ade8cffa73ed61aa68e306d0c17c", "dirty": true}, "host": "openclaw", "librelane_container_image": "ghcr.io/librelane/librelane@sha256:f91b21d75f79871f9ccf37451020b5d2f7b3236881a997ff709c561e8280a30f", "librelane_version": "3.0.14", "pdk": "sky130A", "pdk_revision": "8afc8346a57fe1ab7934ba5a6056ea8b43078e71", "pdk_root": "/home/ubuntu/.ciel", "python_version": "3.12.3", "run_directory": "/home/ubuntu/FlowGuard-recovery/results/exhaustive_clock_sweep_v1/runs/trial_clock15-u30-d45-p0-g0p20-sAREA_1", "source_tree_sha256": "173b5f72887a56d254b5b14313fa6dec371b9b4a8bc652b50ceec1d31503ee61", "std_cell_library": "sky130_fd_sc_hd", "sys_executable": "/home/ubuntu/FlowGuard-recovery/.venv/openlane/bin/python"}, "runtime_s": 158.34500018699327, "started_at": "2026-09-15T22:51:19.037300Z", "status": "SUCCESS", "terminal_status": "SUCCESS", "trial_id": "clock15-u30-d45-p0-g0p20-sAREA_1"}
2026-09-15T22:53:57Z [exhaustive_clock_sweep_v1] start clock15-u30-d45-p0-g0p20-sAREA_2 timeout=1800s
{"command": ["/home/ubuntu/FlowGuard-recovery/.venv/openlane/bin/python", "-m", "librelane", "--docker-no-tty", "--dockerized", "--pdk-root", "/home/ubuntu/.ciel", "--pdk", "sky130A", "--scl", "sky130_fd_sc_hd", "--run-tag", "trial_clock15-u30-d45-p0-g0p20-sAREA_2", "/home/ubuntu/FlowGuard-recovery/results/exhaustive_clock_sweep_v1/configs/clock15-u30-d45-p0-g0p20-sAREA_2/config.json"], "config": "/home/ubuntu/FlowGuard-recovery/results/exhaustive_clock_sweep_v1/configs/clock15-u30-d45-p0-g0p20-sAREA_2/config.json", "config_sha256": "5e0dbca42e69d78bb412e46682cf39d6ae64b4b51666e78f4558238e2bd64e13", "effective_config_sha256": "72ec012ca67b125a6d5ce5530be8f40a3567d46cc86df38831a36365e58d6d75", "exit_code": 0, "failure_metadata": null, "failure_stage": null, "finished_at": "2026-09-15T22:56:57.792412Z", "metadata": {"environment": {"executable": "/home/ubuntu/FlowGuard-recovery/.venv/openlane/bin/python", "librelane_container_image": "ghcr.io/librelane/librelane@sha256:f91b21d75f79871f9ccf37451020b5d2f7b3236881a997ff709c561e8280a30f", "librelane_version": "3.0.14", "machine": "aarch64", "pdk": "sky130A", "pdk_revision": "8afc8346a57fe1ab7934ba5a6056ea8b43078e71", "pdk_root": "/home/ubuntu/.ciel", "platform": "Linux-6.17.0-1020-oracle-aarch64-with-glibc2.39", "python_version": "3.12.3", "std_cell_library": "sky130_fd_sc_hd"}, "environment_sha256": "93e51540bdc6ca00204f9afa642f6ce447eab3a253dcc174a6800569c93b4ec8", "executable": "/home/ubuntu/FlowGuard-recovery/.venv/openlane/bin/python", "git": {"commit": "359473443d47ade8cffa73ed61aa68e306d0c17c", "dirty": true}, "host": "openclaw", "librelane_container_image": "ghcr.io/librelane/librelane@sha256:f91b21d75f79871f9ccf37451020b5d2f7b3236881a997ff709c561e8280a30f", "librelane_version": "3.0.14", "pdk": "sky130A", "pdk_revision": "8afc8346a57fe1ab7934ba5a6056ea8b43078e71", "pdk_root": "/home/ubuntu/.ciel", "python_version": "3.12.3", "run_directory": "/home/ubuntu/FlowGuard-recovery/results/exhaustive_clock_sweep_v1/runs/trial_clock15-u30-d45-p0-g0p20-sAREA_2", "source_tree_sha256": "173b5f72887a56d254b5b14313fa6dec371b9b4a8bc652b50ceec1d31503ee61", "std_cell_library": "sky130_fd_sc_hd", "sys_executable": "/home/ubuntu/FlowGuard-recovery/.venv/openlane/bin/python"}, "runtime_s": 179.91472238401184, "started_at": "2026-09-15T22:53:57.873481Z", "status": "SUCCESS", "terminal_status": "SUCCESS", "trial_id": "clock15-u30-d45-p0-g0p20-sAREA_2"}
2026-09-15T22:56:58Z [exhaustive_clock_sweep_v1] start clock15-u30-d45-p1-g0p05-sAREA_0 timeout=1800s
{"command": ["/home/ubuntu/FlowGuard-recovery/.venv/openlane/bin/python", "-m", "librelane", "--docker-no-tty", "--dockerized", "--pdk-root", "/home/ubuntu/.ciel", "--pdk", "sky130A", "--scl", "sky130_fd_sc_hd", "--run-tag", "trial_clock15-u30-d45-p1-g0p05-sAREA_0", "/home/ubuntu/FlowGuard-recovery/results/exhaustive_clock_sweep_v1/configs/clock15-u30-d45-p1-g0p05-sAREA_0/config.json"], "config": "/home/ubuntu/FlowGuard-recovery/results/exhaustive_clock_sweep_v1/configs/clock15-u30-d45-p1-g0p05-sAREA_0/config.json", "config_sha256": "1e5fa545c7b9f4221f78856762c0a7298f8d1a834ce47bb1c77c43b793b50f42", "effective_config_sha256": "216d4be5ff55ceedb6782f215fd8e7831e19d1ee69dfea03e05d26e0b536ffcd", "exit_code": 0, "failure_metadata": null, "failure_stage": null, "finished_at": "2026-09-15T22:59:33.972493Z", "metadata": {"environment": {"executable": "/home/ubuntu/FlowGuard-recovery/.venv/openlane/bin/python", "librelane_container_image": "ghcr.io/librelane/librelane@sha256:f91b21d75f79871f9ccf37451020b5d2f7b3236881a997ff709c561e8280a30f", "librelane_version": "3.0.14", "machine": "aarch64", "pdk": "sky130A", "pdk_revision": "8afc8346a57fe1ab7934ba5a6056ea8b43078e71", "pdk_root": "/home/ubuntu/.ciel", "platform": "Linux-6.17.0-1020-oracle-aarch64-with-glibc2.39", "python_version": "3.12.3", "std_cell_library": "sky130_fd_sc_hd"}, "environment_sha256": "93e51540bdc6ca00204f9afa642f6ce447eab3a253dcc174a6800569c93b4ec8", "executable": "/home/ubuntu/FlowGuard-recovery/.venv/openlane/bin/python", "git": {"commit": "359473443d47ade8cffa73ed61aa68e306d0c17c", "dirty": true}, "host": "openclaw", "librelane_container_image": "ghcr.io/librelane/librelane@sha256:f91b21d75f79871f9ccf37451020b5d2f7b3236881a997ff709c561e8280a30f", "librelane_version": "3.0.14", "pdk": "sky130A", "pdk_revision": "8afc8346a57fe1ab7934ba5a6056ea8b43078e71", "pdk_root": "/home/ubuntu/.ciel", "python_version": "3.12.3", "run_directory": "/home/ubuntu/FlowGuard-recovery/results/exhaustive_clock_sweep_v1/runs/trial_clock15-u30-d45-p1-g0p05-sAREA_0", "source_tree_sha256": "173b5f72887a56d254b5b14313fa6dec371b9b4a8bc652b50ceec1d31503ee61", "std_cell_library": "sky130_fd_sc_hd", "sys_executable": "/home/ubuntu/FlowGuard-recovery/.venv/openlane/bin/python"}, "runtime_s": 155.6964750349871, "started_at": "2026-09-15T22:56:58.272103Z", "status": "SUCCESS", "terminal_status": "SUCCESS", "trial_id": "clock15-u30-d45-p1-g0p05-sAREA_0"}
2026-09-15T22:59:34Z [exhaustive_clock_sweep_v1] start clock15-u30-d45-p1-g0p05-sAREA_1 timeout=1800s
{"command": ["/home/ubuntu/FlowGuard-recovery/.venv/openlane/bin/python", "-m", "librelane", "--docker-no-tty", "--dockerized", "--pdk-root", "/home/ubuntu/.ciel", "--pdk", "sky130A", "--scl", "sky130_fd_sc_hd", "--run-tag", "trial_clock15-u30-d45-p1-g0p05-sAREA_1", "/home/ubuntu/FlowGuard-recovery/results/exhaustive_clock_sweep_v1/configs/clock15-u30-d45-p1-g0p05-sAREA_1/config.json"], "config": "/home/ubuntu/FlowGuard-recovery/results/exhaustive_clock_sweep_v1/configs/clock15-u30-d45-p1-g0p05-sAREA_1/config.json", "config_sha256": "0f60120a4b74798e6e89a4e8b2abc87e65c385b7658d2d711e9b2e8e7296e64c", "effective_config_sha256": "f0c8da3ba4ea7239c40a8ce80e84183e1b3816ec1308c632c23b05804346c9cc", "exit_code": 0, "failure_metadata": null, "failure_stage": null, "finished_at": "2026-09-15T23:02:20.811927Z", "metadata": {"environment": {"executable": "/home/ubuntu/FlowGuard-recovery/.venv/openlane/bin/python", "librelane_container_image": "ghcr.io/librelane/librelane@sha256:f91b21d75f79871f9ccf37451020b5d2f7b3236881a997ff709c561e8280a30f", "librelane_version": "3.0.14", "machine": "aarch64", "pdk": "sky130A", "pdk_revision": "8afc8346a57fe1ab7934ba5a6056ea8b43078e71", "pdk_root": "/home/ubuntu/.ciel", "platform": "Linux-6.17.0-1020-oracle-aarch64-with-glibc2.39", "python_version": "3.12.3", "std_cell_library": "sky130_fd_sc_hd"}, "environment_sha256": "93e51540bdc6ca00204f9afa642f6ce447eab3a253dcc174a6800569c93b4ec8", "executable": "/home/ubuntu/FlowGuard-recovery/.venv/openlane/bin/python", "git": {"commit": "359473443d47ade8cffa73ed61aa68e306d0c17c", "dirty": true}, "host": "openclaw", "librelane_container_image": "ghcr.io/librelane/librelane@sha256:f91b21d75f79871f9ccf37451020b5d2f7b3236881a997ff709c561e8280a30f", "librelane_version": "3.0.14", "pdk": "sky130A", "pdk_revision": "8afc8346a57fe1ab7934ba5a6056ea8b43078e71", "pdk_root": "/home/ubuntu/.ciel", "python_version": "3.12.3", "run_directory": "/home/ubuntu/FlowGuard-recovery/results/exhaustive_clock_sweep_v1/runs/trial_clock15-u30-d45-p1-g0p05-sAREA_1", "source_tree_sha256": "173b5f72887a56d254b5b14313fa6dec371b9b4a8bc652b50ceec1d31503ee61", "std_cell_library": "sky130_fd_sc_hd", "sys_executable": "/home/ubuntu/FlowGuard-recovery/.venv/openlane/bin/python"}, "runtime_s": 166.35238574503455, "started_at": "2026-09-15T22:59:34.455288Z", "status": "SUCCESS", "terminal_status": "SUCCESS", "trial_id": "clock15-u30-d45-p1-g0p05-sAREA_1"}
2026-09-15T23:02:21Z [exhaustive_clock_sweep_v1] start clock15-u30-d45-p1-g0p05-sAREA_2 timeout=1800s
{"command": ["/home/ubuntu/FlowGuard-recovery/.venv/openlane/bin/python", "-m", "librelane", "--docker-no-tty", "--dockerized", "--pdk-root", "/home/ubuntu/.ciel", "--pdk", "sky130A", "--scl", "sky130_fd_sc_hd", "--run-tag", "trial_clock15-u30-d45-p1-g0p05-sAREA_2", "/home/ubuntu/FlowGuard-recovery/results/exhaustive_clock_sweep_v1/configs/clock15-u30-d45-p1-g0p05-sAREA_2/config.json"], "config": "/home/ubuntu/FlowGuard-recovery/results/exhaustive_clock_sweep_v1/configs/clock15-u30-d45-p1-g0p05-sAREA_2/config.json", "config_sha256": "6cbc7a73de94781aa66d929edf9f19bace2c869626fe1a786ae211fc02324ae6", "effective_config_sha256": "dc30f14cec0ac385db197b4bb98b44eabc4a4c561f03d1f964bd9e99f4cceaba", "exit_code": 0, "failure_metadata": null, "failure_stage": null, "finished_at": "2026-09-15T23:05:28.079679Z", "metadata": {"environment": {"executable": "/home/ubuntu/FlowGuard-recovery/.venv/openlane/bin/python", "librelane_container_image": "ghcr.io/librelane/librelane@sha256:f91b21d75f79871f9ccf37451020b5d2f7b3236881a997ff709c561e8280a30f", "librelane_version": "3.0.14", "machine": "aarch64", "pdk": "sky130A", "pdk_revision": "8afc8346a57fe1ab7934ba5a6056ea8b43078e71", "pdk_root": "/home/ubuntu/.ciel", "platform": "Linux-6.17.0-1020-oracle-aarch64-with-glibc2.39", "python_version": "3.12.3", "std_cell_library": "sky130_fd_sc_hd"}, "environment_sha256": "93e51540bdc6ca00204f9afa642f6ce447eab3a253dcc174a6800569c93b4ec8", "executable": "/home/ubuntu/FlowGuard-recovery/.venv/openlane/bin/python", "git": {"commit": "359473443d47ade8cffa73ed61aa68e306d0c17c", "dirty": true}, "host": "openclaw", "librelane_container_image": "ghcr.io/librelane/librelane@sha256:f91b21d75f79871f9ccf37451020b5d2f7b3236881a997ff709c561e8280a30f", "librelane_version": "3.0.14", "pdk": "sky130A", "pdk_revision": "8afc8346a57fe1ab7934ba5a6056ea8b43078e71", "pdk_root": "/home/ubuntu/.ciel", "python_version": "3.12.3", "run_directory": "/home/ubuntu/FlowGuard-recovery/results/exhaustive_clock_sweep_v1/runs/trial_clock15-u30-d45-p1-g0p05-sAREA_2", "source_tree_sha256": "173b5f72887a56d254b5b14313fa6dec371b9b4a8bc652b50ceec1d31503ee61", "std_cell_library": "sky130_fd_sc_hd", "sys_executable": "/home/ubuntu/FlowGuard-recovery/.venv/openlane/bin/python"}, "runtime_s": 186.78411174198845, "started_at": "2026-09-15T23:02:21.291404Z", "status": "SUCCESS", "terminal_status": "SUCCESS", "trial_id": "clock15-u30-d45-p1-g0p05-sAREA_2"}
2026-09-15T23:05:28Z [exhaustive_clock_sweep_v1] start clock15-u30-d45-p1-g0p10-sAREA_0 timeout=1800s
{"command": ["/home/ubuntu/FlowGuard-recovery/.venv/openlane/bin/python", "-m", "librelane", "--docker-no-tty", "--dockerized", "--pdk-root", "/home/ubuntu/.ciel", "--pdk", "sky130A", "--scl", "sky130_fd_sc_hd", "--run-tag", "trial_clock15-u30-d45-p1-g0p10-sAREA_0", "/home/ubuntu/FlowGuard-recovery/results/exhaustive_clock_sweep_v1/configs/clock15-u30-d45-p1-g0p10-sAREA_0/config.json"], "config": "/home/ubuntu/FlowGuard-recovery/results/exhaustive_clock_sweep_v1/configs/clock15-u30-d45-p1-g0p10-sAREA_0/config.json", "config_sha256": "21c4e473a54cab6dc99af570b3c722a652a987941e69363311b0e4be3c2103fa", "effective_config_sha256": "ac02a02bd72e7befcc3b7c8d5a2cad2dd2f03d64dbfb36c75a30d95f6f741426", "exit_code": 0, "failure_metadata": null, "failure_stage": null, "finished_at": "2026-09-15T23:07:59.771182Z", "metadata": {"environment": {"executable": "/home/ubuntu/FlowGuard-recovery/.venv/openlane/bin/python", "librelane_container_image": "ghcr.io/librelane/librelane@sha256:f91b21d75f79871f9ccf37451020b5d2f7b3236881a997ff709c561e8280a30f", "librelane_version": "3.0.14", "machine": "aarch64", "pdk": "sky130A", "pdk_revision": "8afc8346a57fe1ab7934ba5a6056ea8b43078e71", "pdk_root": "/home/ubuntu/.ciel", "platform": "Linux-6.17.0-1020-oracle-aarch64-with-glibc2.39", "python_version": "3.12.3", "std_cell_library": "sky130_fd_sc_hd"}, "environment_sha256": "93e51540bdc6ca00204f9afa642f6ce447eab3a253dcc174a6800569c93b4ec8", "executable": "/home/ubuntu/FlowGuard-recovery/.venv/openlane/bin/python", "git": {"commit": "359473443d47ade8cffa73ed61aa68e306d0c17c", "dirty": true}, "host": "openclaw", "librelane_container_image": "ghcr.io/librelane/librelane@sha256:f91b21d75f79871f9ccf37451020b5d2f7b3236881a997ff709c561e8280a30f", "librelane_version": "3.0.14", "pdk": "sky130A", "pdk_revision": "8afc8346a57fe1ab7934ba5a6056ea8b43078e71", "pdk_root": "/home/ubuntu/.ciel", "python_version": "3.12.3", "run_directory": "/home/ubuntu/FlowGuard-recovery/results/exhaustive_clock_sweep_v1/runs/trial_clock15-u30-d45-p1-g0p10-sAREA_0", "source_tree_sha256": "173b5f72887a56d254b5b14313fa6dec371b9b4a8bc652b50ceec1d31503ee61", "std_cell_library": "sky130_fd_sc_hd", "sys_executable": "/home/ubuntu/FlowGuard-recovery/.venv/openlane/bin/python"}, "runtime_s": 151.2080776289804, "started_at": "2026-09-15T23:05:28.559102Z", "status": "SUCCESS", "terminal_status": "SUCCESS", "trial_id": "clock15-u30-d45-p1-g0p10-sAREA_0"}
2026-09-15T23:08:00Z [exhaustive_clock_sweep_v1] start clock15-u30-d45-p1-g0p10-sAREA_1 timeout=1800s
{"command": ["/home/ubuntu/FlowGuard-recovery/.venv/openlane/bin/python", "-m", "librelane", "--docker-no-tty", "--dockerized", "--pdk-root", "/home/ubuntu/.ciel", "--pdk", "sky130A", "--scl", "sky130_fd_sc_hd", "--run-tag", "trial_clock15-u30-d45-p1-g0p10-sAREA_1", "/home/ubuntu/FlowGuard-recovery/results/exhaustive_clock_sweep_v1/configs/clock15-u30-d45-p1-g0p10-sAREA_1/config.json"], "config": "/home/ubuntu/FlowGuard-recovery/results/exhaustive_clock_sweep_v1/configs/clock15-u30-d45-p1-g0p10-sAREA_1/config.json", "config_sha256": "ecd0d1886911a852d2ba2c70d81d42bd74239027dace14f6e769e7f85a5fa421", "effective_config_sha256": "90e42946a9c046094c7261d99b8246ff4f841ce83f4af35b36ce8e75e8243715", "exit_code": 0, "failure_metadata": null, "failure_stage": null, "finished_at": "2026-09-15T23:10:42.278920Z", "metadata": {"environment": {"executable": "/home/ubuntu/FlowGuard-recovery/.venv/openlane/bin/python", "librelane_container_image": "ghcr.io/librelane/librelane@sha256:f91b21d75f79871f9ccf37451020b5d2f7b3236881a997ff709c561e8280a30f", "librelane_version": "3.0.14", "machine": "aarch64", "pdk": "sky130A", "pdk_revision": "8afc8346a57fe1ab7934ba5a6056ea8b43078e71", "pdk_root": "/home/ubuntu/.ciel", "platform": "Linux-6.17.0-1020-oracle-aarch64-with-glibc2.39", "python_version": "3.12.3", "std_cell_library": "sky130_fd_sc_hd"}, "environment_sha256": "93e51540bdc6ca00204f9afa642f6ce447eab3a253dcc174a6800569c93b4ec8", "executable": "/home/ubuntu/FlowGuard-recovery/.venv/openlane/bin/python", "git": {"commit": "359473443d47ade8cffa73ed61aa68e306d0c17c", "dirty": true}, "host": "openclaw", "librelane_container_image": "ghcr.io/librelane/librelane@sha256:f91b21d75f79871f9ccf37451020b5d2f7b3236881a997ff709c561e8280a30f", "librelane_version": "3.0.14", "pdk": "sky130A", "pdk_revision": "8afc8346a57fe1ab7934ba5a6056ea8b43078e71", "pdk_root": "/home/ubuntu/.ciel", "python_version": "3.12.3", "run_directory": "/home/ubuntu/FlowGuard-recovery/results/exhaustive_clock_sweep_v1/runs/trial_clock15-u30-d45-p1-g0p10-sAREA_1", "source_tree_sha256": "173b5f72887a56d254b5b14313fa6dec371b9b4a8bc652b50ceec1d31503ee61", "std_cell_library": "sky130_fd_sc_hd", "sys_executable": "/home/ubuntu/FlowGuard-recovery/.venv/openlane/bin/python"}, "runtime_s": 162.0330407289439, "started_at": "2026-09-15T23:08:00.241855Z", "status": "SUCCESS", "terminal_status": "SUCCESS", "trial_id": "clock15-u30-d45-p1-g0p10-sAREA_1"}
2026-09-15T23:10:42Z [exhaustive_clock_sweep_v1] start clock15-u30-d45-p1-g0p10-sAREA_2 timeout=1800s
{"command": ["/home/ubuntu/FlowGuard-recovery/.venv/openlane/bin/python", "-m", "librelane", "--docker-no-tty", "--dockerized", "--pdk-root", "/home/ubuntu/.ciel", "--pdk", "sky130A", "--scl", "sky130_fd_sc_hd", "--run-tag", "trial_clock15-u30-d45-p1-g0p10-sAREA_2", "/home/ubuntu/FlowGuard-recovery/results/exhaustive_clock_sweep_v1/configs/clock15-u30-d45-p1-g0p10-sAREA_2/config.json"], "config": "/home/ubuntu/FlowGuard-recovery/results/exhaustive_clock_sweep_v1/configs/clock15-u30-d45-p1-g0p10-sAREA_2/config.json", "config_sha256": "eb3f7da651cb6b7e1d5927e3220e6b8db3537aaf0131ecf5601f8f262b5eaa4c", "effective_config_sha256": "cabc0ee1b4d30339594ededa8df0f06b4854563677e8a1bfd25939ea2650f3a0", "exit_code": 0, "failure_metadata": null, "failure_stage": null, "finished_at": "2026-09-15T23:13:47.830122Z", "metadata": {"environment": {"executable": "/home/ubuntu/FlowGuard-recovery/.venv/openlane/bin/python", "librelane_container_image": "ghcr.io/librelane/librelane@sha256:f91b21d75f79871f9ccf37451020b5d2f7b3236881a997ff709c561e8280a30f", "librelane_version": "3.0.14", "machine": "aarch64", "pdk": "sky130A", "pdk_revision": "8afc8346a57fe1ab7934ba5a6056ea8b43078e71", "pdk_root": "/home/ubuntu/.ciel", "platform": "Linux-6.17.0-1020-oracle-aarch64-with-glibc2.39", "python_version": "3.12.3", "std_cell_library": "sky130_fd_sc_hd"}, "environment_sha256": "93e51540bdc6ca00204f9afa642f6ce447eab3a253dcc174a6800569c93b4ec8", "executable": "/home/ubuntu/FlowGuard-recovery/.venv/openlane/bin/python", "git": {"commit": "359473443d47ade8cffa73ed61aa68e306d0c17c", "dirty": true}, "host": "openclaw", "librelane_container_image": "ghcr.io/librelane/librelane@sha256:f91b21d75f79871f9ccf37451020b5d2f7b3236881a997ff709c561e8280a30f", "librelane_version": "3.0.14", "pdk": "sky130A", "pdk_revision": "8afc8346a57fe1ab7934ba5a6056ea8b43078e71", "pdk_root": "/home/ubuntu/.ciel", "python_version": "3.12.3", "run_directory": "/home/ubuntu/FlowGuard-recovery/results/exhaustive_clock_sweep_v1/runs/trial_clock15-u30-d45-p1-g0p10-sAREA_2", "source_tree_sha256": "173b5f72887a56d254b5b14313fa6dec371b9b4a8bc652b50ceec1d31503ee61", "std_cell_library": "sky130_fd_sc_hd", "sys_executable": "/home/ubuntu/FlowGuard-recovery/.venv/openlane/bin/python"}, "runtime_s": 185.07288592198165, "started_at": "2026-09-15T23:10:42.753095Z", "status": "SUCCESS", "terminal_status": "SUCCESS", "trial_id": "clock15-u30-d45-p1-g0p10-sAREA_2"}
2026-09-15T23:13:48Z [exhaustive_clock_sweep_v1] start clock15-u30-d45-p1-g0p15-sAREA_0 timeout=1800s
{"command": ["/home/ubuntu/FlowGuard-recovery/.venv/openlane/bin/python", "-m", "librelane", "--docker-no-tty", "--dockerized", "--pdk-root", "/home/ubuntu/.ciel", "--pdk", "sky130A", "--scl", "sky130_fd_sc_hd", "--run-tag", "trial_clock15-u30-d45-p1-g0p15-sAREA_0", "/home/ubuntu/FlowGuard-recovery/results/exhaustive_clock_sweep_v1/configs/clock15-u30-d45-p1-g0p15-sAREA_0/config.json"], "config": "/home/ubuntu/FlowGuard-recovery/results/exhaustive_clock_sweep_v1/configs/clock15-u30-d45-p1-g0p15-sAREA_0/config.json", "config_sha256": "cc28e6734e1323b2b9b2b23861d96d080018e6115d40f8d073b8d98f140cbe06", "effective_config_sha256": "978ce94f8573c5490d7f3273d9f2fc67ba25f11fa73e89d782e363bbb76fbd07", "exit_code": 0, "failure_metadata": null, "failure_stage": null, "finished_at": "2026-09-15T23:17:01.113982Z", "metadata": {"environment": {"executable": "/home/ubuntu/FlowGuard-recovery/.venv/openlane/bin/python", "librelane_container_image": "ghcr.io/librelane/librelane@sha256:f91b21d75f79871f9ccf37451020b5d2f7b3236881a997ff709c561e8280a30f", "librelane_version": "3.0.14", "machine": "aarch64", "pdk": "sky130A", "pdk_revision": "8afc8346a57fe1ab7934ba5a6056ea8b43078e71", "pdk_root": "/home/ubuntu/.ciel", "platform": "Linux-6.17.0-1020-oracle-aarch64-with-glibc2.39", "python_version": "3.12.3", "std_cell_library": "sky130_fd_sc_hd"}, "environment_sha256": "93e51540bdc6ca00204f9afa642f6ce447eab3a253dcc174a6800569c93b4ec8", "executable": "/home/ubuntu/FlowGuard-recovery/.venv/openlane/bin/python", "git": {"commit": "359473443d47ade8cffa73ed61aa68e306d0c17c", "dirty": true}, "host": "openclaw", "librelane_container_image": "ghcr.io/librelane/librelane@sha256:f91b21d75f79871f9ccf37451020b5d2f7b3236881a997ff709c561e8280a30f", "librelane_version": "3.0.14", "pdk": "sky130A", "pdk_revision": "8afc8346a57fe1ab7934ba5a6056ea8b43078e71", "pdk_root": "/home/ubuntu/.ciel", "python_version": "3.12.3", "run_directory": "/home/ubuntu/FlowGuard-recovery/results/exhaustive_clock_sweep_v1/runs/trial_clock15-u30-d45-p1-g0p15-sAREA_0", "source_tree_sha256": "173b5f72887a56d254b5b14313fa6dec371b9b4a8bc652b50ceec1d31503ee61", "std_cell_library": "sky130_fd_sc_hd", "sys_executable": "/home/ubuntu/FlowGuard-recovery/.venv/openlane/bin/python"}, "runtime_s": 192.80391501402482, "started_at": "2026-09-15T23:13:48.306229Z", "status": "SUCCESS", "terminal_status": "SUCCESS", "trial_id": "clock15-u30-d45-p1-g0p15-sAREA_0"}
2026-09-15T23:17:01Z [exhaustive_clock_sweep_v1] start clock15-u30-d45-p1-g0p15-sAREA_1 timeout=1800s
{"command": ["/home/ubuntu/FlowGuard-recovery/.venv/openlane/bin/python", "-m", "librelane", "--docker-no-tty", "--dockerized", "--pdk-root", "/home/ubuntu/.ciel", "--pdk", "sky130A", "--scl", "sky130_fd_sc_hd", "--run-tag", "trial_clock15-u30-d45-p1-g0p15-sAREA_1", "/home/ubuntu/FlowGuard-recovery/results/exhaustive_clock_sweep_v1/configs/clock15-u30-d45-p1-g0p15-sAREA_1/config.json"], "config": "/home/ubuntu/FlowGuard-recovery/results/exhaustive_clock_sweep_v1/configs/clock15-u30-d45-p1-g0p15-sAREA_1/config.json", "config_sha256": "890651aafadc7618715f85451ce2e67d8e20c802f631aa635c5199cd015cd326", "effective_config_sha256": "3d8862b26b464f15ab861b1fd97b49ed6de7676812f2cbbc424c5b04bcc28c4f", "exit_code": 0, "failure_metadata": null, "failure_stage": null, "finished_at": "2026-09-15T23:20:32.229194Z", "metadata": {"environment": {"executable": "/home/ubuntu/FlowGuard-recovery/.venv/openlane/bin/python", "librelane_container_image": "ghcr.io/librelane/librelane@sha256:f91b21d75f79871f9ccf37451020b5d2f7b3236881a997ff709c561e8280a30f", "librelane_version": "3.0.14", "machine": "aarch64", "pdk": "sky130A", "pdk_revision": "8afc8346a57fe1ab7934ba5a6056ea8b43078e71", "pdk_root": "/home/ubuntu/.ciel", "platform": "Linux-6.17.0-1020-oracle-aarch64-with-glibc2.39", "python_version": "3.12.3", "std_cell_library": "sky130_fd_sc_hd"}, "environment_sha256": "93e51540bdc6ca00204f9afa642f6ce447eab3a253dcc174a6800569c93b4ec8", "executable": "/home/ubuntu/FlowGuard-recovery/.venv/openlane/bin/python", "git": {"commit": "359473443d47ade8cffa73ed61aa68e306d0c17c", "dirty": true}, "host": "openclaw", "librelane_container_image": "ghcr.io/librelane/librelane@sha256:f91b21d75f79871f9ccf37451020b5d2f7b3236881a997ff709c561e8280a30f", "librelane_version": "3.0.14", "pdk": "sky130A", "pdk_revision": "8afc8346a57fe1ab7934ba5a6056ea8b43078e71", "pdk_root": "/home/ubuntu/.ciel", "python_version": "3.12.3", "run_directory": "/home/ubuntu/FlowGuard-recovery/results/exhaustive_clock_sweep_v1/runs/trial_clock15-u30-d45-p1-g0p15-sAREA_1", "source_tree_sha256": "173b5f72887a56d254b5b14313fa6dec371b9b4a8bc652b50ceec1d31503ee61", "std_cell_library": "sky130_fd_sc_hd", "sys_executable": "/home/ubuntu/FlowGuard-recovery/.venv/openlane/bin/python"}, "runtime_s": 210.6389280500007, "started_at": "2026-09-15T23:17:01.586281Z", "status": "SUCCESS", "terminal_status": "SUCCESS", "trial_id": "clock15-u30-d45-p1-g0p15-sAREA_1"}
2026-09-15T23:20:32Z [exhaustive_clock_sweep_v1] start clock15-u30-d45-p1-g0p15-sAREA_2 timeout=1800s
{"command": ["/home/ubuntu/FlowGuard-recovery/.venv/openlane/bin/python", "-m", "librelane", "--docker-no-tty", "--dockerized", "--pdk-root", "/home/ubuntu/.ciel", "--pdk", "sky130A", "--scl", "sky130_fd_sc_hd", "--run-tag", "trial_clock15-u30-d45-p1-g0p15-sAREA_2", "/home/ubuntu/FlowGuard-recovery/results/exhaustive_clock_sweep_v1/configs/clock15-u30-d45-p1-g0p15-sAREA_2/config.json"], "config": "/home/ubuntu/FlowGuard-recovery/results/exhaustive_clock_sweep_v1/configs/clock15-u30-d45-p1-g0p15-sAREA_2/config.json", "config_sha256": "22968fda907c5312b49c5e5419c29549e4a79df838d15ee41c3760cdc14e1d06", "effective_config_sha256": "5b4448006340e1f75b4926f061eb5dbd88a9294f80d2b44f46d2ff23d496e6f6", "exit_code": 0, "failure_metadata": null, "failure_stage": null, "finished_at": "2026-09-15T23:23:20.949208Z", "metadata": {"environment": {"executable": "/home/ubuntu/FlowGuard-recovery/.venv/openlane/bin/python", "librelane_container_image": "ghcr.io/librelane/librelane@sha256:f91b21d75f79871f9ccf37451020b5d2f7b3236881a997ff709c561e8280a30f", "librelane_version": "3.0.14", "machine": "aarch64", "pdk": "sky130A", "pdk_revision": "8afc8346a57fe1ab7934ba5a6056ea8b43078e71", "pdk_root": "/home/ubuntu/.ciel", "platform": "Linux-6.17.0-1020-oracle-aarch64-with-glibc2.39", "python_version": "3.12.3", "std_cell_library": "sky130_fd_sc_hd"}, "environment_sha256": "93e51540bdc6ca00204f9afa642f6ce447eab3a253dcc174a6800569c93b4ec8", "executable": "/home/ubuntu/FlowGuard-recovery/.venv/openlane/bin/python", "git": {"commit": "359473443d47ade8cffa73ed61aa68e306d0c17c", "dirty": true}, "host": "openclaw", "librelane_container_image": "ghcr.io/librelane/librelane@sha256:f91b21d75f79871f9ccf37451020b5d2f7b3236881a997ff709c561e8280a30f", "librelane_version": "3.0.14", "pdk": "sky130A", "pdk_revision": "8afc8346a57fe1ab7934ba5a6056ea8b43078e71", "pdk_root": "/home/ubuntu/.ciel", "python_version": "3.12.3", "run_directory": "/home/ubuntu/FlowGuard-recovery/results/exhaustive_clock_sweep_v1/runs/trial_clock15-u30-d45-p1-g0p15-sAREA_2", "source_tree_sha256": "173b5f72887a56d254b5b14313fa6dec371b9b4a8bc652b50ceec1d31503ee61", "std_cell_library": "sky130_fd_sc_hd", "sys_executable": "/home/ubuntu/FlowGuard-recovery/.venv/openlane/bin/python"}, "runtime_s": 168.21699644700857, "started_at": "2026-09-15T23:20:32.728338Z", "status": "SUCCESS", "terminal_status": "SUCCESS", "trial_id": "clock15-u30-d45-p1-g0p15-sAREA_2"}
2026-09-15T23:23:21Z [exhaustive_clock_sweep_v1] start clock15-u30-d45-p1-g0p20-sAREA_0 timeout=1800s
{"command": ["/home/ubuntu/FlowGuard-recovery/.venv/openlane/bin/python", "-m", "librelane", "--docker-no-tty", "--dockerized", "--pdk-root", "/home/ubuntu/.ciel", "--pdk", "sky130A", "--scl", "sky130_fd_sc_hd", "--run-tag", "trial_clock15-u30-d45-p1-g0p20-sAREA_0", "/home/ubuntu/FlowGuard-recovery/results/exhaustive_clock_sweep_v1/configs/clock15-u30-d45-p1-g0p20-sAREA_0/config.json"], "config": "/home/ubuntu/FlowGuard-recovery/results/exhaustive_clock_sweep_v1/configs/clock15-u30-d45-p1-g0p20-sAREA_0/config.json", "config_sha256": "4ca12fdecaca8b563808e66250e261ae6b6af0f83e46d32002bc5c5169cbb9f5", "effective_config_sha256": "3e3caf1a10bd5f31617501a72d7d1b307c0bea8dec952bfe454d0f204b0567ab", "exit_code": 0, "failure_metadata": null, "failure_stage": null, "finished_at": "2026-09-15T23:26:37.388183Z", "metadata": {"environment": {"executable": "/home/ubuntu/FlowGuard-recovery/.venv/openlane/bin/python", "librelane_container_image": "ghcr.io/librelane/librelane@sha256:f91b21d75f79871f9ccf37451020b5d2f7b3236881a997ff709c561e8280a30f", "librelane_version": "3.0.14", "machine": "aarch64", "pdk": "sky130A", "pdk_revision": "8afc8346a57fe1ab7934ba5a6056ea8b43078e71", "pdk_root": "/home/ubuntu/.ciel", "platform": "Linux-6.17.0-1020-oracle-aarch64-with-glibc2.39", "python_version": "3.12.3", "std_cell_library": "sky130_fd_sc_hd"}, "environment_sha256": "93e51540bdc6ca00204f9afa642f6ce447eab3a253dcc174a6800569c93b4ec8", "executable": "/home/ubuntu/FlowGuard-recovery/.venv/openlane/bin/python", "git": {"commit": "359473443d47ade8cffa73ed61aa68e306d0c17c", "dirty": true}, "host": "openclaw", "librelane_container_image": "ghcr.io/librelane/librelane@sha256:f91b21d75f79871f9ccf37451020b5d2f7b3236881a997ff709c561e8280a30f", "librelane_version": "3.0.14", "pdk": "sky130A", "pdk_revision": "8afc8346a57fe1ab7934ba5a6056ea8b43078e71", "pdk_root": "/home/ubuntu/.ciel", "python_version": "3.12.3", "run_directory": "/home/ubuntu/FlowGuard-recovery/results/exhaustive_clock_sweep_v1/runs/trial_clock15-u30-d45-p1-g0p20-sAREA_0", "source_tree_sha256": "173b5f72887a56d254b5b14313fa6dec371b9b4a8bc652b50ceec1d31503ee61", "std_cell_library": "sky130_fd_sc_hd", "sys_executable": "/home/ubuntu/FlowGuard-recovery/.venv/openlane/bin/python"}, "runtime_s": 195.95455096795922, "started_at": "2026-09-15T23:23:21.429425Z", "status": "SUCCESS", "terminal_status": "SUCCESS", "trial_id": "clock15-u30-d45-p1-g0p20-sAREA_0"}
2026-09-15T23:26:37Z [exhaustive_clock_sweep_v1] start clock15-u30-d45-p1-g0p20-sAREA_1 timeout=1800s
{"command": ["/home/ubuntu/FlowGuard-recovery/.venv/openlane/bin/python", "-m", "librelane", "--docker-no-tty", "--dockerized", "--pdk-root", "/home/ubuntu/.ciel", "--pdk", "sky130A", "--scl", "sky130_fd_sc_hd", "--run-tag", "trial_clock15-u30-d45-p1-g0p20-sAREA_1", "/home/ubuntu/FlowGuard-recovery/results/exhaustive_clock_sweep_v1/configs/clock15-u30-d45-p1-g0p20-sAREA_1/config.json"], "config": "/home/ubuntu/FlowGuard-recovery/results/exhaustive_clock_sweep_v1/configs/clock15-u30-d45-p1-g0p20-sAREA_1/config.json", "config_sha256": "5d2a3f829cae2b060c575fa7455b21a0fc37d257929565814a3f24004b20b9b7", "effective_config_sha256": "a9e0a5288912dc0eec69d59a938beb28caeb89f601c9cb99c9a599b36b655f0c", "exit_code": 0, "failure_metadata": null, "failure_stage": null, "finished_at": "2026-09-15T23:29:30.220036Z", "metadata": {"environment": {"executable": "/home/ubuntu/FlowGuard-recovery/.venv/openlane/bin/python", "librelane_container_image": "ghcr.io/librelane/librelane@sha256:f91b21d75f79871f9ccf37451020b5d2f7b3236881a997ff709c561e8280a30f", "librelane_version": "3.0.14", "machine": "aarch64", "pdk": "sky130A", "pdk_revision": "8afc8346a57fe1ab7934ba5a6056ea8b43078e71", "pdk_root": "/home/ubuntu/.ciel", "platform": "Linux-6.17.0-1020-oracle-aarch64-with-glibc2.39", "python_version": "3.12.3", "std_cell_library": "sky130_fd_sc_hd"}, "environment_sha256": "93e51540bdc6ca00204f9afa642f6ce447eab3a253dcc174a6800569c93b4ec8", "executable": "/home/ubuntu/FlowGuard-recovery/.venv/openlane/bin/python", "git": {"commit": "359473443d47ade8cffa73ed61aa68e306d0c17c", "dirty": true}, "host": "openclaw", "librelane_container_image": "ghcr.io/librelane/librelane@sha256:f91b21d75f79871f9ccf37451020b5d2f7b3236881a997ff709c561e8280a30f", "librelane_version": "3.0.14", "pdk": "sky130A", "pdk_revision": "8afc8346a57fe1ab7934ba5a6056ea8b43078e71", "pdk_root": "/home/ubuntu/.ciel", "python_version": "3.12.3", "run_directory": "/home/ubuntu/FlowGuard-recovery/results/exhaustive_clock_sweep_v1/runs/trial_clock15-u30-d45-p1-g0p20-sAREA_1", "source_tree_sha256": "173b5f72887a56d254b5b14313fa6dec371b9b4a8bc652b50ceec1d31503ee61", "std_cell_library": "sky130_fd_sc_hd", "sys_executable": "/home/ubuntu/FlowGuard-recovery/.venv/openlane/bin/python"}, "runtime_s": 172.34299847501097, "started_at": "2026-09-15T23:26:37.872973Z", "status": "SUCCESS", "terminal_status": "SUCCESS", "trial_id": "clock15-u30-d45-p1-g0p20-sAREA_1"}
2026-09-15T23:29:30Z [exhaustive_clock_sweep_v1] start clock15-u30-d45-p1-g0p20-sAREA_2 timeout=1800s
{"command": ["/home/ubuntu/FlowGuard-recovery/.venv/openlane/bin/python", "-m", "librelane", "--docker-no-tty", "--dockerized", "--pdk-root", "/home/ubuntu/.ciel", "--pdk", "sky130A", "--scl", "sky130_fd_sc_hd", "--run-tag", "trial_clock15-u30-d45-p1-g0p20-sAREA_2", "/home/ubuntu/FlowGuard-recovery/results/exhaustive_clock_sweep_v1/configs/clock15-u30-d45-p1-g0p20-sAREA_2/config.json"], "config": "/home/ubuntu/FlowGuard-recovery/results/exhaustive_clock_sweep_v1/configs/clock15-u30-d45-p1-g0p20-sAREA_2/config.json", "config_sha256": "804423ad6f72c52c264bcac5e644d90b39723228dab1c32388e30549d0902e87", "effective_config_sha256": "554eab92c47c51fc9728b5b63588e90eca280c74429d8b0ffd301cf11481ff67", "exit_code": 0, "failure_metadata": null, "failure_stage": null, "finished_at": "2026-09-15T23:32:51.111223Z", "metadata": {"environment": {"executable": "/home/ubuntu/FlowGuard-recovery/.venv/openlane/bin/python", "librelane_container_image": "ghcr.io/librelane/librelane@sha256:f91b21d75f79871f9ccf37451020b5d2f7b3236881a997ff709c561e8280a30f", "librelane_version": "3.0.14", "machine": "aarch64", "pdk": "sky130A", "pdk_revision": "8afc8346a57fe1ab7934ba5a6056ea8b43078e71", "pdk_root": "/home/ubuntu/.ciel", "platform": "Linux-6.17.0-1020-oracle-aarch64-with-glibc2.39", "python_version": "3.12.3", "std_cell_library": "sky130_fd_sc_hd"}, "environment_sha256": "93e51540bdc6ca00204f9afa642f6ce447eab3a253dcc174a6800569c93b4ec8", "executable": "/home/ubuntu/FlowGuard-recovery/.venv/openlane/bin/python", "git": {"commit": "359473443d47ade8cffa73ed61aa68e306d0c17c", "dirty": true}, "host": "openclaw", "librelane_container_image": "ghcr.io/librelane/librelane@sha256:f91b21d75f79871f9ccf37451020b5d2f7b3236881a997ff709c561e8280a30f", "librelane_version": "3.0.14", "pdk": "sky130A", "pdk_revision": "8afc8346a57fe1ab7934ba5a6056ea8b43078e71", "pdk_root": "/home/ubuntu/.ciel", "python_version": "3.12.3", "run_directory": "/home/ubuntu/FlowGuard-recovery/results/exhaustive_clock_sweep_v1/runs/trial_clock15-u30-d45-p1-g0p20-sAREA_2", "source_tree_sha256": "173b5f72887a56d254b5b14313fa6dec371b9b4a8bc652b50ceec1d31503ee61", "std_cell_library": "sky130_fd_sc_hd", "sys_executable": "/home/ubuntu/FlowGuard-recovery/.venv/openlane/bin/python"}, "runtime_s": 200.41348525998183, "started_at": "2026-09-15T23:29:30.693691Z", "status": "SUCCESS", "terminal_status": "SUCCESS", "trial_id": "clock15-u30-d45-p1-g0p20-sAREA_2"}
2026-09-15T23:32:51Z [exhaustive_clock_sweep_v1] start clock15-u30-d45-p2-g0p05-sAREA_0 timeout=1800s
{"command": ["/home/ubuntu/FlowGuard-recovery/.venv/openlane/bin/python", "-m", "librelane", "--docker-no-tty", "--dockerized", "--pdk-root", "/home/ubuntu/.ciel", "--pdk", "sky130A", "--scl", "sky130_fd_sc_hd", "--run-tag", "trial_clock15-u30-d45-p2-g0p05-sAREA_0", "/home/ubuntu/FlowGuard-recovery/results/exhaustive_clock_sweep_v1/configs/clock15-u30-d45-p2-g0p05-sAREA_0/config.json"], "config": "/home/ubuntu/FlowGuard-recovery/results/exhaustive_clock_sweep_v1/configs/clock15-u30-d45-p2-g0p05-sAREA_0/config.json", "config_sha256": "e1b98314cbc2ce84f4542bae2cf71cb1e2466da2c3cd22961910e03c2e0d9714", "effective_config_sha256": "b9bca2862d3856baaef6b511eafb94a7b4abb299d7dc84e2ff1b22da2cf21acd", "exit_code": 0, "failure_metadata": null, "failure_stage": null, "finished_at": "2026-09-15T23:35:56.419128Z", "metadata": {"environment": {"executable": "/home/ubuntu/FlowGuard-recovery/.venv/openlane/bin/python", "librelane_container_image": "ghcr.io/librelane/librelane@sha256:f91b21d75f79871f9ccf37451020b5d2f7b3236881a997ff709c561e8280a30f", "librelane_version": "3.0.14", "machine": "aarch64", "pdk": "sky130A", "pdk_revision": "8afc8346a57fe1ab7934ba5a6056ea8b43078e71", "pdk_root": "/home/ubuntu/.ciel", "platform": "Linux-6.17.0-1020-oracle-aarch64-with-glibc2.39", "python_version": "3.12.3", "std_cell_library": "sky130_fd_sc_hd"}, "environment_sha256": "93e51540bdc6ca00204f9afa642f6ce447eab3a253dcc174a6800569c93b4ec8", "executable": "/home/ubuntu/FlowGuard-recovery/.venv/openlane/bin/python", "git": {"commit": "359473443d47ade8cffa73ed61aa68e306d0c17c", "dirty": true}, "host": "openclaw", "librelane_container_image": "ghcr.io/librelane/librelane@sha256:f91b21d75f79871f9ccf37451020b5d2f7b3236881a997ff709c561e8280a30f", "librelane_version": "3.0.14", "pdk": "sky130A", "pdk_revision": "8afc8346a57fe1ab7934ba5a6056ea8b43078e71", "pdk_root": "/home/ubuntu/.ciel", "python_version": "3.12.3", "run_directory": "/home/ubuntu/FlowGuard-recovery/results/exhaustive_clock_sweep_v1/runs/trial_clock15-u30-d45-p2-g0p05-sAREA_0", "source_tree_sha256": "173b5f72887a56d254b5b14313fa6dec371b9b4a8bc652b50ceec1d31503ee61", "std_cell_library": "sky130_fd_sc_hd", "sys_executable": "/home/ubuntu/FlowGuard-recovery/.venv/openlane/bin/python"}, "runtime_s": 184.82389714801684, "started_at": "2026-09-15T23:32:51.591239Z", "status": "SUCCESS", "terminal_status": "SUCCESS", "trial_id": "clock15-u30-d45-p2-g0p05-sAREA_0"}
2026-09-15T23:35:56Z [exhaustive_clock_sweep_v1] start clock15-u30-d45-p2-g0p05-sAREA_1 timeout=1800s
{"command": ["/home/ubuntu/FlowGuard-recovery/.venv/openlane/bin/python", "-m", "librelane", "--docker-no-tty", "--dockerized", "--pdk-root", "/home/ubuntu/.ciel", "--pdk", "sky130A", "--scl", "sky130_fd_sc_hd", "--run-tag", "trial_clock15-u30-d45-p2-g0p05-sAREA_1", "/home/ubuntu/FlowGuard-recovery/results/exhaustive_clock_sweep_v1/configs/clock15-u30-d45-p2-g0p05-sAREA_1/config.json"], "config": "/home/ubuntu/FlowGuard-recovery/results/exhaustive_clock_sweep_v1/configs/clock15-u30-d45-p2-g0p05-sAREA_1/config.json", "config_sha256": "856865ee90eadb92d548544b5594465ffae09c82dab31077c4a389c51ea44744", "effective_config_sha256": "ba8a13d9c6c33c08e7dbdad9b6472f3c3a697fa1c278d8d109ad1a3a80b1f7c4", "exit_code": 0, "failure_metadata": null, "failure_stage": null, "finished_at": "2026-09-15T23:38:36.661149Z", "metadata": {"environment": {"executable": "/home/ubuntu/FlowGuard-recovery/.venv/openlane/bin/python", "librelane_container_image": "ghcr.io/librelane/librelane@sha256:f91b21d75f79871f9ccf37451020b5d2f7b3236881a997ff709c561e8280a30f", "librelane_version": "3.0.14", "machine": "aarch64", "pdk": "sky130A", "pdk_revision": "8afc8346a57fe1ab7934ba5a6056ea8b43078e71", "pdk_root": "/home/ubuntu/.ciel", "platform": "Linux-6.17.0-1020-oracle-aarch64-with-glibc2.39", "python_version": "3.12.3", "std_cell_library": "sky130_fd_sc_hd"}, "environment_sha256": "93e51540bdc6ca00204f9afa642f6ce447eab3a253dcc174a6800569c93b4ec8", "executable": "/home/ubuntu/FlowGuard-recovery/.venv/openlane/bin/python", "git": {"commit": "359473443d47ade8cffa73ed61aa68e306d0c17c", "dirty": true}, "host": "openclaw", "librelane_container_image": "ghcr.io/librelane/librelane@sha256:f91b21d75f79871f9ccf37451020b5d2f7b3236881a997ff709c561e8280a30f", "librelane_version": "3.0.14", "pdk": "sky130A", "pdk_revision": "8afc8346a57fe1ab7934ba5a6056ea8b43078e71", "pdk_root": "/home/ubuntu/.ciel", "python_version": "3.12.3", "run_directory": "/home/ubuntu/FlowGuard-recovery/results/exhaustive_clock_sweep_v1/runs/trial_clock15-u30-d45-p2-g0p05-sAREA_1", "source_tree_sha256": "173b5f72887a56d254b5b14313fa6dec371b9b4a8bc652b50ceec1d31503ee61", "std_cell_library": "sky130_fd_sc_hd", "sys_executable": "/home/ubuntu/FlowGuard-recovery/.venv/openlane/bin/python"}, "runtime_s": 159.76469847001135, "started_at": "2026-09-15T23:35:56.892408Z", "status": "SUCCESS", "terminal_status": "SUCCESS", "trial_id": "clock15-u30-d45-p2-g0p05-sAREA_1"}
2026-09-15T23:38:37Z [exhaustive_clock_sweep_v1] start clock15-u30-d45-p2-g0p05-sAREA_2 timeout=1766s
{"command": ["/home/ubuntu/FlowGuard-recovery/.venv/openlane/bin/python", "-m", "librelane", "--docker-no-tty", "--dockerized", "--pdk-root", "/home/ubuntu/.ciel", "--pdk", "sky130A", "--scl", "sky130_fd_sc_hd", "--run-tag", "trial_clock15-u30-d45-p2-g0p05-sAREA_2", "/home/ubuntu/FlowGuard-recovery/results/exhaustive_clock_sweep_v1/configs/clock15-u30-d45-p2-g0p05-sAREA_2/config.json"], "config": "/home/ubuntu/FlowGuard-recovery/results/exhaustive_clock_sweep_v1/configs/clock15-u30-d45-p2-g0p05-sAREA_2/config.json", "config_sha256": "06940cb57afbdc6786bd731b22abb8e8b5f1f8ea6daeae40b25b33a22dc03db9", "effective_config_sha256": "516db3f6ebccccc8c9ea5f68c7296178e1507a21266b68f7f986c2284de17bb3", "exit_code": 0, "failure_metadata": null, "failure_stage": null, "finished_at": "2026-09-15T23:41:13.959695Z", "metadata": {"environment": {"executable": "/home/ubuntu/FlowGuard-recovery/.venv/openlane/bin/python", "librelane_container_image": "ghcr.io/librelane/librelane@sha256:f91b21d75f79871f9ccf37451020b5d2f7b3236881a997ff709c561e8280a30f", "librelane_version": "3.0.14", "machine": "aarch64", "pdk": "sky130A", "pdk_revision": "8afc8346a57fe1ab7934ba5a6056ea8b43078e71", "pdk_root": "/home/ubuntu/.ciel", "platform": "Linux-6.17.0-1020-oracle-aarch64-with-glibc2.39", "python_version": "3.12.3", "std_cell_library": "sky130_fd_sc_hd"}, "environment_sha256": "93e51540bdc6ca00204f9afa642f6ce447eab3a253dcc174a6800569c93b4ec8", "executable": "/home/ubuntu/FlowGuard-recovery/.venv/openlane/bin/python", "git": {"commit": "359473443d47ade8cffa73ed61aa68e306d0c17c", "dirty": true}, "host": "openclaw", "librelane_container_image": "ghcr.io/librelane/librelane@sha256:f91b21d75f79871f9ccf37451020b5d2f7b3236881a997ff709c561e8280a30f", "librelane_version": "3.0.14", "pdk": "sky130A", "pdk_revision": "8afc8346a57fe1ab7934ba5a6056ea8b43078e71", "pdk_root": "/home/ubuntu/.ciel", "python_version": "3.12.3", "run_directory": "/home/ubuntu/FlowGuard-recovery/results/exhaustive_clock_sweep_v1/runs/trial_clock15-u30-d45-p2-g0p05-sAREA_2", "source_tree_sha256": "173b5f72887a56d254b5b14313fa6dec371b9b4a8bc652b50ceec1d31503ee61", "std_cell_library": "sky130_fd_sc_hd", "sys_executable": "/home/ubuntu/FlowGuard-recovery/.venv/openlane/bin/python"}, "runtime_s": 156.82843726797728, "started_at": "2026-09-15T23:38:37.127187Z", "status": "SUCCESS", "terminal_status": "SUCCESS", "trial_id": "clock15-u30-d45-p2-g0p05-sAREA_2"}
2026-09-15T23:41:14Z [exhaustive_clock_sweep_v1] start clock15-u30-d45-p2-g0p10-sAREA_0 timeout=1608s
{"command": ["/home/ubuntu/FlowGuard-recovery/.venv/openlane/bin/python", "-m", "librelane", "--docker-no-tty", "--dockerized", "--pdk-root", "/home/ubuntu/.ciel", "--pdk", "sky130A", "--scl", "sky130_fd_sc_hd", "--run-tag", "trial_clock15-u30-d45-p2-g0p10-sAREA_0", "/home/ubuntu/FlowGuard-recovery/results/exhaustive_clock_sweep_v1/configs/clock15-u30-d45-p2-g0p10-sAREA_0/config.json"], "config": "/home/ubuntu/FlowGuard-recovery/results/exhaustive_clock_sweep_v1/configs/clock15-u30-d45-p2-g0p10-sAREA_0/config.json", "config_sha256": "e55779e3e11c8d46e8dea3809caeabb17d07aa16633f6c71fcc6069c5c67bde2", "effective_config_sha256": "f39a21dbc4e23c8d02f7366acf8f7c74d7a8f3af388c333dab50b15bc3d2a612", "exit_code": 0, "failure_metadata": null, "failure_stage": null, "finished_at": "2026-09-15T23:44:17.500380Z", "metadata": {"environment": {"executable": "/home/ubuntu/FlowGuard-recovery/.venv/openlane/bin/python", "librelane_container_image": "ghcr.io/librelane/librelane@sha256:f91b21d75f79871f9ccf37451020b5d2f7b3236881a997ff709c561e8280a30f", "librelane_version": "3.0.14", "machine": "aarch64", "pdk": "sky130A", "pdk_revision": "8afc8346a57fe1ab7934ba5a6056ea8b43078e71", "pdk_root": "/home/ubuntu/.ciel", "platform": "Linux-6.17.0-1020-oracle-aarch64-with-glibc2.39", "python_version": "3.12.3", "std_cell_library": "sky130_fd_sc_hd"}, "environment_sha256": "93e51540bdc6ca00204f9afa642f6ce447eab3a253dcc174a6800569c93b4ec8", "executable": "/home/ubuntu/FlowGuard-recovery/.venv/openlane/bin/python", "git": {"commit": "359473443d47ade8cffa73ed61aa68e306d0c17c", "dirty": true}, "host": "openclaw", "librelane_container_image": "ghcr.io/librelane/librelane@sha256:f91b21d75f79871f9ccf37451020b5d2f7b3236881a997ff709c561e8280a30f", "librelane_version": "3.0.14", "pdk": "sky130A", "pdk_revision": "8afc8346a57fe1ab7934ba5a6056ea8b43078e71", "pdk_root": "/home/ubuntu/.ciel", "python_version": "3.12.3", "run_directory": "/home/ubuntu/FlowGuard-recovery/results/exhaustive_clock_sweep_v1/runs/trial_clock15-u30-d45-p2-g0p10-sAREA_0", "source_tree_sha256": "173b5f72887a56d254b5b14313fa6dec371b9b4a8bc652b50ceec1d31503ee61", "std_cell_library": "sky130_fd_sc_hd", "sys_executable": "/home/ubuntu/FlowGuard-recovery/.venv/openlane/bin/python"}, "runtime_s": 183.06321418198058, "started_at": "2026-09-15T23:41:14.432994Z", "status": "SUCCESS", "terminal_status": "SUCCESS", "trial_id": "clock15-u30-d45-p2-g0p10-sAREA_0"}
2026-09-15T23:44:17Z [exhaustive_clock_sweep_v1] start clock15-u30-d45-p2-g0p10-sAREA_1 timeout=1425s
{"command": ["/home/ubuntu/FlowGuard-recovery/.venv/openlane/bin/python", "-m", "librelane", "--docker-no-tty", "--dockerized", "--pdk-root", "/home/ubuntu/.ciel", "--pdk", "sky130A", "--scl", "sky130_fd_sc_hd", "--run-tag", "trial_clock15-u30-d45-p2-g0p10-sAREA_1", "/home/ubuntu/FlowGuard-recovery/results/exhaustive_clock_sweep_v1/configs/clock15-u30-d45-p2-g0p10-sAREA_1/config.json"], "config": "/home/ubuntu/FlowGuard-recovery/results/exhaustive_clock_sweep_v1/configs/clock15-u30-d45-p2-g0p10-sAREA_1/config.json", "config_sha256": "77b153da298057b06e49ddc0c8dedecc70c00e40011e85508bea728513298887", "effective_config_sha256": "541144756790f668bfd9f2570b93e7048f10a2dbd17a81daa1f67cadcd28aa66", "exit_code": 0, "failure_metadata": null, "failure_stage": null, "finished_at": "2026-09-15T23:46:55.930612Z", "metadata": {"environment": {"executable": "/home/ubuntu/FlowGuard-recovery/.venv/openlane/bin/python", "librelane_container_image": "ghcr.io/librelane/librelane@sha256:f91b21d75f79871f9ccf37451020b5d2f7b3236881a997ff709c561e8280a30f", "librelane_version": "3.0.14", "machine": "aarch64", "pdk": "sky130A", "pdk_revision": "8afc8346a57fe1ab7934ba5a6056ea8b43078e71", "pdk_root": "/home/ubuntu/.ciel", "platform": "Linux-6.17.0-1020-oracle-aarch64-with-glibc2.39", "python_version": "3.12.3", "std_cell_library": "sky130_fd_sc_hd"}, "environment_sha256": "93e51540bdc6ca00204f9afa642f6ce447eab3a253dcc174a6800569c93b4ec8", "executable": "/home/ubuntu/FlowGuard-recovery/.venv/openlane/bin/python", "git": {"commit": "359473443d47ade8cffa73ed61aa68e306d0c17c", "dirty": true}, "host": "openclaw", "librelane_container_image": "ghcr.io/librelane/librelane@sha256:f91b21d75f79871f9ccf37451020b5d2f7b3236881a997ff709c561e8280a30f", "librelane_version": "3.0.14", "pdk": "sky130A", "pdk_revision": "8afc8346a57fe1ab7934ba5a6056ea8b43078e71", "pdk_root": "/home/ubuntu/.ciel", "python_version": "3.12.3", "run_directory": "/home/ubuntu/FlowGuard-recovery/results/exhaustive_clock_sweep_v1/runs/trial_clock15-u30-d45-p2-g0p10-sAREA_1", "source_tree_sha256": "173b5f72887a56d254b5b14313fa6dec371b9b4a8bc652b50ceec1d31503ee61", "std_cell_library": "sky130_fd_sc_hd", "sys_executable": "/home/ubuntu/FlowGuard-recovery/.venv/openlane/bin/python"}, "runtime_s": 157.95278167095967, "started_at": "2026-09-15T23:44:17.973853Z", "status": "SUCCESS", "terminal_status": "SUCCESS", "trial_id": "clock15-u30-d45-p2-g0p10-sAREA_1"}
2026-09-15T23:46:56Z [exhaustive_clock_sweep_v1] start clock15-u30-d45-p2-g0p10-sAREA_2 timeout=1266s
{"command": ["/home/ubuntu/FlowGuard-recovery/.venv/openlane/bin/python", "-m", "librelane", "--docker-no-tty", "--dockerized", "--pdk-root", "/home/ubuntu/.ciel", "--pdk", "sky130A", "--scl", "sky130_fd_sc_hd", "--run-tag", "trial_clock15-u30-d45-p2-g0p10-sAREA_2", "/home/ubuntu/FlowGuard-recovery/results/exhaustive_clock_sweep_v1/configs/clock15-u30-d45-p2-g0p10-sAREA_2/config.json"], "config": "/home/ubuntu/FlowGuard-recovery/results/exhaustive_clock_sweep_v1/configs/clock15-u30-d45-p2-g0p10-sAREA_2/config.json", "config_sha256": "9be6b5e1e2107ae66abcf5fff061c61522d81c32a8a207a810891af97d14393e", "effective_config_sha256": "3ef9d188a75dfe4739380ac6c807c3781c7c31b8b44feaabb07f8541e586bb4b", "exit_code": 0, "failure_metadata": null, "failure_stage": null, "finished_at": "2026-09-15T23:49:57.282356Z", "metadata": {"environment": {"executable": "/home/ubuntu/FlowGuard-recovery/.venv/openlane/bin/python", "librelane_container_image": "ghcr.io/librelane/librelane@sha256:f91b21d75f79871f9ccf37451020b5d2f7b3236881a997ff709c561e8280a30f", "librelane_version": "3.0.14", "machine": "aarch64", "pdk": "sky130A", "pdk_revision": "8afc8346a57fe1ab7934ba5a6056ea8b43078e71", "pdk_root": "/home/ubuntu/.ciel", "platform": "Linux-6.17.0-1020-oracle-aarch64-with-glibc2.39", "python_version": "3.12.3", "std_cell_library": "sky130_fd_sc_hd"}, "environment_sha256": "93e51540bdc6ca00204f9afa642f6ce447eab3a253dcc174a6800569c93b4ec8", "executable": "/home/ubuntu/FlowGuard-recovery/.venv/openlane/bin/python", "git": {"commit": "359473443d47ade8cffa73ed61aa68e306d0c17c", "dirty": true}, "host": "openclaw", "librelane_container_image": "ghcr.io/librelane/librelane@sha256:f91b21d75f79871f9ccf37451020b5d2f7b3236881a997ff709c561e8280a30f", "librelane_version": "3.0.14", "pdk": "sky130A", "pdk_revision": "8afc8346a57fe1ab7934ba5a6056ea8b43078e71", "pdk_root": "/home/ubuntu/.ciel", "python_version": "3.12.3", "run_directory": "/home/ubuntu/FlowGuard-recovery/results/exhaustive_clock_sweep_v1/runs/trial_clock15-u30-d45-p2-g0p10-sAREA_2", "source_tree_sha256": "173b5f72887a56d254b5b14313fa6dec371b9b4a8bc652b50ceec1d31503ee61", "std_cell_library": "sky130_fd_sc_hd", "sys_executable": "/home/ubuntu/FlowGuard-recovery/.venv/openlane/bin/python"}, "runtime_s": 180.87461395200808, "started_at": "2026-09-15T23:46:56.403651Z", "status": "SUCCESS", "terminal_status": "SUCCESS", "trial_id": "clock15-u30-d45-p2-g0p10-sAREA_2"}
2026-09-15T23:49:57Z [exhaustive_clock_sweep_v1] start clock15-u30-d45-p2-g0p15-sAREA_0 timeout=1085s
{"command": ["/home/ubuntu/FlowGuard-recovery/.venv/openlane/bin/python", "-m", "librelane", "--docker-no-tty", "--dockerized", "--pdk-root", "/home/ubuntu/.ciel", "--pdk", "sky130A", "--scl", "sky130_fd_sc_hd", "--run-tag", "trial_clock15-u30-d45-p2-g0p15-sAREA_0", "/home/ubuntu/FlowGuard-recovery/results/exhaustive_clock_sweep_v1/configs/clock15-u30-d45-p2-g0p15-sAREA_0/config.json"], "config": "/home/ubuntu/FlowGuard-recovery/results/exhaustive_clock_sweep_v1/configs/clock15-u30-d45-p2-g0p15-sAREA_0/config.json", "config_sha256": "c29dd97e4f290aa8e87ca0bc2cca53382e8857bf03792f9b2a048f6e5eb3f55b", "effective_config_sha256": "c7b18011158270987b5521fad3a40454dec247284f124e37cc5c86fe6518404d", "exit_code": 0, "failure_metadata": null, "failure_stage": null, "finished_at": "2026-09-15T23:53:13.531835Z", "metadata": {"environment": {"executable": "/home/ubuntu/FlowGuard-recovery/.venv/openlane/bin/python", "librelane_container_image": "ghcr.io/librelane/librelane@sha256:f91b21d75f79871f9ccf37451020b5d2f7b3236881a997ff709c561e8280a30f", "librelane_version": "3.0.14", "machine": "aarch64", "pdk": "sky130A", "pdk_revision": "8afc8346a57fe1ab7934ba5a6056ea8b43078e71", "pdk_root": "/home/ubuntu/.ciel", "platform": "Linux-6.17.0-1020-oracle-aarch64-with-glibc2.39", "python_version": "3.12.3", "std_cell_library": "sky130_fd_sc_hd"}, "environment_sha256": "93e51540bdc6ca00204f9afa642f6ce447eab3a253dcc174a6800569c93b4ec8", "executable": "/home/ubuntu/FlowGuard-recovery/.venv/openlane/bin/python", "git": {"commit": "359473443d47ade8cffa73ed61aa68e306d0c17c", "dirty": true}, "host": "openclaw", "librelane_container_image": "ghcr.io/librelane/librelane@sha256:f91b21d75f79871f9ccf37451020b5d2f7b3236881a997ff709c561e8280a30f", "librelane_version": "3.0.14", "pdk": "sky130A", "pdk_revision": "8afc8346a57fe1ab7934ba5a6056ea8b43078e71", "pdk_root": "/home/ubuntu/.ciel", "python_version": "3.12.3", "run_directory": "/home/ubuntu/FlowGuard-recovery/results/exhaustive_clock_sweep_v1/runs/trial_clock15-u30-d45-p2-g0p15-sAREA_0", "source_tree_sha256": "173b5f72887a56d254b5b14313fa6dec371b9b4a8bc652b50ceec1d31503ee61", "std_cell_library": "sky130_fd_sc_hd", "sys_executable": "/home/ubuntu/FlowGuard-recovery/.venv/openlane/bin/python"}, "runtime_s": 195.76850974501576, "started_at": "2026-09-15T23:49:57.759378Z", "status": "SUCCESS", "terminal_status": "SUCCESS", "trial_id": "clock15-u30-d45-p2-g0p15-sAREA_0"}
2026-09-15T23:53:13Z [exhaustive_clock_sweep_v1] start clock15-u30-d45-p2-g0p15-sAREA_1 timeout=889s
{"command": ["/home/ubuntu/FlowGuard-recovery/.venv/openlane/bin/python", "-m", "librelane", "--docker-no-tty", "--dockerized", "--pdk-root", "/home/ubuntu/.ciel", "--pdk", "sky130A", "--scl", "sky130_fd_sc_hd", "--run-tag", "trial_clock15-u30-d45-p2-g0p15-sAREA_1", "/home/ubuntu/FlowGuard-recovery/results/exhaustive_clock_sweep_v1/configs/clock15-u30-d45-p2-g0p15-sAREA_1/config.json"], "config": "/home/ubuntu/FlowGuard-recovery/results/exhaustive_clock_sweep_v1/configs/clock15-u30-d45-p2-g0p15-sAREA_1/config.json", "config_sha256": "e3c9a81480730a9efcaea1645c5dc5a35e159ce0ef0194336da022d0c58dedf2", "effective_config_sha256": "6bb802702bdd1beb91cde2d9abb2e3d893934a7e947f9d899cb2fb1d8c3ac990", "exit_code": 0, "failure_metadata": null, "failure_stage": null, "finished_at": "2026-09-15T23:55:56.976400Z", "metadata": {"environment": {"executable": "/home/ubuntu/FlowGuard-recovery/.venv/openlane/bin/python", "librelane_container_image": "ghcr.io/librelane/librelane@sha256:f91b21d75f79871f9ccf37451020b5d2f7b3236881a997ff709c561e8280a30f", "librelane_version": "3.0.14", "machine": "aarch64", "pdk": "sky130A", "pdk_revision": "8afc8346a57fe1ab7934ba5a6056ea8b43078e71", "pdk_root": "/home/ubuntu/.ciel", "platform": "Linux-6.17.0-1020-oracle-aarch64-with-glibc2.39", "python_version": "3.12.3", "std_cell_library": "sky130_fd_sc_hd"}, "environment_sha256": "93e51540bdc6ca00204f9afa642f6ce447eab3a253dcc174a6800569c93b4ec8", "executable": "/home/ubuntu/FlowGuard-recovery/.venv/openlane/bin/python", "git": {"commit": "359473443d47ade8cffa73ed61aa68e306d0c17c", "dirty": true}, "host": "openclaw", "librelane_container_image": "ghcr.io/librelane/librelane@sha256:f91b21d75f79871f9ccf37451020b5d2f7b3236881a997ff709c561e8280a30f", "librelane_version": "3.0.14", "pdk": "sky130A", "pdk_revision": "8afc8346a57fe1ab7934ba5a6056ea8b43078e71", "pdk_root": "/home/ubuntu/.ciel", "python_version": "3.12.3", "run_directory": "/home/ubuntu/FlowGuard-recovery/results/exhaustive_clock_sweep_v1/runs/trial_clock15-u30-d45-p2-g0p15-sAREA_1", "source_tree_sha256": "173b5f72887a56d254b5b14313fa6dec371b9b4a8bc652b50ceec1d31503ee61", "std_cell_library": "sky130_fd_sc_hd", "sys_executable": "/home/ubuntu/FlowGuard-recovery/.venv/openlane/bin/python"}, "runtime_s": 162.97650213597808, "started_at": "2026-09-15T23:53:13.995091Z", "status": "SUCCESS", "terminal_status": "SUCCESS", "trial_id": "clock15-u30-d45-p2-g0p15-sAREA_1"}
2026-09-15T23:55:57Z [exhaustive_clock_sweep_v1] start clock15-u30-d45-p2-g0p15-sAREA_2 timeout=725s
{"command": ["/home/ubuntu/FlowGuard-recovery/.venv/openlane/bin/python", "-m", "librelane", "--docker-no-tty", "--dockerized", "--pdk-root", "/home/ubuntu/.ciel", "--pdk", "sky130A", "--scl", "sky130_fd_sc_hd", "--run-tag", "trial_clock15-u30-d45-p2-g0p15-sAREA_2", "/home/ubuntu/FlowGuard-recovery/results/exhaustive_clock_sweep_v1/configs/clock15-u30-d45-p2-g0p15-sAREA_2/config.json"], "config": "/home/ubuntu/FlowGuard-recovery/results/exhaustive_clock_sweep_v1/configs/clock15-u30-d45-p2-g0p15-sAREA_2/config.json", "config_sha256": "f9b0fe844b8b0820a2a47a36c21334ba8f50ae03cba246ea5f35b1692b252783", "effective_config_sha256": "d808cdb5a2507c7a4c3b418431ce0559efc6ac227a8ef7273eebbba9a0403af7", "exit_code": 0, "failure_metadata": null, "failure_stage": null, "finished_at": "2026-09-15T23:58:35.352907Z", "metadata": {"environment": {"executable": "/home/ubuntu/FlowGuard-recovery/.venv/openlane/bin/python", "librelane_container_image": "ghcr.io/librelane/librelane@sha256:f91b21d75f79871f9ccf37451020b5d2f7b3236881a997ff709c561e8280a30f", "librelane_version": "3.0.14", "machine": "aarch64", "pdk": "sky130A", "pdk_revision": "8afc8346a57fe1ab7934ba5a6056ea8b43078e71", "pdk_root": "/home/ubuntu/.ciel", "platform": "Linux-6.17.0-1020-oracle-aarch64-with-glibc2.39", "python_version": "3.12.3", "std_cell_library": "sky130_fd_sc_hd"}, "environment_sha256": "93e51540bdc6ca00204f9afa642f6ce447eab3a253dcc174a6800569c93b4ec8", "executable": "/home/ubuntu/FlowGuard-recovery/.venv/openlane/bin/python", "git": {"commit": "359473443d47ade8cffa73ed61aa68e306d0c17c", "dirty": true}, "host": "openclaw", "librelane_container_image": "ghcr.io/librelane/librelane@sha256:f91b21d75f79871f9ccf37451020b5d2f7b3236881a997ff709c561e8280a30f", "librelane_version": "3.0.14", "pdk": "sky130A", "pdk_revision": "8afc8346a57fe1ab7934ba5a6056ea8b43078e71", "pdk_root": "/home/ubuntu/.ciel", "python_version": "3.12.3", "run_directory": "/home/ubuntu/FlowGuard-recovery/results/exhaustive_clock_sweep_v1/runs/trial_clock15-u30-d45-p2-g0p15-sAREA_2", "source_tree_sha256": "173b5f72887a56d254b5b14313fa6dec371b9b4a8bc652b50ceec1d31503ee61", "std_cell_library": "sky130_fd_sc_hd", "sys_executable": "/home/ubuntu/FlowGuard-recovery/.venv/openlane/bin/python"}, "runtime_s": 157.8990468859556, "started_at": "2026-09-15T23:55:57.449896Z", "status": "SUCCESS", "terminal_status": "SUCCESS", "trial_id": "clock15-u30-d45-p2-g0p15-sAREA_2"}
2026-09-15T23:58:35Z [exhaustive_clock_sweep_v1] start clock15-u30-d45-p2-g0p20-sAREA_0 timeout=567s
{"command": ["/home/ubuntu/FlowGuard-recovery/.venv/openlane/bin/python", "-m", "librelane", "--docker-no-tty", "--dockerized", "--pdk-root", "/home/ubuntu/.ciel", "--pdk", "sky130A", "--scl", "sky130_fd_sc_hd", "--run-tag", "trial_clock15-u30-d45-p2-g0p20-sAREA_0", "/home/ubuntu/FlowGuard-recovery/results/exhaustive_clock_sweep_v1/configs/clock15-u30-d45-p2-g0p20-sAREA_0/config.json"], "config": "/home/ubuntu/FlowGuard-recovery/results/exhaustive_clock_sweep_v1/configs/clock15-u30-d45-p2-g0p20-sAREA_0/config.json", "config_sha256": "6ba8fdb6ad6e91739168627f67d8d5f5444898cdcb95f6624ff32507e0c8e59b", "effective_config_sha256": "d9b5ccfdc503fe26755f68cea0468447551e9d28fa4c1544cba2d15c69691ab9", "exit_code": 0, "failure_metadata": null, "failure_stage": null, "finished_at": "2026-09-16T00:01:28.888738Z", "metadata": {"environment": {"executable": "/home/ubuntu/FlowGuard-recovery/.venv/openlane/bin/python", "librelane_container_image": "ghcr.io/librelane/librelane@sha256:f91b21d75f79871f9ccf37451020b5d2f7b3236881a997ff709c561e8280a30f", "librelane_version": "3.0.14", "machine": "aarch64", "pdk": "sky130A", "pdk_revision": "8afc8346a57fe1ab7934ba5a6056ea8b43078e71", "pdk_root": "/home/ubuntu/.ciel", "platform": "Linux-6.17.0-1020-oracle-aarch64-with-glibc2.39", "python_version": "3.12.3", "std_cell_library": "sky130_fd_sc_hd"}, "environment_sha256": "93e51540bdc6ca00204f9afa642f6ce447eab3a253dcc174a6800569c93b4ec8", "executable": "/home/ubuntu/FlowGuard-recovery/.venv/openlane/bin/python", "git": {"commit": "359473443d47ade8cffa73ed61aa68e306d0c17c", "dirty": true}, "host": "openclaw", "librelane_container_image": "ghcr.io/librelane/librelane@sha256:f91b21d75f79871f9ccf37451020b5d2f7b3236881a997ff709c561e8280a30f", "librelane_version": "3.0.14", "pdk": "sky130A", "pdk_revision": "8afc8346a57fe1ab7934ba5a6056ea8b43078e71", "pdk_root": "/home/ubuntu/.ciel", "python_version": "3.12.3", "run_directory": "/home/ubuntu/FlowGuard-recovery/results/exhaustive_clock_sweep_v1/runs/trial_clock15-u30-d45-p2-g0p20-sAREA_0", "source_tree_sha256": "173b5f72887a56d254b5b14313fa6dec371b9b4a8bc652b50ceec1d31503ee61", "std_cell_library": "sky130_fd_sc_hd", "sys_executable": "/home/ubuntu/FlowGuard-recovery/.venv/openlane/bin/python"}, "runtime_s": 173.05159514496336, "started_at": "2026-09-15T23:58:35.832847Z", "status": "SUCCESS", "terminal_status": "SUCCESS", "trial_id": "clock15-u30-d45-p2-g0p20-sAREA_0"}
2026-09-16T00:01:29Z [exhaustive_clock_sweep_v1] start clock15-u30-d45-p2-g0p20-sAREA_1 timeout=393s
{"command": ["/home/ubuntu/FlowGuard-recovery/.venv/openlane/bin/python", "-m", "librelane", "--docker-no-tty", "--dockerized", "--pdk-root", "/home/ubuntu/.ciel", "--pdk", "sky130A", "--scl", "sky130_fd_sc_hd", "--run-tag", "trial_clock15-u30-d45-p2-g0p20-sAREA_1", "/home/ubuntu/FlowGuard-recovery/results/exhaustive_clock_sweep_v1/configs/clock15-u30-d45-p2-g0p20-sAREA_1/config.json"], "config": "/home/ubuntu/FlowGuard-recovery/results/exhaustive_clock_sweep_v1/configs/clock15-u30-d45-p2-g0p20-sAREA_1/config.json", "config_sha256": "2f1800a375a6893b86d10bf4f296ba1b5e9e52713f081ff05ec25d962a693d8e", "effective_config_sha256": "09039c9146acdaa3fc0b8d1bfbd1bd28d1f20c6f767a98af0c9ead74d92727ed", "exit_code": 0, "failure_metadata": null, "failure_stage": null, "finished_at": "2026-09-16T00:04:05.470152Z", "metadata": {"environment": {"executable": "/home/ubuntu/FlowGuard-recovery/.venv/openlane/bin/python", "librelane_container_image": "ghcr.io/librelane/librelane@sha256:f91b21d75f79871f9ccf37451020b5d2f7b3236881a997ff709c561e8280a30f", "librelane_version": "3.0.14", "machine": "aarch64", "pdk": "sky130A", "pdk_revision": "8afc8346a57fe1ab7934ba5a6056ea8b43078e71", "pdk_root": "/home/ubuntu/.ciel", "platform": "Linux-6.17.0-1020-oracle-aarch64-with-glibc2.39", "python_version": "3.12.3", "std_cell_library": "sky130_fd_sc_hd"}, "environment_sha256": "93e51540bdc6ca00204f9afa642f6ce447eab3a253dcc174a6800569c93b4ec8", "executable": "/home/ubuntu/FlowGuard-recovery/.venv/openlane/bin/python", "git": {"commit": "359473443d47ade8cffa73ed61aa68e306d0c17c", "dirty": true}, "host": "openclaw", "librelane_container_image": "ghcr.io/librelane/librelane@sha256:f91b21d75f79871f9ccf37451020b5d2f7b3236881a997ff709c561e8280a30f", "librelane_version": "3.0.14", "pdk": "sky130A", "pdk_revision": "8afc8346a57fe1ab7934ba5a6056ea8b43078e71", "pdk_root": "/home/ubuntu/.ciel", "python_version": "3.12.3", "run_directory": "/home/ubuntu/FlowGuard-recovery/results/exhaustive_clock_sweep_v1/runs/trial_clock15-u30-d45-p2-g0p20-sAREA_1", "source_tree_sha256": "173b5f72887a56d254b5b14313fa6dec371b9b4a8bc652b50ceec1d31503ee61", "std_cell_library": "sky130_fd_sc_hd", "sys_executable": "/home/ubuntu/FlowGuard-recovery/.venv/openlane/bin/python"}, "runtime_s": 156.09886634198483, "started_at": "2026-09-16T00:01:29.367219Z", "status": "SUCCESS", "terminal_status": "SUCCESS", "trial_id": "clock15-u30-d45-p2-g0p20-sAREA_1"}
2026-09-16T00:04:05Z [exhaustive_clock_sweep_v1] start clock15-u30-d45-p2-g0p20-sAREA_2 timeout=237s
{"command": ["/home/ubuntu/FlowGuard-recovery/.venv/openlane/bin/python", "-m", "librelane", "--docker-no-tty", "--dockerized", "--pdk-root", "/home/ubuntu/.ciel", "--pdk", "sky130A", "--scl", "sky130_fd_sc_hd", "--run-tag", "trial_clock15-u30-d45-p2-g0p20-sAREA_2", "/home/ubuntu/FlowGuard-recovery/results/exhaustive_clock_sweep_v1/configs/clock15-u30-d45-p2-g0p20-sAREA_2/config.json"], "config": "/home/ubuntu/FlowGuard-recovery/results/exhaustive_clock_sweep_v1/configs/clock15-u30-d45-p2-g0p20-sAREA_2/config.json", "config_sha256": "2b3fb893dc6d7c27390c1fb35d2fbae94b6feafab19233665cce74427da646da", "effective_config_sha256": "04b0e5bf93b844a701f881f78336e6be428898d5a75184a378e6d16daca47471", "exit_code": 0, "failure_metadata": null, "failure_stage": null, "finished_at": "2026-09-16T00:06:40.905052Z", "metadata": {"environment": {"executable": "/home/ubuntu/FlowGuard-recovery/.venv/openlane/bin/python", "librelane_container_image": "ghcr.io/librelane/librelane@sha256:f91b21d75f79871f9ccf37451020b5d2f7b3236881a997ff709c561e8280a30f", "librelane_version": "3.0.14", "machine": "aarch64", "pdk": "sky130A", "pdk_revision": "8afc8346a57fe1ab7934ba5a6056ea8b43078e71", "pdk_root": "/home/ubuntu/.ciel", "platform": "Linux-6.17.0-1020-oracle-aarch64-with-glibc2.39", "python_version": "3.12.3", "std_cell_library": "sky130_fd_sc_hd"}, "environment_sha256": "93e51540bdc6ca00204f9afa642f6ce447eab3a253dcc174a6800569c93b4ec8", "executable": "/home/ubuntu/FlowGuard-recovery/.venv/openlane/bin/python", "git": {"commit": "359473443d47ade8cffa73ed61aa68e306d0c17c", "dirty": true}, "host": "openclaw", "librelane_container_image": "ghcr.io/librelane/librelane@sha256:f91b21d75f79871f9ccf37451020b5d2f7b3236881a997ff709c561e8280a30f", "librelane_version": "3.0.14", "pdk": "sky130A", "pdk_revision": "8afc8346a57fe1ab7934ba5a6056ea8b43078e71", "pdk_root": "/home/ubuntu/.ciel", "python_version": "3.12.3", "run_directory": "/home/ubuntu/FlowGuard-recovery/results/exhaustive_clock_sweep_v1/runs/trial_clock15-u30-d45-p2-g0p20-sAREA_2", "source_tree_sha256": "173b5f72887a56d254b5b14313fa6dec371b9b4a8bc652b50ceec1d31503ee61", "std_cell_library": "sky130_fd_sc_hd", "sys_executable": "/home/ubuntu/FlowGuard-recovery/.venv/openlane/bin/python"}, "runtime_s": 154.95463949796977, "started_at": "2026-09-16T00:04:05.946214Z", "status": "SUCCESS", "terminal_status": "SUCCESS", "trial_id": "clock15-u30-d45-p2-g0p20-sAREA_2"}
2026-09-16T00:06:41Z [exhaustive_clock_sweep_v1] start clock15-u30-d52-p0-g0p05-sAREA_0 timeout=81s
Traceback (most recent call last):
  File "<frozen runpy>", line 198, in _run_module_as_main
  File "<frozen runpy>", line 88, in _run_code
  File "/home/ubuntu/FlowGuard-recovery/src/runner.py", line 275, in <module>
    raise SystemExit(main())
                     ^^^^^^
  File "/home/ubuntu/FlowGuard-recovery/src/runner.py", line 267, in main
    result = run_trial(args.trial_id, args.config, args.timeout, args.runs_root)
             ^^^^^^^^^^^^^^^^^^^^^^^^^^^^^^^^^^^^^^^^^^^^^^^^^^^^^^^^^^^^^^^^^^^
  File "/home/ubuntu/FlowGuard-recovery/src/runner.py", line 215, in run_trial
    (trial_dir / "runner.stdout.log").write_text(stdout, encoding="utf-8")
  File "/usr/lib/python3.12/pathlib.py", line 1046, in write_text
    raise TypeError('data must be str, not %s' %
TypeError: data must be str, not bytes
2026-09-16T00:08:02Z [exhaustive_clock_sweep_v1] deadline safety stop
