gds,png,gds_bytes,png_bytes,width,height,status,error
/home/ubuntu/FlowGuard-recovery/designs/crossbar_datapath_v1/runs/crossbar_datapath_v1-20260918T000210594981908Z-1232192/57-magic-streamout/crossbar_datapath_v1.gds,/tmp/banyancode/gds-renders/FlowGuard-recovery__designs__crossbar_datapath_v1__runs__crossbar_datapath_v1-20260918T000210594981908Z-1232192__57-magic-streamout__crossbar_datapath_v1.gds.png,7006066,104679,1000,625,success,
/home/ubuntu/FlowGuard-recovery/designs/crossbar_datapath_v1/runs/crossbar_datapath_v1-20260918T000210594981908Z-1232192/57-magic-streamout/crossbar_datapath_v1.magic.gds,/tmp/banyancode/gds-renders/FlowGuard-recovery__designs__crossbar_datapath_v1__runs__crossbar_datapath_v1-20260918T000210594981908Z-1232192__57-magic-streamout__crossbar_datapath_v1.magic.gds.png,7006066,104679,1000,625,success,
/home/ubuntu/FlowGuard-recovery/designs/crossbar_datapath_v1/runs/crossbar_datapath_v1-20260918T000210594981908Z-1232192/final/gds/crossbar_datapath_v1.gds,/tmp/banyancode/gds-renders/FlowGuard-recovery__designs__crossbar_datapath_v1__runs__crossbar_datapath_v1-20260918T000210594981908Z-1232192__final__gds__crossbar_datapath_v1.gds.png,7006066,104679,1000,625,success,
/home/ubuntu/FlowGuard-recovery/designs/crossbar_datapath_v1/runs/crossbar_datapath_v1-20260918T000210594981908Z-1232192/final/mag_gds/crossbar_datapath_v1.magic.gds,/tmp/banyancode/gds-renders/FlowGuard-recovery__designs__crossbar_datapath_v1__runs__crossbar_datapath_v1-20260918T000210594981908Z-1232192__final__mag_gds__crossbar_datapath_v1.magic.gds.png,7006066,104679,1000,625,success,
/home/ubuntu/external-tinytapeout-work/artifacts/external_tinytapeout_compact_v1/crossbar_datapath_v1_physical_v1/finals/baseline/gds/crossbar_datapath_v1.gds,/tmp/banyancode/gds-renders/external-tinytapeout-work__artifacts__external_tinytapeout_compact_v1__crossbar_datapath_v1_physical_v1__finals__baseline__gds__crossbar_datapath_v1.gds.png,7006066,104679,1000,625,success,
/home/ubuntu/external-tinytapeout-work/artifacts/external_tinytapeout_compact_v1/crossbar_datapath_v1_physical_v1/finals/baseline/mag_gds/crossbar_datapath_v1.magic.gds,/tmp/banyancode/gds-renders/external-tinytapeout-work__artifacts__external_tinytapeout_compact_v1__crossbar_datapath_v1_physical_v1__finals__baseline__mag_gds__crossbar_datapath_v1.magic.gds.png,7006066,104679,1000,625,success,
/home/ubuntu/external-tinytapeout-work/artifacts/external_tinytapeout_compact_v1/crossbar_datapath_v1_physical_v1/runs/baseline/57-magic-streamout/crossbar_datapath_v1.gds,/tmp/banyancode/gds-renders/external-tinytapeout-work__artifacts__external_tinytapeout_compact_v1__crossbar_datapath_v1_physical_v1__runs__baseline__57-magic-streamout__crossbar_datapath_v1.gds.png,7006066,104679,1000,625,success,
/home/ubuntu/external-tinytapeout-work/artifacts/external_tinytapeout_compact_v1/crossbar_datapath_v1_physical_v1/runs/baseline/57-magic-streamout/crossbar_datapath_v1.magic.gds,/tmp/banyancode/gds-renders/external-tinytapeout-work__artifacts__external_tinytapeout_compact_v1__crossbar_datapath_v1_physical_v1__runs__baseline__57-magic-streamout__crossbar_datapath_v1.magic.gds.png,7006066,104679,1000,625,success,
/home/ubuntu/external-tinytapeout-work/artifacts/external_tinytapeout_compact_v1/crossbar_datapath_v1_physical_v1/runs/baseline/final/gds/crossbar_datapath_v1.gds,/tmp/banyancode/gds-renders/external-tinytapeout-work__artifacts__external_tinytapeout_compact_v1__crossbar_datapath_v1_physical_v1__runs__baseline__final__gds__crossbar_datapath_v1.gds.png,7006066,104679,1000,625,success,
/home/ubuntu/external-tinytapeout-work/artifacts/external_tinytapeout_compact_v1/crossbar_datapath_v1_physical_v1/runs/baseline/final/mag_gds/crossbar_datapath_v1.magic.gds,/tmp/banyancode/gds-renders/external-tinytapeout-work__artifacts__external_tinytapeout_compact_v1__crossbar_datapath_v1_physical_v1__runs__baseline__final__mag_gds__crossbar_datapath_v1.magic.gds.png,7006066,104679,1000,625,success,
/home/ubuntu/FlowGuard-recovery/designs/crossbar_datapath_v1/runs/crossbar_datapath_v1-20260918T000210594981908Z-1232192/58-klayout-streamout/crossbar_datapath_v1.klayout.gds,/tmp/banyancode/gds-renders/FlowGuard-recovery__designs__crossbar_datapath_v1__runs__crossbar_datapath_v1-20260918T000210594981908Z-1232192__58-klayout-streamout__crossbar_datapath_v1.klayout.gds.png,4004608,111287,1000,625,success,
/home/ubuntu/FlowGuard-recovery/designs/crossbar_datapath_v1/runs/crossbar_datapath_v1-20260918T000210594981908Z-1232192/final/klayout_gds/crossbar_datapath_v1.klayout.gds,/tmp/banyancode/gds-renders/FlowGuard-recovery__designs__crossbar_datapath_v1__runs__crossbar_datapath_v1-20260918T000210594981908Z-1232192__final__klayout_gds__crossbar_datapath_v1.klayout.gds.png,4004608,111287,1000,625,success,
/home/ubuntu/external-tinytapeout-work/artifacts/external_tinytapeout_compact_v1/crossbar_datapath_v1_physical_v1/finals/baseline/klayout_gds/crossbar_datapath_v1.klayout.gds,/tmp/banyancode/gds-renders/external-tinytapeout-work__artifacts__external_tinytapeout_compact_v1__crossbar_datapath_v1_physical_v1__finals__baseline__klayout_gds__crossbar_datapath_v1.klayout.gds.png,4004608,111287,1000,625,success,
/home/ubuntu/external-tinytapeout-work/artifacts/external_tinytapeout_compact_v1/crossbar_datapath_v1_physical_v1/runs/baseline/58-klayout-streamout/crossbar_datapath_v1.klayout.gds,/tmp/banyancode/gds-renders/external-tinytapeout-work__artifacts__external_tinytapeout_compact_v1__crossbar_datapath_v1_physical_v1__runs__baseline__58-klayout-streamout__crossbar_datapath_v1.klayout.gds.png,4004608,111287,1000,625,success,
/home/ubuntu/external-tinytapeout-work/artifacts/external_tinytapeout_compact_v1/crossbar_datapath_v1_physical_v1/runs/baseline/final/klayout_gds/crossbar_datapath_v1.klayout.gds,/tmp/banyancode/gds-renders/external-tinytapeout-work__artifacts__external_tinytapeout_compact_v1__crossbar_datapath_v1_physical_v1__runs__baseline__final__klayout_gds__crossbar_datapath_v1.klayout.gds.png,4004608,111287,1000,625,success,
/home/ubuntu/FlowGuard-recovery/designs/crossbar_datapath_v1/runs/crossbar_datapath_v1-full/57-magic-streamout/crossbar_datapath_v1.gds,/tmp/banyancode/gds-renders/FlowGuard-recovery__designs__crossbar_datapath_v1__runs__crossbar_datapath_v1-full__57-magic-streamout__crossbar_datapath_v1.gds.png,7006066,104679,1000,625,success,
/home/ubuntu/FlowGuard-recovery/designs/crossbar_datapath_v1/runs/crossbar_datapath_v1-full/57-magic-streamout/crossbar_datapath_v1.magic.gds,/tmp/banyancode/gds-renders/FlowGuard-recovery__designs__crossbar_datapath_v1__runs__crossbar_datapath_v1-full__57-magic-streamout__crossbar_datapath_v1.magic.gds.png,7006066,104679,1000,625,success,
/home/ubuntu/FlowGuard-recovery/designs/crossbar_datapath_v1/runs/crossbar_datapath_v1-full/final/gds/crossbar_datapath_v1.gds,/tmp/banyancode/gds-renders/FlowGuard-recovery__designs__crossbar_datapath_v1__runs__crossbar_datapath_v1-full__final__gds__crossbar_datapath_v1.gds.png,7006066,104679,1000,625,success,
/home/ubuntu/FlowGuard-recovery/designs/crossbar_datapath_v1/runs/crossbar_datapath_v1-full/final/mag_gds/crossbar_datapath_v1.magic.gds,/tmp/banyancode/gds-renders/FlowGuard-recovery__designs__crossbar_datapath_v1__runs__crossbar_datapath_v1-full__final__mag_gds__crossbar_datapath_v1.magic.gds.png,7006066,104679,1000,625,success,
/home/ubuntu/FlowGuard-recovery/designs/crossbar_datapath_v1/runs/crossbar_datapath_v1-full/58-klayout-streamout/crossbar_datapath_v1.klayout.gds,/tmp/banyancode/gds-renders/FlowGuard-recovery__designs__crossbar_datapath_v1__runs__crossbar_datapath_v1-full__58-klayout-streamout__crossbar_datapath_v1.klayout.gds.png,4004608,111287,1000,625,success,
/home/ubuntu/FlowGuard-recovery/designs/crossbar_datapath_v1/runs/crossbar_datapath_v1-full/final/klayout_gds/crossbar_datapath_v1.klayout.gds,/tmp/banyancode/gds-renders/FlowGuard-recovery__designs__crossbar_datapath_v1__runs__crossbar_datapath_v1-full__final__klayout_gds__crossbar_datapath_v1.klayout.gds.png,4004608,111287,1000,625,success,
/home/ubuntu/FlowGuard-recovery/results/clock_hunt_15p8ns_v1/runs/trial_clock15p8-u30-d38-p0-g0p05-sAREA_0/final/gds/tt_um_flowguard_stress.gds,/tmp/banyancode/gds-renders/FlowGuard-recovery__results__clock_hunt_15p8ns_v1__runs__trial_clock15p8-u30-d38-p0-g0p05-sAREA_0__final__gds__tt_um_flowguard_stress.gds.png,2181482,44659,1000,312,success,
/home/ubuntu/FlowGuard-recovery/results/clock_hunt_15p8ns_v1/runs/trial_clock15p8-u30-d38-p0-g0p05-sAREA_0/final/mag_gds/tt_um_flowguard_stress.magic.gds,/tmp/banyancode/gds-renders/FlowGuard-recovery__results__clock_hunt_15p8ns_v1__runs__trial_clock15p8-u30-d38-p0-g0p05-sAREA_0__final__mag_gds__tt_um_flowguard_stress.magic.gds.png,2181482,44659,1000,312,success,
/home/ubuntu/FlowGuard-recovery/results/clock_hunt_15p8ns_v1/runs/trial_clock15p8-u30-d38-p0-g0p05-sAREA_0/final/klayout_gds/tt_um_flowguard_stress.klayout.gds,/tmp/banyancode/gds-renders/FlowGuard-recovery__results__clock_hunt_15p8ns_v1__runs__trial_clock15p8-u30-d38-p0-g0p05-sAREA_0__final__klayout_gds__tt_um_flowguard_stress.klayout.gds.png,1304198,45906,1000,312,success,
/home/ubuntu/FlowGuard-recovery/results/clock_hunt_15p8ns_v1/runs/trial_clock15p8-u30-d38-p0-g0p2-sAREA_0/final/gds/tt_um_flowguard_stress.gds,/tmp/banyancode/gds-renders/FlowGuard-recovery__results__clock_hunt_15p8ns_v1__runs__trial_clock15p8-u30-d38-p0-g0p2-sAREA_0__final__gds__tt_um_flowguard_stress.gds.png,2173556,45177,1000,312,success,
/home/ubuntu/FlowGuard-recovery/results/clock_hunt_15p8ns_v1/runs/trial_clock15p8-u30-d38-p0-g0p2-sAREA_0/final/mag_gds/tt_um_flowguard_stress.magic.gds,/tmp/banyancode/gds-renders/FlowGuard-recovery__results__clock_hunt_15p8ns_v1__runs__trial_clock15p8-u30-d38-p0-g0p2-sAREA_0__final__mag_gds__tt_um_flowguard_stress.magic.gds.png,2173556,45177,1000,312,success,
/home/ubuntu/FlowGuard-recovery/results/clock_hunt_15p8ns_v1/runs/trial_clock15p8-u30-d38-p0-g0p2-sAREA_0/final/klayout_gds/tt_um_flowguard_stress.klayout.gds,/tmp/banyancode/gds-renders/FlowGuard-recovery__results__clock_hunt_15p8ns_v1__runs__trial_clock15p8-u30-d38-p0-g0p2-sAREA_0__final__klayout_gds__tt_um_flowguard_stress.klayout.gds.png,1293230,46542,1000,312,success,
/home/ubuntu/FlowGuard-recovery/results/clock_hunt_15p8ns_v1/runs/trial_clock15p8-u30-d38-p2-g0p05-sAREA_2/final/gds/tt_um_flowguard_stress.gds,/tmp/banyancode/gds-renders/FlowGuard-recovery__results__clock_hunt_15p8ns_v1__runs__trial_clock15p8-u30-d38-p2-g0p05-sAREA_2__final__gds__tt_um_flowguard_stress.gds.png,2284710,45078,1000,312,success,
/home/ubuntu/FlowGuard-recovery/results/clock_hunt_15p8ns_v1/runs/trial_clock15p8-u30-d38-p2-g0p05-sAREA_2/final/mag_gds/tt_um_flowguard_stress.magic.gds,/tmp/banyancode/gds-renders/FlowGuard-recovery__results__clock_hunt_15p8ns_v1__runs__trial_clock15p8-u30-d38-p2-g0p05-sAREA_2__final__mag_gds__tt_um_flowguard_stress.magic.gds.png,2284710,45078,1000,312,success,
/home/ubuntu/FlowGuard-recovery/results/clock_hunt_15p8ns_v1/runs/trial_clock15p8-u30-d38-p2-g0p05-sAREA_2/final/klayout_gds/tt_um_flowguard_stress.klayout.gds,/tmp/banyancode/gds-renders/FlowGuard-recovery__results__clock_hunt_15p8ns_v1__runs__trial_clock15p8-u30-d38-p2-g0p05-sAREA_2__final__klayout_gds__tt_um_flowguard_stress.klayout.gds.png,1390658,45788,1000,312,success,
/home/ubuntu/FlowGuard-recovery/results/clock_hunt_15p8ns_v1/runs/trial_clock15p8-u30-d38-p2-g0p1-sAREA_0/final/gds/tt_um_flowguard_stress.gds,/tmp/banyancode/gds-renders/FlowGuard-recovery__results__clock_hunt_15p8ns_v1__runs__trial_clock15p8-u30-d38-p2-g0p1-sAREA_0__final__gds__tt_um_flowguard_stress.gds.png,2214524,45174,1000,312,success,
/home/ubuntu/FlowGuard-recovery/results/clock_hunt_15p8ns_v1/runs/trial_clock15p8-u30-d38-p2-g0p1-sAREA_0/final/mag_gds/tt_um_flowguard_stress.magic.gds,/tmp/banyancode/gds-renders/FlowGuard-recovery__results__clock_hunt_15p8ns_v1__runs__trial_clock15p8-u30-d38-p2-g0p1-sAREA_0__final__mag_gds__tt_um_flowguard_stress.magic.gds.png,2214524,45174,1000,312,success,
/home/ubuntu/FlowGuard-recovery/results/clock_hunt_15p8ns_v1/runs/trial_clock15p8-u30-d38-p2-g0p1-sAREA_0/final/klayout_gds/tt_um_flowguard_stress.klayout.gds,/tmp/banyancode/gds-renders/FlowGuard-recovery__results__clock_hunt_15p8ns_v1__runs__trial_clock15p8-u30-d38-p2-g0p1-sAREA_0__final__klayout_gds__tt_um_flowguard_stress.klayout.gds.png,1332390,46493,1000,312,success,
/home/ubuntu/FlowGuard-recovery/results/clock_hunt_15p8ns_v1/runs/trial_clock15p8-u30-d38-p2-g0p15-sAREA_1/final/gds/tt_um_flowguard_stress.gds,/tmp/banyancode/gds-renders/FlowGuard-recovery__results__clock_hunt_15p8ns_v1__runs__trial_clock15p8-u30-d38-p2-g0p15-sAREA_1__final__gds__tt_um_flowguard_stress.gds.png,2268900,44027,1000,312,success,
/home/ubuntu/FlowGuard-recovery/results/clock_hunt_15p8ns_v1/runs/trial_clock15p8-u30-d38-p2-g0p15-sAREA_1/final/mag_gds/tt_um_flowguard_stress.magic.gds,/tmp/banyancode/gds-renders/FlowGuard-recovery__results__clock_hunt_15p8ns_v1__runs__trial_clock15p8-u30-d38-p2-g0p15-sAREA_1__final__mag_gds__tt_um_flowguard_stress.magic.gds.png,2268900,44027,1000,312,success,
/home/ubuntu/FlowGuard-recovery/results/clock_hunt_15p8ns_v1/runs/trial_clock15p8-u30-d38-p2-g0p15-sAREA_1/final/klayout_gds/tt_um_flowguard_stress.klayout.gds,/tmp/banyancode/gds-renders/FlowGuard-recovery__results__clock_hunt_15p8ns_v1__runs__trial_clock15p8-u30-d38-p2-g0p15-sAREA_1__final__klayout_gds__tt_um_flowguard_stress.klayout.gds.png,1372198,47076,1000,312,success,
/home/ubuntu/FlowGuard-recovery/results/clock_hunt_15p8ns_v1/runs/trial_clock15p8-u40-d52-p1-g0p05-sAREA_1/final/gds/tt_um_flowguard_stress.gds,/tmp/banyancode/gds-renders/FlowGuard-recovery__results__clock_hunt_15p8ns_v1__runs__trial_clock15p8-u40-d52-p1-g0p05-sAREA_1__final__gds__tt_um_flowguard_stress.gds.png,2293102,45404,1000,312,success,
/home/ubuntu/FlowGuard-recovery/results/clock_hunt_15p8ns_v1/runs/trial_clock15p8-u40-d52-p1-g0p05-sAREA_1/final/mag_gds/tt_um_flowguard_stress.magic.gds,/tmp/banyancode/gds-renders/FlowGuard-recovery__results__clock_hunt_15p8ns_v1__runs__trial_clock15p8-u40-d52-p1-g0p05-sAREA_1__final__mag_gds__tt_um_flowguard_stress.magic.gds.png,2293102,45404,1000,312,success,
/home/ubuntu/FlowGuard-recovery/results/clock_hunt_15p8ns_v1/runs/trial_clock15p8-u40-d52-p1-g0p05-sAREA_1/final/klayout_gds/tt_um_flowguard_stress.klayout.gds,/tmp/banyancode/gds-renders/FlowGuard-recovery__results__clock_hunt_15p8ns_v1__runs__trial_clock15p8-u40-d52-p1-g0p05-sAREA_1__final__klayout_gds__tt_um_flowguard_stress.klayout.gds.png,1394978,47152,1000,312,success,
/home/ubuntu/FlowGuard-recovery/results/clock_hunt_15p8ns_v1/runs/trial_clock15p8-u40-d52-p1-g0p15-sAREA_1/final/gds/tt_um_flowguard_stress.gds,/tmp/banyancode/gds-renders/FlowGuard-recovery__results__clock_hunt_15p8ns_v1__runs__trial_clock15p8-u40-d52-p1-g0p15-sAREA_1__final__gds__tt_um_flowguard_stress.gds.png,2293676,45016,1000,312,success,
/home/ubuntu/FlowGuard-recovery/results/clock_hunt_15p8ns_v1/runs/trial_clock15p8-u40-d52-p1-g0p15-sAREA_1/final/mag_gds/tt_um_flowguard_stress.magic.gds,/tmp/banyancode/gds-renders/FlowGuard-recovery__results__clock_hunt_15p8ns_v1__runs__trial_clock15p8-u40-d52-p1-g0p15-sAREA_1__final__mag_gds__tt_um_flowguard_stress.magic.gds.png,2293676,45016,1000,312,success,
/home/ubuntu/FlowGuard-recovery/results/clock_hunt_15p8ns_v1/runs/trial_clock15p8-u40-d52-p1-g0p15-sAREA_1/final/klayout_gds/tt_um_flowguard_stress.klayout.gds,/tmp/banyancode/gds-renders/FlowGuard-recovery__results__clock_hunt_15p8ns_v1__runs__trial_clock15p8-u40-d52-p1-g0p15-sAREA_1__final__klayout_gds__tt_um_flowguard_stress.klayout.gds.png,1394426,46711,1000,312,success,
/home/ubuntu/FlowGuard-recovery/results/clock_hunt_15p8ns_v1/runs/trial_clock15p8-u40-d52-p2-g0p2-sAREA_2/final/gds/tt_um_flowguard_stress.gds,/tmp/banyancode/gds-renders/FlowGuard-recovery__results__clock_hunt_15p8ns_v1__runs__trial_clock15p8-u40-d52-p2-g0p2-sAREA_2__final__gds__tt_um_flowguard_stress.gds.png,2277334,45725,1000,312,success,
/home/ubuntu/FlowGuard-recovery/results/clock_hunt_15p8ns_v1/runs/trial_clock15p8-u40-d52-p2-g0p2-sAREA_2/final/mag_gds/tt_um_flowguard_stress.magic.gds,/tmp/banyancode/gds-renders/FlowGuard-recovery__results__clock_hunt_15p8ns_v1__runs__trial_clock15p8-u40-d52-p2-g0p2-sAREA_2__final__mag_gds__tt_um_flowguard_stress.magic.gds.png,2277334,45725,1000,312,success,
/home/ubuntu/FlowGuard-recovery/results/clock_hunt_15p8ns_v1/runs/trial_clock15p8-u40-d52-p2-g0p2-sAREA_2/final/klayout_gds/tt_um_flowguard_stress.klayout.gds,/tmp/banyancode/gds-renders/FlowGuard-recovery__results__clock_hunt_15p8ns_v1__runs__trial_clock15p8-u40-d52-p2-g0p2-sAREA_2__final__klayout_gds__tt_um_flowguard_stress.klayout.gds.png,1381216,46589,1000,312,success,
/home/ubuntu/FlowGuard-recovery/results/clock_hunt_16ns_v1/runs/trial_clock16-u30-d38-p0-g0p05-sAREA_0/final/gds/tt_um_flowguard_stress.gds,/tmp/banyancode/gds-renders/FlowGuard-recovery__results__clock_hunt_16ns_v1__runs__trial_clock16-u30-d38-p0-g0p05-sAREA_0__final__gds__tt_um_flowguard_stress.gds.png,2181482,44659,1000,312,success,
/home/ubuntu/FlowGuard-recovery/results/clock_hunt_16ns_v1/runs/trial_clock16-u30-d38-p0-g0p05-sAREA_0/final/mag_gds/tt_um_flowguard_stress.magic.gds,/tmp/banyancode/gds-renders/FlowGuard-recovery__results__clock_hunt_16ns_v1__runs__trial_clock16-u30-d38-p0-g0p05-sAREA_0__final__mag_gds__tt_um_flowguard_stress.magic.gds.png,2181482,44659,1000,312,success,
/home/ubuntu/FlowGuard-recovery/results/clock_hunt_16ns_v1/runs/trial_clock16-u30-d38-p0-g0p05-sAREA_0/final/klayout_gds/tt_um_flowguard_stress.klayout.gds,/tmp/banyancode/gds-renders/FlowGuard-recovery__results__clock_hunt_16ns_v1__runs__trial_clock16-u30-d38-p0-g0p05-sAREA_0__final__klayout_gds__tt_um_flowguard_stress.klayout.gds.png,1304198,45906,1000,312,success,
/home/ubuntu/FlowGuard-recovery/results/clock_hunt_16ns_v1/runs/trial_clock16-u30-d38-p0-g0p2-sAREA_0/final/gds/tt_um_flowguard_stress.gds,/tmp/banyancode/gds-renders/FlowGuard-recovery__results__clock_hunt_16ns_v1__runs__trial_clock16-u30-d38-p0-g0p2-sAREA_0__final__gds__tt_um_flowguard_stress.gds.png,2173556,45177,1000,312,success,
/home/ubuntu/FlowGuard-recovery/results/clock_hunt_16ns_v1/runs/trial_clock16-u30-d38-p0-g0p2-sAREA_0/final/mag_gds/tt_um_flowguard_stress.magic.gds,/tmp/banyancode/gds-renders/FlowGuard-recovery__results__clock_hunt_16ns_v1__runs__trial_clock16-u30-d38-p0-g0p2-sAREA_0__final__mag_gds__tt_um_flowguard_stress.magic.gds.png,2173556,45177,1000,312,success,
/home/ubuntu/FlowGuard-recovery/results/clock_hunt_16ns_v1/runs/trial_clock16-u30-d38-p0-g0p2-sAREA_0/final/klayout_gds/tt_um_flowguard_stress.klayout.gds,/tmp/banyancode/gds-renders/FlowGuard-recovery__results__clock_hunt_16ns_v1__runs__trial_clock16-u30-d38-p0-g0p2-sAREA_0__final__klayout_gds__tt_um_flowguard_stress.klayout.gds.png,1293230,46542,1000,312,success,
/home/ubuntu/FlowGuard-recovery/results/clock_hunt_16ns_v1/runs/trial_clock16-u30-d38-p2-g0p05-sAREA_2/final/gds/tt_um_flowguard_stress.gds,/tmp/banyancode/gds-renders/FlowGuard-recovery__results__clock_hunt_16ns_v1__runs__trial_clock16-u30-d38-p2-g0p05-sAREA_2__final__gds__tt_um_flowguard_stress.gds.png,2284710,45078,1000,312,success,
/home/ubuntu/FlowGuard-recovery/results/clock_hunt_16ns_v1/runs/trial_clock16-u30-d38-p2-g0p05-sAREA_2/final/mag_gds/tt_um_flowguard_stress.magic.gds,/tmp/banyancode/gds-renders/FlowGuard-recovery__results__clock_hunt_16ns_v1__runs__trial_clock16-u30-d38-p2-g0p05-sAREA_2__final__mag_gds__tt_um_flowguard_stress.magic.gds.png,2284710,45078,1000,312,success,
/home/ubuntu/FlowGuard-recovery/results/clock_hunt_16ns_v1/runs/trial_clock16-u30-d38-p2-g0p05-sAREA_2/final/klayout_gds/tt_um_flowguard_stress.klayout.gds,/tmp/banyancode/gds-renders/FlowGuard-recovery__results__clock_hunt_16ns_v1__runs__trial_clock16-u30-d38-p2-g0p05-sAREA_2__final__klayout_gds__tt_um_flowguard_stress.klayout.gds.png,1390658,45788,1000,312,success,
/home/ubuntu/FlowGuard-recovery/results/clock_hunt_16ns_v1/runs/trial_clock16-u30-d38-p2-g0p1-sAREA_0/final/gds/tt_um_flowguard_stress.gds,/tmp/banyancode/gds-renders/FlowGuard-recovery__results__clock_hunt_16ns_v1__runs__trial_clock16-u30-d38-p2-g0p1-sAREA_0__final__gds__tt_um_flowguard_stress.gds.png,2214524,45174,1000,312,success,
/home/ubuntu/FlowGuard-recovery/results/clock_hunt_16ns_v1/runs/trial_clock16-u30-d38-p2-g0p1-sAREA_0/final/mag_gds/tt_um_flowguard_stress.magic.gds,/tmp/banyancode/gds-renders/FlowGuard-recovery__results__clock_hunt_16ns_v1__runs__trial_clock16-u30-d38-p2-g0p1-sAREA_0__final__mag_gds__tt_um_flowguard_stress.magic.gds.png,2214524,45174,1000,312,success,
/home/ubuntu/FlowGuard-recovery/results/clock_hunt_16ns_v1/runs/trial_clock16-u30-d38-p2-g0p1-sAREA_0/final/klayout_gds/tt_um_flowguard_stress.klayout.gds,/tmp/banyancode/gds-renders/FlowGuard-recovery__results__clock_hunt_16ns_v1__runs__trial_clock16-u30-d38-p2-g0p1-sAREA_0__final__klayout_gds__tt_um_flowguard_stress.klayout.gds.png,1332390,46493,1000,312,success,
/home/ubuntu/FlowGuard-recovery/results/clock_hunt_16ns_v1/runs/trial_clock16-u30-d38-p2-g0p15-sAREA_1/final/gds/tt_um_flowguard_stress.gds,/tmp/banyancode/gds-renders/FlowGuard-recovery__results__clock_hunt_16ns_v1__runs__trial_clock16-u30-d38-p2-g0p15-sAREA_1__final__gds__tt_um_flowguard_stress.gds.png,2268900,44027,1000,312,success,
/home/ubuntu/FlowGuard-recovery/results/clock_hunt_16ns_v1/runs/trial_clock16-u30-d38-p2-g0p15-sAREA_1/final/mag_gds/tt_um_flowguard_stress.magic.gds,/tmp/banyancode/gds-renders/FlowGuard-recovery__results__clock_hunt_16ns_v1__runs__trial_clock16-u30-d38-p2-g0p15-sAREA_1__final__mag_gds__tt_um_flowguard_stress.magic.gds.png,2268900,44027,1000,312,success,
/home/ubuntu/FlowGuard-recovery/results/clock_hunt_16ns_v1/runs/trial_clock16-u30-d38-p2-g0p15-sAREA_1/final/klayout_gds/tt_um_flowguard_stress.klayout.gds,/tmp/banyancode/gds-renders/FlowGuard-recovery__results__clock_hunt_16ns_v1__runs__trial_clock16-u30-d38-p2-g0p15-sAREA_1__final__klayout_gds__tt_um_flowguard_stress.klayout.gds.png,1372198,47076,1000,312,success,
/home/ubuntu/FlowGuard-recovery/results/clock_hunt_16ns_v1/runs/trial_clock16-u40-d52-p1-g0p05-sAREA_1/final/gds/tt_um_flowguard_stress.gds,/tmp/banyancode/gds-renders/FlowGuard-recovery__results__clock_hunt_16ns_v1__runs__trial_clock16-u40-d52-p1-g0p05-sAREA_1__final__gds__tt_um_flowguard_stress.gds.png,2293102,45404,1000,312,success,
/home/ubuntu/FlowGuard-recovery/results/clock_hunt_16ns_v1/runs/trial_clock16-u40-d52-p1-g0p05-sAREA_1/final/mag_gds/tt_um_flowguard_stress.magic.gds,/tmp/banyancode/gds-renders/FlowGuard-recovery__results__clock_hunt_16ns_v1__runs__trial_clock16-u40-d52-p1-g0p05-sAREA_1__final__mag_gds__tt_um_flowguard_stress.magic.gds.png,2293102,45404,1000,312,success,
/home/ubuntu/FlowGuard-recovery/results/clock_hunt_16ns_v1/runs/trial_clock16-u40-d52-p1-g0p05-sAREA_1/final/klayout_gds/tt_um_flowguard_stress.klayout.gds,/tmp/banyancode/gds-renders/FlowGuard-recovery__results__clock_hunt_16ns_v1__runs__trial_clock16-u40-d52-p1-g0p05-sAREA_1__final__klayout_gds__tt_um_flowguard_stress.klayout.gds.png,1394978,47152,1000,312,success,
/home/ubuntu/FlowGuard-recovery/results/clock_hunt_16ns_v1/runs/trial_clock16-u40-d52-p1-g0p15-sAREA_1/final/gds/tt_um_flowguard_stress.gds,/tmp/banyancode/gds-renders/FlowGuard-recovery__results__clock_hunt_16ns_v1__runs__trial_clock16-u40-d52-p1-g0p15-sAREA_1__final__gds__tt_um_flowguard_stress.gds.png,2293676,45016,1000,312,success,
/home/ubuntu/FlowGuard-recovery/results/clock_hunt_16ns_v1/runs/trial_clock16-u40-d52-p1-g0p15-sAREA_1/final/mag_gds/tt_um_flowguard_stress.magic.gds,/tmp/banyancode/gds-renders/FlowGuard-recovery__results__clock_hunt_16ns_v1__runs__trial_clock16-u40-d52-p1-g0p15-sAREA_1__final__mag_gds__tt_um_flowguard_stress.magic.gds.png,2293676,45016,1000,312,success,
/home/ubuntu/FlowGuard-recovery/results/clock_hunt_16ns_v1/runs/trial_clock16-u40-d52-p1-g0p15-sAREA_1/final/klayout_gds/tt_um_flowguard_stress.klayout.gds,/tmp/banyancode/gds-renders/FlowGuard-recovery__results__clock_hunt_16ns_v1__runs__trial_clock16-u40-d52-p1-g0p15-sAREA_1__final__klayout_gds__tt_um_flowguard_stress.klayout.gds.png,1394426,46711,1000,312,success,
/home/ubuntu/FlowGuard-recovery/results/clock_hunt_16ns_v1/runs/trial_clock16-u40-d52-p2-g0p2-sAREA_2/final/gds/tt_um_flowguard_stress.gds,/tmp/banyancode/gds-renders/FlowGuard-recovery__results__clock_hunt_16ns_v1__runs__trial_clock16-u40-d52-p2-g0p2-sAREA_2__final__gds__tt_um_flowguard_stress.gds.png,2277334,45725,1000,312,success,
/home/ubuntu/FlowGuard-recovery/results/clock_hunt_16ns_v1/runs/trial_clock16-u40-d52-p2-g0p2-sAREA_2/final/mag_gds/tt_um_flowguard_stress.magic.gds,/tmp/banyancode/gds-renders/FlowGuard-recovery__results__clock_hunt_16ns_v1__runs__trial_clock16-u40-d52-p2-g0p2-sAREA_2__final__mag_gds__tt_um_flowguard_stress.magic.gds.png,2277334,45725,1000,312,success,
/home/ubuntu/FlowGuard-recovery/results/clock_hunt_16ns_v1/runs/trial_clock16-u40-d52-p2-g0p2-sAREA_2/final/klayout_gds/tt_um_flowguard_stress.klayout.gds,/tmp/banyancode/gds-renders/FlowGuard-recovery__results__clock_hunt_16ns_v1__runs__trial_clock16-u40-d52-p2-g0p2-sAREA_2__final__klayout_gds__tt_um_flowguard_stress.klayout.gds.png,1381216,46589,1000,312,success,
/home/ubuntu/FlowGuard-recovery/results/diag_15p8_v1/runs/trial_clock15p8-u30-d38-p1-g0p05-sAREA_1/final/gds/tt_um_flowguard_stress.gds,/tmp/banyancode/gds-renders/FlowGuard-recovery__results__diag_15p8_v1__runs__trial_clock15p8-u30-d38-p1-g0p05-sAREA_1__final__gds__tt_um_flowguard_stress.gds.png,2293102,45404,1000,312,success,
/home/ubuntu/FlowGuard-recovery/results/diag_15p8_v1/runs/trial_clock15p8-u30-d38-p1-g0p05-sAREA_1/final/mag_gds/tt_um_flowguard_stress.magic.gds,/tmp/banyancode/gds-renders/FlowGuard-recovery__results__diag_15p8_v1__runs__trial_clock15p8-u30-d38-p1-g0p05-sAREA_1__final__mag_gds__tt_um_flowguard_stress.magic.gds.png,2293102,45404,1000,312,success,
/home/ubuntu/FlowGuard-recovery/results/diag_15p8_v1/runs/trial_clock15p8-u30-d38-p1-g0p05-sAREA_1/final/klayout_gds/tt_um_flowguard_stress.klayout.gds,/tmp/banyancode/gds-renders/FlowGuard-recovery__results__diag_15p8_v1__runs__trial_clock15p8-u30-d38-p1-g0p05-sAREA_1__final__klayout_gds__tt_um_flowguard_stress.klayout.gds.png,1394978,47152,1000,312,success,
/home/ubuntu/FlowGuard-recovery/results/diag_15p8_v1/runs/trial_clock15p8-u30-d38-p2-g0p2-sAREA_0/final/gds/tt_um_flowguard_stress.gds,/tmp/banyancode/gds-renders/FlowGuard-recovery__results__diag_15p8_v1__runs__trial_clock15p8-u30-d38-p2-g0p2-sAREA_0__final__gds__tt_um_flowguard_stress.gds.png,2204142,45185,1000,312,success,
/home/ubuntu/FlowGuard-recovery/results/diag_15p8_v1/runs/trial_clock15p8-u30-d38-p2-g0p2-sAREA_0/final/mag_gds/tt_um_flowguard_stress.magic.gds,/tmp/banyancode/gds-renders/FlowGuard-recovery__results__diag_15p8_v1__runs__trial_clock15p8-u30-d38-p2-g0p2-sAREA_0__final__mag_gds__tt_um_flowguard_stress.magic.gds.png,2204142,45185,1000,312,success,
/home/ubuntu/FlowGuard-recovery/results/diag_15p8_v1/runs/trial_clock15p8-u30-d38-p2-g0p2-sAREA_0/final/klayout_gds/tt_um_flowguard_stress.klayout.gds,/tmp/banyancode/gds-renders/FlowGuard-recovery__results__diag_15p8_v1__runs__trial_clock15p8-u30-d38-p2-g0p2-sAREA_0__final__klayout_gds__tt_um_flowguard_stress.klayout.gds.png,1324608,46993,1000,312,success,
/home/ubuntu/FlowGuard-recovery/results/diag_15p8_v1/runs/trial_clock15p8-u30-d45-p0-g0p1-sAREA_0/final/gds/tt_um_flowguard_stress.gds,/tmp/banyancode/gds-renders/FlowGuard-recovery__results__diag_15p8_v1__runs__trial_clock15p8-u30-d45-p0-g0p1-sAREA_0__final__gds__tt_um_flowguard_stress.gds.png,2176858,44664,1000,312,success,
/home/ubuntu/FlowGuard-recovery/results/diag_15p8_v1/runs/trial_clock15p8-u30-d45-p0-g0p1-sAREA_0/final/mag_gds/tt_um_flowguard_stress.magic.gds,/tmp/banyancode/gds-renders/FlowGuard-recovery__results__diag_15p8_v1__runs__trial_clock15p8-u30-d45-p0-g0p1-sAREA_0__final__mag_gds__tt_um_flowguard_stress.magic.gds.png,2176858,44664,1000,312,success,
/home/ubuntu/FlowGuard-recovery/results/diag_15p8_v1/runs/trial_clock15p8-u30-d45-p0-g0p1-sAREA_0/final/klayout_gds/tt_um_flowguard_stress.klayout.gds,/tmp/banyancode/gds-renders/FlowGuard-recovery__results__diag_15p8_v1__runs__trial_clock15p8-u30-d45-p0-g0p1-sAREA_0__final__klayout_gds__tt_um_flowguard_stress.klayout.gds.png,1302266,46061,1000,312,success,
/home/ubuntu/FlowGuard-recovery/results/diag_15p8_v1/runs/trial_clock15p8-u30-d45-p0-g0p1-sAREA_1/final/gds/tt_um_flowguard_stress.gds,/tmp/banyancode/gds-renders/FlowGuard-recovery__results__diag_15p8_v1__runs__trial_clock15p8-u30-d45-p0-g0p1-sAREA_1__final__gds__tt_um_flowguard_stress.gds.png,2294238,45362,1000,312,success,
/home/ubuntu/FlowGuard-recovery/results/diag_15p8_v1/runs/trial_clock15p8-u30-d45-p0-g0p1-sAREA_1/final/mag_gds/tt_um_flowguard_stress.magic.gds,/tmp/banyancode/gds-renders/FlowGuard-recovery__results__diag_15p8_v1__runs__trial_clock15p8-u30-d45-p0-g0p1-sAREA_1__final__mag_gds__tt_um_flowguard_stress.magic.gds.png,2294238,45362,1000,312,success,
/home/ubuntu/FlowGuard-recovery/results/diag_15p8_v1/runs/trial_clock15p8-u30-d45-p0-g0p1-sAREA_1/final/klayout_gds/tt_um_flowguard_stress.klayout.gds,/tmp/banyancode/gds-renders/FlowGuard-recovery__results__diag_15p8_v1__runs__trial_clock15p8-u30-d45-p0-g0p1-sAREA_1__final__klayout_gds__tt_um_flowguard_stress.klayout.gds.png,1396180,46858,1000,312,success,
/home/ubuntu/FlowGuard-recovery/results/diag_15p8_v1/runs/trial_clock15p8-u30-d45-p0-g0p1-sAREA_2/final/gds/tt_um_flowguard_stress.gds,/tmp/banyancode/gds-renders/FlowGuard-recovery__results__diag_15p8_v1__runs__trial_clock15p8-u30-d45-p0-g0p1-sAREA_2__final__gds__tt_um_flowguard_stress.gds.png,2281552,44790,1000,312,success,
/home/ubuntu/FlowGuard-recovery/results/diag_15p8_v1/runs/trial_clock15p8-u30-d45-p0-g0p1-sAREA_2/final/mag_gds/tt_um_flowguard_stress.magic.gds,/tmp/banyancode/gds-renders/FlowGuard-recovery__results__diag_15p8_v1__runs__trial_clock15p8-u30-d45-p0-g0p1-sAREA_2__final__mag_gds__tt_um_flowguard_stress.magic.gds.png,2281552,44790,1000,312,success,
/home/ubuntu/FlowGuard-recovery/results/diag_15p8_v1/runs/trial_clock15p8-u30-d45-p0-g0p1-sAREA_2/final/klayout_gds/tt_um_flowguard_stress.klayout.gds,/tmp/banyancode/gds-renders/FlowGuard-recovery__results__diag_15p8_v1__runs__trial_clock15p8-u30-d45-p0-g0p1-sAREA_2__final__klayout_gds__tt_um_flowguard_stress.klayout.gds.png,1385732,46781,1000,312,success,
/home/ubuntu/FlowGuard-recovery/results/diag_15p8_v1/runs/trial_clock15p8-u30-d45-p0-g0p15-sAREA_2/final/gds/tt_um_flowguard_stress.gds,/tmp/banyancode/gds-renders/FlowGuard-recovery__results__diag_15p8_v1__runs__trial_clock15p8-u30-d45-p0-g0p15-sAREA_2__final__gds__tt_um_flowguard_stress.gds.png,2285000,44807,1000,312,success,
/home/ubuntu/FlowGuard-recovery/results/diag_15p8_v1/runs/trial_clock15p8-u30-d45-p0-g0p15-sAREA_2/final/mag_gds/tt_um_flowguard_stress.magic.gds,/tmp/banyancode/gds-renders/FlowGuard-recovery__results__diag_15p8_v1__runs__trial_clock15p8-u30-d45-p0-g0p15-sAREA_2__final__mag_gds__tt_um_flowguard_stress.magic.gds.png,2285000,44807,1000,312,success,
/home/ubuntu/FlowGuard-recovery/results/diag_15p8_v1/runs/trial_clock15p8-u30-d45-p0-g0p15-sAREA_2/final/klayout_gds/tt_um_flowguard_stress.klayout.gds,/tmp/banyancode/gds-renders/FlowGuard-recovery__results__diag_15p8_v1__runs__trial_clock15p8-u30-d45-p0-g0p15-sAREA_2__final__klayout_gds__tt_um_flowguard_stress.klayout.gds.png,1385752,46218,1000,312,success,
/home/ubuntu/FlowGuard-recovery/results/diag_15p8_v1/runs/trial_clock15p8-u30-d45-p1-g0p1-sAREA_0/final/gds/tt_um_flowguard_stress.gds,/tmp/banyancode/gds-renders/FlowGuard-recovery__results__diag_15p8_v1__runs__trial_clock15p8-u30-d45-p1-g0p1-sAREA_0__final__gds__tt_um_flowguard_stress.gds.png,2176858,44664,1000,312,success,
/home/ubuntu/FlowGuard-recovery/results/diag_15p8_v1/runs/trial_clock15p8-u30-d45-p1-g0p1-sAREA_0/final/mag_gds/tt_um_flowguard_stress.magic.gds,/tmp/banyancode/gds-renders/FlowGuard-recovery__results__diag_15p8_v1__runs__trial_clock15p8-u30-d45-p1-g0p1-sAREA_0__final__mag_gds__tt_um_flowguard_stress.magic.gds.png,2176858,44664,1000,312,success,
/home/ubuntu/FlowGuard-recovery/results/diag_15p8_v1/runs/trial_clock15p8-u30-d45-p1-g0p1-sAREA_0/final/klayout_gds/tt_um_flowguard_stress.klayout.gds,/tmp/banyancode/gds-renders/FlowGuard-recovery__results__diag_15p8_v1__runs__trial_clock15p8-u30-d45-p1-g0p1-sAREA_0__final__klayout_gds__tt_um_flowguard_stress.klayout.gds.png,1302266,46061,1000,312,success,
/home/ubuntu/FlowGuard-recovery/results/diag_15p8_v1/runs/trial_clock15p8-u30-d45-p1-g0p1-sAREA_1/final/gds/tt_um_flowguard_stress.gds,/tmp/banyancode/gds-renders/FlowGuard-recovery__results__diag_15p8_v1__runs__trial_clock15p8-u30-d45-p1-g0p1-sAREA_1__final__gds__tt_um_flowguard_stress.gds.png,2294238,45362,1000,312,success,
/home/ubuntu/FlowGuard-recovery/results/diag_15p8_v1/runs/trial_clock15p8-u30-d45-p1-g0p1-sAREA_1/final/mag_gds/tt_um_flowguard_stress.magic.gds,/tmp/banyancode/gds-renders/FlowGuard-recovery__results__diag_15p8_v1__runs__trial_clock15p8-u30-d45-p1-g0p1-sAREA_1__final__mag_gds__tt_um_flowguard_stress.magic.gds.png,2294238,45362,1000,312,success,
/home/ubuntu/FlowGuard-recovery/results/diag_15p8_v1/runs/trial_clock15p8-u30-d45-p1-g0p1-sAREA_1/final/klayout_gds/tt_um_flowguard_stress.klayout.gds,/tmp/banyancode/gds-renders/FlowGuard-recovery__results__diag_15p8_v1__runs__trial_clock15p8-u30-d45-p1-g0p1-sAREA_1__final__klayout_gds__tt_um_flowguard_stress.klayout.gds.png,1396180,46858,1000,312,success,
/home/ubuntu/FlowGuard-recovery/results/diag_15p8_v1/runs/trial_clock15p8-u30-d45-p1-g0p1-sAREA_2/final/gds/tt_um_flowguard_stress.gds,/tmp/banyancode/gds-renders/FlowGuard-recovery__results__diag_15p8_v1__runs__trial_clock15p8-u30-d45-p1-g0p1-sAREA_2__final__gds__tt_um_flowguard_stress.gds.png,2281552,44790,1000,312,success,
/home/ubuntu/FlowGuard-recovery/results/diag_15p8_v1/runs/trial_clock15p8-u30-d45-p1-g0p1-sAREA_2/final/mag_gds/tt_um_flowguard_stress.magic.gds,/tmp/banyancode/gds-renders/FlowGuard-recovery__results__diag_15p8_v1__runs__trial_clock15p8-u30-d45-p1-g0p1-sAREA_2__final__mag_gds__tt_um_flowguard_stress.magic.gds.png,2281552,44790,1000,312,success,
/home/ubuntu/FlowGuard-recovery/results/diag_15p8_v1/runs/trial_clock15p8-u30-d45-p1-g0p1-sAREA_2/final/klayout_gds/tt_um_flowguard_stress.klayout.gds,/tmp/banyancode/gds-renders/FlowGuard-recovery__results__diag_15p8_v1__runs__trial_clock15p8-u30-d45-p1-g0p1-sAREA_2__final__klayout_gds__tt_um_flowguard_stress.klayout.gds.png,1385732,46781,1000,312,success,
/home/ubuntu/FlowGuard-recovery/results/diag_15p8_v1/runs/trial_clock15p8-u30-d45-p2-g0p1-sAREA_0/final/gds/tt_um_flowguard_stress.gds,/tmp/banyancode/gds-renders/FlowGuard-recovery__results__diag_15p8_v1__runs__trial_clock15p8-u30-d45-p2-g0p1-sAREA_0__final__gds__tt_um_flowguard_stress.gds.png,2214524,45174,1000,312,success,
/home/ubuntu/FlowGuard-recovery/results/diag_15p8_v1/runs/trial_clock15p8-u30-d45-p2-g0p1-sAREA_0/final/mag_gds/tt_um_flowguard_stress.magic.gds,/tmp/banyancode/gds-renders/FlowGuard-recovery__results__diag_15p8_v1__runs__trial_clock15p8-u30-d45-p2-g0p1-sAREA_0__final__mag_gds__tt_um_flowguard_stress.magic.gds.png,2214524,45174,1000,312,success,
/home/ubuntu/FlowGuard-recovery/results/diag_15p8_v1/runs/trial_clock15p8-u30-d45-p2-g0p1-sAREA_0/final/klayout_gds/tt_um_flowguard_stress.klayout.gds,/tmp/banyancode/gds-renders/FlowGuard-recovery__results__diag_15p8_v1__runs__trial_clock15p8-u30-d45-p2-g0p1-sAREA_0__final__klayout_gds__tt_um_flowguard_stress.klayout.gds.png,1332390,46493,1000,312,success,
/home/ubuntu/FlowGuard-recovery/results/diag_15p8_v1/runs/trial_clock15p8-u30-d45-p2-g0p1-sAREA_1/final/gds/tt_um_flowguard_stress.gds,/tmp/banyancode/gds-renders/FlowGuard-recovery__results__diag_15p8_v1__runs__trial_clock15p8-u30-d45-p2-g0p1-sAREA_1__final__gds__tt_um_flowguard_stress.gds.png,2278020,44206,1000,312,success,
/home/ubuntu/FlowGuard-recovery/results/diag_15p8_v1/runs/trial_clock15p8-u30-d45-p2-g0p1-sAREA_1/final/mag_gds/tt_um_flowguard_stress.magic.gds,/tmp/banyancode/gds-renders/FlowGuard-recovery__results__diag_15p8_v1__runs__trial_clock15p8-u30-d45-p2-g0p1-sAREA_1__final__mag_gds__tt_um_flowguard_stress.magic.gds.png,2278020,44206,1000,312,success,
/home/ubuntu/FlowGuard-recovery/results/diag_15p8_v1/runs/trial_clock15p8-u30-d45-p2-g0p1-sAREA_1/final/klayout_gds/tt_um_flowguard_stress.klayout.gds,/tmp/banyancode/gds-renders/FlowGuard-recovery__results__diag_15p8_v1__runs__trial_clock15p8-u30-d45-p2-g0p1-sAREA_1__final__klayout_gds__tt_um_flowguard_stress.klayout.gds.png,1379828,47186,1000,312,success,
/home/ubuntu/FlowGuard-recovery/results/diag_15p8_v1/runs/trial_clock15p8-u30-d45-p2-g0p1-sAREA_2/final/gds/tt_um_flowguard_stress.gds,/tmp/banyancode/gds-renders/FlowGuard-recovery__results__diag_15p8_v1__runs__trial_clock15p8-u30-d45-p2-g0p1-sAREA_2__final__gds__tt_um_flowguard_stress.gds.png,2283150,45102,1000,312,success,
/home/ubuntu/FlowGuard-recovery/results/diag_15p8_v1/runs/trial_clock15p8-u30-d45-p2-g0p1-sAREA_2/final/mag_gds/tt_um_flowguard_stress.magic.gds,/tmp/banyancode/gds-renders/FlowGuard-recovery__results__diag_15p8_v1__runs__trial_clock15p8-u30-d45-p2-g0p1-sAREA_2__final__mag_gds__tt_um_flowguard_stress.magic.gds.png,2283150,45102,1000,312,success,
/home/ubuntu/FlowGuard-recovery/results/diag_15p8_v1/runs/trial_clock15p8-u30-d45-p2-g0p1-sAREA_2/final/klayout_gds/tt_um_flowguard_stress.klayout.gds,/tmp/banyancode/gds-renders/FlowGuard-recovery__results__diag_15p8_v1__runs__trial_clock15p8-u30-d45-p2-g0p1-sAREA_2__final__klayout_gds__tt_um_flowguard_stress.klayout.gds.png,1386752,46123,1000,312,success,
/home/ubuntu/FlowGuard-recovery/results/diag_15p8_v1/runs/trial_clock15p8-u30-d52-p1-g0p2-sAREA_1/final/gds/tt_um_flowguard_stress.gds,/tmp/banyancode/gds-renders/FlowGuard-recovery__results__diag_15p8_v1__runs__trial_clock15p8-u30-d52-p1-g0p2-sAREA_1__final__gds__tt_um_flowguard_stress.gds.png,2287246,45295,1000,312,success,
/home/ubuntu/FlowGuard-recovery/results/diag_15p8_v1/runs/trial_clock15p8-u30-d52-p1-g0p2-sAREA_1/final/mag_gds/tt_um_flowguard_stress.magic.gds,/tmp/banyancode/gds-renders/FlowGuard-recovery__results__diag_15p8_v1__runs__trial_clock15p8-u30-d52-p1-g0p2-sAREA_1__final__mag_gds__tt_um_flowguard_stress.magic.gds.png,2287246,45295,1000,312,success,
/home/ubuntu/FlowGuard-recovery/results/diag_15p8_v1/runs/trial_clock15p8-u30-d52-p1-g0p2-sAREA_1/final/klayout_gds/tt_um_flowguard_stress.klayout.gds,/tmp/banyancode/gds-renders/FlowGuard-recovery__results__diag_15p8_v1__runs__trial_clock15p8-u30-d52-p1-g0p2-sAREA_1__final__klayout_gds__tt_um_flowguard_stress.klayout.gds.png,1389556,47225,1000,312,success,
/home/ubuntu/FlowGuard-recovery/results/diag_15p8_v1/runs/trial_clock15p8-u30-d52-p2-g0p05-sAREA_0/final/gds/tt_um_flowguard_stress.gds,/tmp/banyancode/gds-renders/FlowGuard-recovery__results__diag_15p8_v1__runs__trial_clock15p8-u30-d52-p2-g0p05-sAREA_0__final__gds__tt_um_flowguard_stress.gds.png,2208790,44529,1000,312,success,
/home/ubuntu/FlowGuard-recovery/results/diag_15p8_v1/runs/trial_clock15p8-u30-d52-p2-g0p05-sAREA_0/final/mag_gds/tt_um_flowguard_stress.magic.gds,/tmp/banyancode/gds-renders/FlowGuard-recovery__results__diag_15p8_v1__runs__trial_clock15p8-u30-d52-p2-g0p05-sAREA_0__final__mag_gds__tt_um_flowguard_stress.magic.gds.png,2208790,44529,1000,312,success,
/home/ubuntu/FlowGuard-recovery/results/diag_15p8_v1/runs/trial_clock15p8-u30-d52-p2-g0p05-sAREA_0/final/klayout_gds/tt_um_flowguard_stress.klayout.gds,/tmp/banyancode/gds-renders/FlowGuard-recovery__results__diag_15p8_v1__runs__trial_clock15p8-u30-d52-p2-g0p05-sAREA_0__final__klayout_gds__tt_um_flowguard_stress.klayout.gds.png,1328324,46338,1000,312,success,
/home/ubuntu/FlowGuard-recovery/results/exhaustive_clock_sweep_v1/configs/clock17-u30-d52-p2-g0p15-sAREA_1/runs/trial_clock17-u30-d52-p2-g0p15-sAREA_1/57-magic-streamout/tt_um_flowguard_stress.gds,/tmp/banyancode/gds-renders/FlowGuard-recovery__results__exhaustive_clock_sweep_v1__configs__clock17-u30-d52-p2-g0p15-sAREA_1__runs__trial_clock17-u30-d52-p2-g0p15-sAREA_1__57-magic-streamout__tt_um_flowguard_stress.gds.png,2268900,44027,1000,312,success,
/home/ubuntu/FlowGuard-recovery/results/exhaustive_clock_sweep_v1/configs/clock17-u30-d52-p2-g0p15-sAREA_1/runs/trial_clock17-u30-d52-p2-g0p15-sAREA_1/57-magic-streamout/tt_um_flowguard_stress.magic.gds,/tmp/banyancode/gds-renders/FlowGuard-recovery__results__exhaustive_clock_sweep_v1__configs__clock17-u30-d52-p2-g0p15-sAREA_1__runs__trial_clock17-u30-d52-p2-g0p15-sAREA_1__57-magic-streamout__tt_um_flowguard_stress.magic.gds.png,2268900,44027,1000,312,success,
/home/ubuntu/FlowGuard-recovery/results/exhaustive_clock_sweep_v1/configs/clock17-u30-d52-p2-g0p15-sAREA_1/runs/trial_clock17-u30-d52-p2-g0p15-sAREA_1/final/gds/tt_um_flowguard_stress.gds,/tmp/banyancode/gds-renders/FlowGuard-recovery__results__exhaustive_clock_sweep_v1__configs__clock17-u30-d52-p2-g0p15-sAREA_1__runs__trial_clock17-u30-d52-p2-g0p15-sAREA_1__final__gds__tt_um_flowguard_stress.gds.png,2268900,44027,1000,312,success,
/home/ubuntu/FlowGuard-recovery/results/exhaustive_clock_sweep_v1/configs/clock17-u30-d52-p2-g0p15-sAREA_1/runs/trial_clock17-u30-d52-p2-g0p15-sAREA_1/final/mag_gds/tt_um_flowguard_stress.magic.gds,/tmp/banyancode/gds-renders/FlowGuard-recovery__results__exhaustive_clock_sweep_v1__configs__clock17-u30-d52-p2-g0p15-sAREA_1__runs__trial_clock17-u30-d52-p2-g0p15-sAREA_1__final__mag_gds__tt_um_flowguard_stress.magic.gds.png,2268900,44027,1000,312,success,
/home/ubuntu/FlowGuard-recovery/results/exhaustive_clock_sweep_v1/configs/clock17-u30-d52-p2-g0p15-sAREA_1/runs/trial_clock17-u30-d52-p2-g0p15-sAREA_1/58-klayout-streamout/tt_um_flowguard_stress.klayout.gds,/tmp/banyancode/gds-renders/FlowGuard-recovery__results__exhaustive_clock_sweep_v1__configs__clock17-u30-d52-p2-g0p15-sAREA_1__runs__trial_clock17-u30-d52-p2-g0p15-sAREA_1__58-klayout-streamout__tt_um_flowguard_stress.klayout.gds.png,1372198,47076,1000,312,success,
/home/ubuntu/FlowGuard-recovery/results/exhaustive_clock_sweep_v1/configs/clock17-u30-d52-p2-g0p15-sAREA_1/runs/trial_clock17-u30-d52-p2-g0p15-sAREA_1/final/klayout_gds/tt_um_flowguard_stress.klayout.gds,/tmp/banyancode/gds-renders/FlowGuard-recovery__results__exhaustive_clock_sweep_v1__configs__clock17-u30-d52-p2-g0p15-sAREA_1__runs__trial_clock17-u30-d52-p2-g0p15-sAREA_1__final__klayout_gds__tt_um_flowguard_stress.klayout.gds.png,1372198,47076,1000,312,success,
/home/ubuntu/FlowGuard-recovery/results/exhaustive_clock_sweep_v1/configs/clock17-u35-d45-p1-g0p05-sAREA_1/runs/trial_clock17-u35-d45-p1-g0p05-sAREA_1/57-magic-streamout/tt_um_flowguard_stress.gds,/tmp/banyancode/gds-renders/FlowGuard-recovery__results__exhaustive_clock_sweep_v1__configs__clock17-u35-d45-p1-g0p05-sAREA_1__runs__trial_clock17-u35-d45-p1-g0p05-sAREA_1__57-magic-streamout__tt_um_flowguard_stress.gds.png,2293102,45404,1000,312,success,
/home/ubuntu/FlowGuard-recovery/results/exhaustive_clock_sweep_v1/configs/clock17-u35-d45-p1-g0p05-sAREA_1/runs/trial_clock17-u35-d45-p1-g0p05-sAREA_1/57-magic-streamout/tt_um_flowguard_stress.magic.gds,/tmp/banyancode/gds-renders/FlowGuard-recovery__results__exhaustive_clock_sweep_v1__configs__clock17-u35-d45-p1-g0p05-sAREA_1__runs__trial_clock17-u35-d45-p1-g0p05-sAREA_1__57-magic-streamout__tt_um_flowguard_stress.magic.gds.png,2293102,45404,1000,312,success,
/home/ubuntu/FlowGuard-recovery/results/exhaustive_clock_sweep_v1/configs/clock17-u35-d45-p1-g0p05-sAREA_1/runs/trial_clock17-u35-d45-p1-g0p05-sAREA_1/final/gds/tt_um_flowguard_stress.gds,/tmp/banyancode/gds-renders/FlowGuard-recovery__results__exhaustive_clock_sweep_v1__configs__clock17-u35-d45-p1-g0p05-sAREA_1__runs__trial_clock17-u35-d45-p1-g0p05-sAREA_1__final__gds__tt_um_flowguard_stress.gds.png,2293102,45404,1000,312,success,
/home/ubuntu/FlowGuard-recovery/results/exhaustive_clock_sweep_v1/configs/clock17-u35-d45-p1-g0p05-sAREA_1/runs/trial_clock17-u35-d45-p1-g0p05-sAREA_1/final/mag_gds/tt_um_flowguard_stress.magic.gds,/tmp/banyancode/gds-renders/FlowGuard-recovery__results__exhaustive_clock_sweep_v1__configs__clock17-u35-d45-p1-g0p05-sAREA_1__runs__trial_clock17-u35-d45-p1-g0p05-sAREA_1__final__mag_gds__tt_um_flowguard_stress.magic.gds.png,2293102,45404,1000,312,success,
/home/ubuntu/FlowGuard-recovery/results/exhaustive_clock_sweep_v1/configs/clock17-u35-d45-p1-g0p05-sAREA_1/runs/trial_clock17-u35-d45-p1-g0p05-sAREA_1/58-klayout-streamout/tt_um_flowguard_stress.klayout.gds,/tmp/banyancode/gds-renders/FlowGuard-recovery__results__exhaustive_clock_sweep_v1__configs__clock17-u35-d45-p1-g0p05-sAREA_1__runs__trial_clock17-u35-d45-p1-g0p05-sAREA_1__58-klayout-streamout__tt_um_flowguard_stress.klayout.gds.png,1394978,47152,1000,312,success,
/home/ubuntu/FlowGuard-recovery/results/exhaustive_clock_sweep_v1/configs/clock17-u35-d45-p1-g0p05-sAREA_1/runs/trial_clock17-u35-d45-p1-g0p05-sAREA_1/final/klayout_gds/tt_um_flowguard_stress.klayout.gds,/tmp/banyancode/gds-renders/FlowGuard-recovery__results__exhaustive_clock_sweep_v1__configs__clock17-u35-d45-p1-g0p05-sAREA_1__runs__trial_clock17-u35-d45-p1-g0p05-sAREA_1__final__klayout_gds__tt_um_flowguard_stress.klayout.gds.png,1394978,47152,1000,312,success,
/home/ubuntu/FlowGuard-recovery/results/exhaustive_clock_sweep_v1/configs/clock17-u35-d45-p1-g0p15-sAREA_0/runs/trial_clock17-u35-d45-p1-g0p15-sAREA_0/57-magic-streamout/tt_um_flowguard_stress.gds,/tmp/banyancode/gds-renders/FlowGuard-recovery__results__exhaustive_clock_sweep_v1__configs__clock17-u35-d45-p1-g0p15-sAREA_0__runs__trial_clock17-u35-d45-p1-g0p15-sAREA_0__57-magic-streamout__tt_um_flowguard_stress.gds.png,2180706,45033,1000,312,success,
/home/ubuntu/FlowGuard-recovery/results/exhaustive_clock_sweep_v1/configs/clock17-u35-d45-p1-g0p15-sAREA_0/runs/trial_clock17-u35-d45-p1-g0p15-sAREA_0/57-magic-streamout/tt_um_flowguard_stress.magic.gds,/tmp/banyancode/gds-renders/FlowGuard-recovery__results__exhaustive_clock_sweep_v1__configs__clock17-u35-d45-p1-g0p15-sAREA_0__runs__trial_clock17-u35-d45-p1-g0p15-sAREA_0__57-magic-streamout__tt_um_flowguard_stress.magic.gds.png,2180706,45033,1000,312,success,
/home/ubuntu/FlowGuard-recovery/results/exhaustive_clock_sweep_v1/configs/clock17-u35-d45-p1-g0p15-sAREA_0/runs/trial_clock17-u35-d45-p1-g0p15-sAREA_0/final/gds/tt_um_flowguard_stress.gds,/tmp/banyancode/gds-renders/FlowGuard-recovery__results__exhaustive_clock_sweep_v1__configs__clock17-u35-d45-p1-g0p15-sAREA_0__runs__trial_clock17-u35-d45-p1-g0p15-sAREA_0__final__gds__tt_um_flowguard_stress.gds.png,2180706,45033,1000,312,success,
/home/ubuntu/FlowGuard-recovery/results/exhaustive_clock_sweep_v1/configs/clock17-u35-d45-p1-g0p15-sAREA_0/runs/trial_clock17-u35-d45-p1-g0p15-sAREA_0/final/mag_gds/tt_um_flowguard_stress.magic.gds,/tmp/banyancode/gds-renders/FlowGuard-recovery__results__exhaustive_clock_sweep_v1__configs__clock17-u35-d45-p1-g0p15-sAREA_0__runs__trial_clock17-u35-d45-p1-g0p15-sAREA_0__final__mag_gds__tt_um_flowguard_stress.magic.gds.png,2180706,45033,1000,312,success,
/home/ubuntu/FlowGuard-recovery/results/exhaustive_clock_sweep_v1/configs/clock17-u35-d45-p1-g0p15-sAREA_0/runs/trial_clock17-u35-d45-p1-g0p15-sAREA_0/58-klayout-streamout/tt_um_flowguard_stress.klayout.gds,/tmp/banyancode/gds-renders/FlowGuard-recovery__results__exhaustive_clock_sweep_v1__configs__clock17-u35-d45-p1-g0p15-sAREA_0__runs__trial_clock17-u35-d45-p1-g0p15-sAREA_0__58-klayout-streamout__tt_um_flowguard_stress.klayout.gds.png,1299506,46285,1000,312,success,
/home/ubuntu/FlowGuard-recovery/results/exhaustive_clock_sweep_v1/configs/clock17-u35-d45-p1-g0p15-sAREA_0/runs/trial_clock17-u35-d45-p1-g0p15-sAREA_0/final/klayout_gds/tt_um_flowguard_stress.klayout.gds,/tmp/banyancode/gds-renders/FlowGuard-recovery__results__exhaustive_clock_sweep_v1__configs__clock17-u35-d45-p1-g0p15-sAREA_0__runs__trial_clock17-u35-d45-p1-g0p15-sAREA_0__final__klayout_gds__tt_um_flowguard_stress.klayout.gds.png,1299506,46285,1000,312,success,
/home/ubuntu/FlowGuard-recovery/results/exhaustive_clock_sweep_v1/configs/clock17-u35-d45-p1-g0p15-sAREA_1/runs/trial_clock17-u35-d45-p1-g0p15-sAREA_1/57-magic-streamout/tt_um_flowguard_stress.gds,/tmp/banyancode/gds-renders/FlowGuard-recovery__results__exhaustive_clock_sweep_v1__configs__clock17-u35-d45-p1-g0p15-sAREA_1__runs__trial_clock17-u35-d45-p1-g0p15-sAREA_1__57-magic-streamout__tt_um_flowguard_stress.gds.png,2293676,45016,1000,312,success,
/home/ubuntu/FlowGuard-recovery/results/exhaustive_clock_sweep_v1/configs/clock17-u35-d45-p1-g0p15-sAREA_1/runs/trial_clock17-u35-d45-p1-g0p15-sAREA_1/57-magic-streamout/tt_um_flowguard_stress.magic.gds,/tmp/banyancode/gds-renders/FlowGuard-recovery__results__exhaustive_clock_sweep_v1__configs__clock17-u35-d45-p1-g0p15-sAREA_1__runs__trial_clock17-u35-d45-p1-g0p15-sAREA_1__57-magic-streamout__tt_um_flowguard_stress.magic.gds.png,2293676,45016,1000,312,success,
/home/ubuntu/FlowGuard-recovery/results/exhaustive_clock_sweep_v1/configs/clock17-u35-d45-p1-g0p15-sAREA_1/runs/trial_clock17-u35-d45-p1-g0p15-sAREA_1/final/gds/tt_um_flowguard_stress.gds,/tmp/banyancode/gds-renders/FlowGuard-recovery__results__exhaustive_clock_sweep_v1__configs__clock17-u35-d45-p1-g0p15-sAREA_1__runs__trial_clock17-u35-d45-p1-g0p15-sAREA_1__final__gds__tt_um_flowguard_stress.gds.png,2293676,45016,1000,312,success,
/home/ubuntu/FlowGuard-recovery/results/exhaustive_clock_sweep_v1/configs/clock17-u35-d45-p1-g0p15-sAREA_1/runs/trial_clock17-u35-d45-p1-g0p15-sAREA_1/final/mag_gds/tt_um_flowguard_stress.magic.gds,/tmp/banyancode/gds-renders/FlowGuard-recovery__results__exhaustive_clock_sweep_v1__configs__clock17-u35-d45-p1-g0p15-sAREA_1__runs__trial_clock17-u35-d45-p1-g0p15-sAREA_1__final__mag_gds__tt_um_flowguard_stress.magic.gds.png,2293676,45016,1000,312,success,
/home/ubuntu/FlowGuard-recovery/results/exhaustive_clock_sweep_v1/configs/clock17-u35-d45-p1-g0p15-sAREA_1/runs/trial_clock17-u35-d45-p1-g0p15-sAREA_1/58-klayout-streamout/tt_um_flowguard_stress.klayout.gds,/tmp/banyancode/gds-renders/FlowGuard-recovery__results__exhaustive_clock_sweep_v1__configs__clock17-u35-d45-p1-g0p15-sAREA_1__runs__trial_clock17-u35-d45-p1-g0p15-sAREA_1__58-klayout-streamout__tt_um_flowguard_stress.klayout.gds.png,1394426,46711,1000,312,success,
/home/ubuntu/FlowGuard-recovery/results/exhaustive_clock_sweep_v1/configs/clock17-u35-d45-p1-g0p15-sAREA_1/runs/trial_clock17-u35-d45-p1-g0p15-sAREA_1/final/klayout_gds/tt_um_flowguard_stress.klayout.gds,/tmp/banyancode/gds-renders/FlowGuard-recovery__results__exhaustive_clock_sweep_v1__configs__clock17-u35-d45-p1-g0p15-sAREA_1__runs__trial_clock17-u35-d45-p1-g0p15-sAREA_1__final__klayout_gds__tt_um_flowguard_stress.klayout.gds.png,1394426,46711,1000,312,success,
/home/ubuntu/FlowGuard-recovery/results/exhaustive_clock_sweep_v1/configs/clock17-u35-d52-p1-g0p10-sAREA_1/runs/trial_clock17-u35-d52-p1-g0p10-sAREA_1/57-magic-streamout/tt_um_flowguard_stress.gds,/tmp/banyancode/gds-renders/FlowGuard-recovery__results__exhaustive_clock_sweep_v1__configs__clock17-u35-d52-p1-g0p10-sAREA_1__runs__trial_clock17-u35-d52-p1-g0p10-sAREA_1__57-magic-streamout__tt_um_flowguard_stress.gds.png,2294238,45362,1000,312,success,
/home/ubuntu/FlowGuard-recovery/results/exhaustive_clock_sweep_v1/configs/clock17-u35-d52-p1-g0p10-sAREA_1/runs/trial_clock17-u35-d52-p1-g0p10-sAREA_1/57-magic-streamout/tt_um_flowguard_stress.magic.gds,/tmp/banyancode/gds-renders/FlowGuard-recovery__results__exhaustive_clock_sweep_v1__configs__clock17-u35-d52-p1-g0p10-sAREA_1__runs__trial_clock17-u35-d52-p1-g0p10-sAREA_1__57-magic-streamout__tt_um_flowguard_stress.magic.gds.png,2294238,45362,1000,312,success,
/home/ubuntu/FlowGuard-recovery/results/exhaustive_clock_sweep_v1/configs/clock17-u35-d52-p1-g0p10-sAREA_1/runs/trial_clock17-u35-d52-p1-g0p10-sAREA_1/final/gds/tt_um_flowguard_stress.gds,/tmp/banyancode/gds-renders/FlowGuard-recovery__results__exhaustive_clock_sweep_v1__configs__clock17-u35-d52-p1-g0p10-sAREA_1__runs__trial_clock17-u35-d52-p1-g0p10-sAREA_1__final__gds__tt_um_flowguard_stress.gds.png,2294238,45362,1000,312,success,
/home/ubuntu/FlowGuard-recovery/results/exhaustive_clock_sweep_v1/configs/clock17-u35-d52-p1-g0p10-sAREA_1/runs/trial_clock17-u35-d52-p1-g0p10-sAREA_1/final/mag_gds/tt_um_flowguard_stress.magic.gds,/tmp/banyancode/gds-renders/FlowGuard-recovery__results__exhaustive_clock_sweep_v1__configs__clock17-u35-d52-p1-g0p10-sAREA_1__runs__trial_clock17-u35-d52-p1-g0p10-sAREA_1__final__mag_gds__tt_um_flowguard_stress.magic.gds.png,2294238,45362,1000,312,success,
/home/ubuntu/FlowGuard-recovery/results/exhaustive_clock_sweep_v1/configs/clock17-u35-d52-p1-g0p10-sAREA_1/runs/trial_clock17-u35-d52-p1-g0p10-sAREA_1/58-klayout-streamout/tt_um_flowguard_stress.klayout.gds,/tmp/banyancode/gds-renders/FlowGuard-recovery__results__exhaustive_clock_sweep_v1__configs__clock17-u35-d52-p1-g0p10-sAREA_1__runs__trial_clock17-u35-d52-p1-g0p10-sAREA_1__58-klayout-streamout__tt_um_flowguard_stress.klayout.gds.png,1396180,46858,1000,312,success,
/home/ubuntu/FlowGuard-recovery/results/exhaustive_clock_sweep_v1/configs/clock17-u35-d52-p1-g0p10-sAREA_1/runs/trial_clock17-u35-d52-p1-g0p10-sAREA_1/final/klayout_gds/tt_um_flowguard_stress.klayout.gds,/tmp/banyancode/gds-renders/FlowGuard-recovery__results__exhaustive_clock_sweep_v1__configs__clock17-u35-d52-p1-g0p10-sAREA_1__runs__trial_clock17-u35-d52-p1-g0p10-sAREA_1__final__klayout_gds__tt_um_flowguard_stress.klayout.gds.png,1396180,46858,1000,312,success,
/home/ubuntu/FlowGuard-recovery/results/exhaustive_clock_sweep_v1/configs/clock17-u35-d52-p1-g0p10-sAREA_2/runs/trial_clock17-u35-d52-p1-g0p10-sAREA_2/57-magic-streamout/tt_um_flowguard_stress.gds,/tmp/banyancode/gds-renders/FlowGuard-recovery__results__exhaustive_clock_sweep_v1__configs__clock17-u35-d52-p1-g0p10-sAREA_2__runs__trial_clock17-u35-d52-p1-g0p10-sAREA_2__57-magic-streamout__tt_um_flowguard_stress.gds.png,2281552,44790,1000,312,success,
/home/ubuntu/FlowGuard-recovery/results/exhaustive_clock_sweep_v1/configs/clock17-u35-d52-p1-g0p10-sAREA_2/runs/trial_clock17-u35-d52-p1-g0p10-sAREA_2/57-magic-streamout/tt_um_flowguard_stress.magic.gds,/tmp/banyancode/gds-renders/FlowGuard-recovery__results__exhaustive_clock_sweep_v1__configs__clock17-u35-d52-p1-g0p10-sAREA_2__runs__trial_clock17-u35-d52-p1-g0p10-sAREA_2__57-magic-streamout__tt_um_flowguard_stress.magic.gds.png,2281552,44790,1000,312,success,
/home/ubuntu/FlowGuard-recovery/results/exhaustive_clock_sweep_v1/configs/clock17-u35-d52-p1-g0p10-sAREA_2/runs/trial_clock17-u35-d52-p1-g0p10-sAREA_2/final/gds/tt_um_flowguard_stress.gds,/tmp/banyancode/gds-renders/FlowGuard-recovery__results__exhaustive_clock_sweep_v1__configs__clock17-u35-d52-p1-g0p10-sAREA_2__runs__trial_clock17-u35-d52-p1-g0p10-sAREA_2__final__gds__tt_um_flowguard_stress.gds.png,2281552,44790,1000,312,success,
/home/ubuntu/FlowGuard-recovery/results/exhaustive_clock_sweep_v1/configs/clock17-u35-d52-p1-g0p10-sAREA_2/runs/trial_clock17-u35-d52-p1-g0p10-sAREA_2/final/mag_gds/tt_um_flowguard_stress.magic.gds,/tmp/banyancode/gds-renders/FlowGuard-recovery__results__exhaustive_clock_sweep_v1__configs__clock17-u35-d52-p1-g0p10-sAREA_2__runs__trial_clock17-u35-d52-p1-g0p10-sAREA_2__final__mag_gds__tt_um_flowguard_stress.magic.gds.png,2281552,44790,1000,312,success,
/home/ubuntu/FlowGuard-recovery/results/exhaustive_clock_sweep_v1/configs/clock17-u35-d52-p1-g0p10-sAREA_2/runs/trial_clock17-u35-d52-p1-g0p10-sAREA_2/58-klayout-streamout/tt_um_flowguard_stress.klayout.gds,/tmp/banyancode/gds-renders/FlowGuard-recovery__results__exhaustive_clock_sweep_v1__configs__clock17-u35-d52-p1-g0p10-sAREA_2__runs__trial_clock17-u35-d52-p1-g0p10-sAREA_2__58-klayout-streamout__tt_um_flowguard_stress.klayout.gds.png,1385732,46781,1000,312,success,
/home/ubuntu/FlowGuard-recovery/results/exhaustive_clock_sweep_v1/configs/clock17-u35-d52-p1-g0p10-sAREA_2/runs/trial_clock17-u35-d52-p1-g0p10-sAREA_2/final/klayout_gds/tt_um_flowguard_stress.klayout.gds,/tmp/banyancode/gds-renders/FlowGuard-recovery__results__exhaustive_clock_sweep_v1__configs__clock17-u35-d52-p1-g0p10-sAREA_2__runs__trial_clock17-u35-d52-p1-g0p10-sAREA_2__final__klayout_gds__tt_um_flowguard_stress.klayout.gds.png,1385732,46781,1000,312,success,
/home/ubuntu/FlowGuard-recovery/results/exhaustive_clock_sweep_v1/configs/clock17-u35-d52-p1-g0p15-sAREA_2/runs/trial_clock17-u35-d52-p1-g0p15-sAREA_2/57-magic-streamout/tt_um_flowguard_stress.gds,/tmp/banyancode/gds-renders/FlowGuard-recovery__results__exhaustive_clock_sweep_v1__configs__clock17-u35-d52-p1-g0p15-sAREA_2__runs__trial_clock17-u35-d52-p1-g0p15-sAREA_2__57-magic-streamout__tt_um_flowguard_stress.gds.png,2285000,44807,1000,312,success,
/home/ubuntu/FlowGuard-recovery/results/exhaustive_clock_sweep_v1/configs/clock17-u35-d52-p1-g0p15-sAREA_2/runs/trial_clock17-u35-d52-p1-g0p15-sAREA_2/57-magic-streamout/tt_um_flowguard_stress.magic.gds,/tmp/banyancode/gds-renders/FlowGuard-recovery__results__exhaustive_clock_sweep_v1__configs__clock17-u35-d52-p1-g0p15-sAREA_2__runs__trial_clock17-u35-d52-p1-g0p15-sAREA_2__57-magic-streamout__tt_um_flowguard_stress.magic.gds.png,2285000,44807,1000,312,success,
/home/ubuntu/FlowGuard-recovery/results/exhaustive_clock_sweep_v1/configs/clock17-u35-d52-p1-g0p15-sAREA_2/runs/trial_clock17-u35-d52-p1-g0p15-sAREA_2/final/gds/tt_um_flowguard_stress.gds,/tmp/banyancode/gds-renders/FlowGuard-recovery__results__exhaustive_clock_sweep_v1__configs__clock17-u35-d52-p1-g0p15-sAREA_2__runs__trial_clock17-u35-d52-p1-g0p15-sAREA_2__final__gds__tt_um_flowguard_stress.gds.png,2285000,44807,1000,312,success,
/home/ubuntu/FlowGuard-recovery/results/exhaustive_clock_sweep_v1/configs/clock17-u35-d52-p1-g0p15-sAREA_2/runs/trial_clock17-u35-d52-p1-g0p15-sAREA_2/final/mag_gds/tt_um_flowguard_stress.magic.gds,/tmp/banyancode/gds-renders/FlowGuard-recovery__results__exhaustive_clock_sweep_v1__configs__clock17-u35-d52-p1-g0p15-sAREA_2__runs__trial_clock17-u35-d52-p1-g0p15-sAREA_2__final__mag_gds__tt_um_flowguard_stress.magic.gds.png,2285000,44807,1000,312,success,
/home/ubuntu/FlowGuard-recovery/results/exhaustive_clock_sweep_v1/configs/clock17-u35-d52-p1-g0p15-sAREA_2/runs/trial_clock17-u35-d52-p1-g0p15-sAREA_2/58-klayout-streamout/tt_um_flowguard_stress.klayout.gds,/tmp/banyancode/gds-renders/FlowGuard-recovery__results__exhaustive_clock_sweep_v1__configs__clock17-u35-d52-p1-g0p15-sAREA_2__runs__trial_clock17-u35-d52-p1-g0p15-sAREA_2__58-klayout-streamout__tt_um_flowguard_stress.klayout.gds.png,1385752,46218,1000,312,success,
/home/ubuntu/FlowGuard-recovery/results/exhaustive_clock_sweep_v1/configs/clock17-u35-d52-p1-g0p15-sAREA_2/runs/trial_clock17-u35-d52-p1-g0p15-sAREA_2/final/klayout_gds/tt_um_flowguard_stress.klayout.gds,/tmp/banyancode/gds-renders/FlowGuard-recovery__results__exhaustive_clock_sweep_v1__configs__clock17-u35-d52-p1-g0p15-sAREA_2__runs__trial_clock17-u35-d52-p1-g0p15-sAREA_2__final__klayout_gds__tt_um_flowguard_stress.klayout.gds.png,1385752,46218,1000,312,success,
/home/ubuntu/FlowGuard-recovery/results/exhaustive_clock_sweep_v1/configs/clock17-u35-d52-p2-g0p05-sAREA_1/runs/trial_clock17-u35-d52-p2-g0p05-sAREA_1/57-magic-streamout/tt_um_flowguard_stress.gds,/tmp/banyancode/gds-renders/FlowGuard-recovery__results__exhaustive_clock_sweep_v1__configs__clock17-u35-d52-p2-g0p05-sAREA_1__runs__trial_clock17-u35-d52-p2-g0p05-sAREA_1__57-magic-streamout__tt_um_flowguard_stress.gds.png,2272756,44007,1000,312,success,
/home/ubuntu/FlowGuard-recovery/results/exhaustive_clock_sweep_v1/configs/clock17-u35-d52-p2-g0p05-sAREA_1/runs/trial_clock17-u35-d52-p2-g0p05-sAREA_1/57-magic-streamout/tt_um_flowguard_stress.magic.gds,/tmp/banyancode/gds-renders/FlowGuard-recovery__results__exhaustive_clock_sweep_v1__configs__clock17-u35-d52-p2-g0p05-sAREA_1__runs__trial_clock17-u35-d52-p2-g0p05-sAREA_1__57-magic-streamout__tt_um_flowguard_stress.magic.gds.png,2272756,44007,1000,312,success,
/home/ubuntu/FlowGuard-recovery/results/exhaustive_clock_sweep_v1/configs/clock17-u35-d52-p2-g0p05-sAREA_1/runs/trial_clock17-u35-d52-p2-g0p05-sAREA_1/final/gds/tt_um_flowguard_stress.gds,/tmp/banyancode/gds-renders/FlowGuard-recovery__results__exhaustive_clock_sweep_v1__configs__clock17-u35-d52-p2-g0p05-sAREA_1__runs__trial_clock17-u35-d52-p2-g0p05-sAREA_1__final__gds__tt_um_flowguard_stress.gds.png,2272756,44007,1000,312,success,
/home/ubuntu/FlowGuard-recovery/results/exhaustive_clock_sweep_v1/configs/clock17-u35-d52-p2-g0p05-sAREA_1/runs/trial_clock17-u35-d52-p2-g0p05-sAREA_1/final/mag_gds/tt_um_flowguard_stress.magic.gds,/tmp/banyancode/gds-renders/FlowGuard-recovery__results__exhaustive_clock_sweep_v1__configs__clock17-u35-d52-p2-g0p05-sAREA_1__runs__trial_clock17-u35-d52-p2-g0p05-sAREA_1__final__mag_gds__tt_um_flowguard_stress.magic.gds.png,2272756,44007,1000,312,success,
/home/ubuntu/FlowGuard-recovery/results/exhaustive_clock_sweep_v1/configs/clock17-u35-d52-p2-g0p05-sAREA_1/runs/trial_clock17-u35-d52-p2-g0p05-sAREA_1/58-klayout-streamout/tt_um_flowguard_stress.klayout.gds,/tmp/banyancode/gds-renders/FlowGuard-recovery__results__exhaustive_clock_sweep_v1__configs__clock17-u35-d52-p2-g0p05-sAREA_1__runs__trial_clock17-u35-d52-p2-g0p05-sAREA_1__58-klayout-streamout__tt_um_flowguard_stress.klayout.gds.png,1378100,46949,1000,312,success,
/home/ubuntu/FlowGuard-recovery/results/exhaustive_clock_sweep_v1/configs/clock17-u35-d52-p2-g0p05-sAREA_1/runs/trial_clock17-u35-d52-p2-g0p05-sAREA_1/final/klayout_gds/tt_um_flowguard_stress.klayout.gds,/tmp/banyancode/gds-renders/FlowGuard-recovery__results__exhaustive_clock_sweep_v1__configs__clock17-u35-d52-p2-g0p05-sAREA_1__runs__trial_clock17-u35-d52-p2-g0p05-sAREA_1__final__klayout_gds__tt_um_flowguard_stress.klayout.gds.png,1378100,46949,1000,312,success,
/home/ubuntu/FlowGuard-recovery/results/exhaustive_clock_sweep_v1/configs/clock17-u35-d52-p2-g0p15-sAREA_0/runs/trial_clock17-u35-d52-p2-g0p15-sAREA_0/57-magic-streamout/tt_um_flowguard_stress.gds,/tmp/banyancode/gds-renders/FlowGuard-recovery__results__exhaustive_clock_sweep_v1__configs__clock17-u35-d52-p2-g0p15-sAREA_0__runs__trial_clock17-u35-d52-p2-g0p15-sAREA_0__57-magic-streamout__tt_um_flowguard_stress.gds.png,2204396,44989,1000,312,success,
/home/ubuntu/FlowGuard-recovery/results/exhaustive_clock_sweep_v1/configs/clock17-u35-d52-p2-g0p15-sAREA_0/runs/trial_clock17-u35-d52-p2-g0p15-sAREA_0/57-magic-streamout/tt_um_flowguard_stress.magic.gds,/tmp/banyancode/gds-renders/FlowGuard-recovery__results__exhaustive_clock_sweep_v1__configs__clock17-u35-d52-p2-g0p15-sAREA_0__runs__trial_clock17-u35-d52-p2-g0p15-sAREA_0__57-magic-streamout__tt_um_flowguard_stress.magic.gds.png,2204396,44989,1000,312,success,
/home/ubuntu/FlowGuard-recovery/results/exhaustive_clock_sweep_v1/configs/clock17-u35-d52-p2-g0p15-sAREA_0/runs/trial_clock17-u35-d52-p2-g0p15-sAREA_0/final/gds/tt_um_flowguard_stress.gds,/tmp/banyancode/gds-renders/FlowGuard-recovery__results__exhaustive_clock_sweep_v1__configs__clock17-u35-d52-p2-g0p15-sAREA_0__runs__trial_clock17-u35-d52-p2-g0p15-sAREA_0__final__gds__tt_um_flowguard_stress.gds.png,2204396,44989,1000,312,success,
/home/ubuntu/FlowGuard-recovery/results/exhaustive_clock_sweep_v1/configs/clock17-u35-d52-p2-g0p15-sAREA_0/runs/trial_clock17-u35-d52-p2-g0p15-sAREA_0/final/mag_gds/tt_um_flowguard_stress.magic.gds,/tmp/banyancode/gds-renders/FlowGuard-recovery__results__exhaustive_clock_sweep_v1__configs__clock17-u35-d52-p2-g0p15-sAREA_0__runs__trial_clock17-u35-d52-p2-g0p15-sAREA_0__final__mag_gds__tt_um_flowguard_stress.magic.gds.png,2204396,44989,1000,312,success,
/home/ubuntu/FlowGuard-recovery/results/exhaustive_clock_sweep_v1/configs/clock17-u35-d52-p2-g0p15-sAREA_0/runs/trial_clock17-u35-d52-p2-g0p15-sAREA_0/58-klayout-streamout/tt_um_flowguard_stress.klayout.gds,/tmp/banyancode/gds-renders/FlowGuard-recovery__results__exhaustive_clock_sweep_v1__configs__clock17-u35-d52-p2-g0p15-sAREA_0__runs__trial_clock17-u35-d52-p2-g0p15-sAREA_0__58-klayout-streamout__tt_um_flowguard_stress.klayout.gds.png,1322690,46584,1000,312,success,
/home/ubuntu/FlowGuard-recovery/results/exhaustive_clock_sweep_v1/configs/clock17-u35-d52-p2-g0p15-sAREA_0/runs/trial_clock17-u35-d52-p2-g0p15-sAREA_0/final/klayout_gds/tt_um_flowguard_stress.klayout.gds,/tmp/banyancode/gds-renders/FlowGuard-recovery__results__exhaustive_clock_sweep_v1__configs__clock17-u35-d52-p2-g0p15-sAREA_0__runs__trial_clock17-u35-d52-p2-g0p15-sAREA_0__final__klayout_gds__tt_um_flowguard_stress.klayout.gds.png,1322690,46584,1000,312,success,
/home/ubuntu/FlowGuard-recovery/results/exhaustive_clock_sweep_v1/configs/clock17-u40-d38-p0-g0p20-sAREA_0/runs/trial_clock17-u40-d38-p0-g0p20-sAREA_0/57-magic-streamout/tt_um_flowguard_stress.gds,/tmp/banyancode/gds-renders/FlowGuard-recovery__results__exhaustive_clock_sweep_v1__configs__clock17-u40-d38-p0-g0p20-sAREA_0__runs__trial_clock17-u40-d38-p0-g0p20-sAREA_0__57-magic-streamout__tt_um_flowguard_stress.gds.png,2173556,45177,1000,312,success,
/home/ubuntu/FlowGuard-recovery/results/exhaustive_clock_sweep_v1/configs/clock17-u40-d38-p0-g0p20-sAREA_0/runs/trial_clock17-u40-d38-p0-g0p20-sAREA_0/57-magic-streamout/tt_um_flowguard_stress.magic.gds,/tmp/banyancode/gds-renders/FlowGuard-recovery__results__exhaustive_clock_sweep_v1__configs__clock17-u40-d38-p0-g0p20-sAREA_0__runs__trial_clock17-u40-d38-p0-g0p20-sAREA_0__57-magic-streamout__tt_um_flowguard_stress.magic.gds.png,2173556,45177,1000,312,success,
/home/ubuntu/FlowGuard-recovery/results/exhaustive_clock_sweep_v1/configs/clock17-u40-d38-p0-g0p20-sAREA_0/runs/trial_clock17-u40-d38-p0-g0p20-sAREA_0/final/gds/tt_um_flowguard_stress.gds,/tmp/banyancode/gds-renders/FlowGuard-recovery__results__exhaustive_clock_sweep_v1__configs__clock17-u40-d38-p0-g0p20-sAREA_0__runs__trial_clock17-u40-d38-p0-g0p20-sAREA_0__final__gds__tt_um_flowguard_stress.gds.png,2173556,45177,1000,312,success,
/home/ubuntu/FlowGuard-recovery/results/exhaustive_clock_sweep_v1/configs/clock17-u40-d38-p0-g0p20-sAREA_0/runs/trial_clock17-u40-d38-p0-g0p20-sAREA_0/final/mag_gds/tt_um_flowguard_stress.magic.gds,/tmp/banyancode/gds-renders/FlowGuard-recovery__results__exhaustive_clock_sweep_v1__configs__clock17-u40-d38-p0-g0p20-sAREA_0__runs__trial_clock17-u40-d38-p0-g0p20-sAREA_0__final__mag_gds__tt_um_flowguard_stress.magic.gds.png,2173556,45177,1000,312,success,
/home/ubuntu/FlowGuard-recovery/results/exhaustive_clock_sweep_v1/configs/clock17-u40-d38-p0-g0p20-sAREA_0/runs/trial_clock17-u40-d38-p0-g0p20-sAREA_0/58-klayout-streamout/tt_um_flowguard_stress.klayout.gds,/tmp/banyancode/gds-renders/FlowGuard-recovery__results__exhaustive_clock_sweep_v1__configs__clock17-u40-d38-p0-g0p20-sAREA_0__runs__trial_clock17-u40-d38-p0-g0p20-sAREA_0__58-klayout-streamout__tt_um_flowguard_stress.klayout.gds.png,1293230,46542,1000,312,success,
/home/ubuntu/FlowGuard-recovery/results/exhaustive_clock_sweep_v1/configs/clock17-u40-d38-p0-g0p20-sAREA_0/runs/trial_clock17-u40-d38-p0-g0p20-sAREA_0/final/klayout_gds/tt_um_flowguard_stress.klayout.gds,/tmp/banyancode/gds-renders/FlowGuard-recovery__results__exhaustive_clock_sweep_v1__configs__clock17-u40-d38-p0-g0p20-sAREA_0__runs__trial_clock17-u40-d38-p0-g0p20-sAREA_0__final__klayout_gds__tt_um_flowguard_stress.klayout.gds.png,1293230,46542,1000,312,success,
/home/ubuntu/FlowGuard-recovery/results/exhaustive_clock_sweep_v1/configs/clock17-u40-d38-p0-g0p20-sAREA_2/runs/trial_clock17-u40-d38-p0-g0p20-sAREA_2/57-magic-streamout/tt_um_flowguard_stress.gds,/tmp/banyancode/gds-renders/FlowGuard-recovery__results__exhaustive_clock_sweep_v1__configs__clock17-u40-d38-p0-g0p20-sAREA_2__runs__trial_clock17-u40-d38-p0-g0p20-sAREA_2__57-magic-streamout__tt_um_flowguard_stress.gds.png,2285440,44872,1000,312,success,
/home/ubuntu/FlowGuard-recovery/results/exhaustive_clock_sweep_v1/configs/clock17-u40-d38-p0-g0p20-sAREA_2/runs/trial_clock17-u40-d38-p0-g0p20-sAREA_2/57-magic-streamout/tt_um_flowguard_stress.magic.gds,/tmp/banyancode/gds-renders/FlowGuard-recovery__results__exhaustive_clock_sweep_v1__configs__clock17-u40-d38-p0-g0p20-sAREA_2__runs__trial_clock17-u40-d38-p0-g0p20-sAREA_2__57-magic-streamout__tt_um_flowguard_stress.magic.gds.png,2285440,44872,1000,312,success,
/home/ubuntu/FlowGuard-recovery/results/exhaustive_clock_sweep_v1/configs/clock17-u40-d38-p0-g0p20-sAREA_2/runs/trial_clock17-u40-d38-p0-g0p20-sAREA_2/final/gds/tt_um_flowguard_stress.gds,/tmp/banyancode/gds-renders/FlowGuard-recovery__results__exhaustive_clock_sweep_v1__configs__clock17-u40-d38-p0-g0p20-sAREA_2__runs__trial_clock17-u40-d38-p0-g0p20-sAREA_2__final__gds__tt_um_flowguard_stress.gds.png,2285440,44872,1000,312,success,
/home/ubuntu/FlowGuard-recovery/results/exhaustive_clock_sweep_v1/configs/clock17-u40-d38-p0-g0p20-sAREA_2/runs/trial_clock17-u40-d38-p0-g0p20-sAREA_2/final/mag_gds/tt_um_flowguard_stress.magic.gds,/tmp/banyancode/gds-renders/FlowGuard-recovery__results__exhaustive_clock_sweep_v1__configs__clock17-u40-d38-p0-g0p20-sAREA_2__runs__trial_clock17-u40-d38-p0-g0p20-sAREA_2__final__mag_gds__tt_um_flowguard_stress.magic.gds.png,2285440,44872,1000,312,success,
/home/ubuntu/FlowGuard-recovery/results/exhaustive_clock_sweep_v1/configs/clock17-u40-d38-p0-g0p20-sAREA_2/runs/trial_clock17-u40-d38-p0-g0p20-sAREA_2/58-klayout-streamout/tt_um_flowguard_stress.klayout.gds,/tmp/banyancode/gds-renders/FlowGuard-recovery__results__exhaustive_clock_sweep_v1__configs__clock17-u40-d38-p0-g0p20-sAREA_2__runs__trial_clock17-u40-d38-p0-g0p20-sAREA_2__58-klayout-streamout__tt_um_flowguard_stress.klayout.gds.png,1386200,46938,1000,312,success,
/home/ubuntu/FlowGuard-recovery/results/exhaustive_clock_sweep_v1/configs/clock17-u40-d38-p0-g0p20-sAREA_2/runs/trial_clock17-u40-d38-p0-g0p20-sAREA_2/final/klayout_gds/tt_um_flowguard_stress.klayout.gds,/tmp/banyancode/gds-renders/FlowGuard-recovery__results__exhaustive_clock_sweep_v1__configs__clock17-u40-d38-p0-g0p20-sAREA_2__runs__trial_clock17-u40-d38-p0-g0p20-sAREA_2__final__klayout_gds__tt_um_flowguard_stress.klayout.gds.png,1386200,46938,1000,312,success,
/home/ubuntu/FlowGuard-recovery/results/exhaustive_clock_sweep_v1/configs/clock17-u40-d38-p1-g0p15-sAREA_2/runs/trial_clock17-u40-d38-p1-g0p15-sAREA_2/57-magic-streamout/tt_um_flowguard_stress.gds,/tmp/banyancode/gds-renders/FlowGuard-recovery__results__exhaustive_clock_sweep_v1__configs__clock17-u40-d38-p1-g0p15-sAREA_2__runs__trial_clock17-u40-d38-p1-g0p15-sAREA_2__57-magic-streamout__tt_um_flowguard_stress.gds.png,2285000,44807,1000,312,success,
/home/ubuntu/FlowGuard-recovery/results/exhaustive_clock_sweep_v1/configs/clock17-u40-d38-p1-g0p15-sAREA_2/runs/trial_clock17-u40-d38-p1-g0p15-sAREA_2/57-magic-streamout/tt_um_flowguard_stress.magic.gds,/tmp/banyancode/gds-renders/FlowGuard-recovery__results__exhaustive_clock_sweep_v1__configs__clock17-u40-d38-p1-g0p15-sAREA_2__runs__trial_clock17-u40-d38-p1-g0p15-sAREA_2__57-magic-streamout__tt_um_flowguard_stress.magic.gds.png,2285000,44807,1000,312,success,
/home/ubuntu/FlowGuard-recovery/results/exhaustive_clock_sweep_v1/configs/clock17-u40-d38-p1-g0p15-sAREA_2/runs/trial_clock17-u40-d38-p1-g0p15-sAREA_2/final/gds/tt_um_flowguard_stress.gds,/tmp/banyancode/gds-renders/FlowGuard-recovery__results__exhaustive_clock_sweep_v1__configs__clock17-u40-d38-p1-g0p15-sAREA_2__runs__trial_clock17-u40-d38-p1-g0p15-sAREA_2__final__gds__tt_um_flowguard_stress.gds.png,2285000,44807,1000,312,success,
/home/ubuntu/FlowGuard-recovery/results/exhaustive_clock_sweep_v1/configs/clock17-u40-d38-p1-g0p15-sAREA_2/runs/trial_clock17-u40-d38-p1-g0p15-sAREA_2/final/mag_gds/tt_um_flowguard_stress.magic.gds,/tmp/banyancode/gds-renders/FlowGuard-recovery__results__exhaustive_clock_sweep_v1__configs__clock17-u40-d38-p1-g0p15-sAREA_2__runs__trial_clock17-u40-d38-p1-g0p15-sAREA_2__final__mag_gds__tt_um_flowguard_stress.magic.gds.png,2285000,44807,1000,312,success,
/home/ubuntu/FlowGuard-recovery/results/exhaustive_clock_sweep_v1/configs/clock17-u40-d38-p1-g0p15-sAREA_2/runs/trial_clock17-u40-d38-p1-g0p15-sAREA_2/58-klayout-streamout/tt_um_flowguard_stress.klayout.gds,/tmp/banyancode/gds-renders/FlowGuard-recovery__results__exhaustive_clock_sweep_v1__configs__clock17-u40-d38-p1-g0p15-sAREA_2__runs__trial_clock17-u40-d38-p1-g0p15-sAREA_2__58-klayout-streamout__tt_um_flowguard_stress.klayout.gds.png,1385752,46218,1000,312,success,
/home/ubuntu/FlowGuard-recovery/results/exhaustive_clock_sweep_v1/configs/clock17-u40-d38-p1-g0p15-sAREA_2/runs/trial_clock17-u40-d38-p1-g0p15-sAREA_2/final/klayout_gds/tt_um_flowguard_stress.klayout.gds,/tmp/banyancode/gds-renders/FlowGuard-recovery__results__exhaustive_clock_sweep_v1__configs__clock17-u40-d38-p1-g0p15-sAREA_2__runs__trial_clock17-u40-d38-p1-g0p15-sAREA_2__final__klayout_gds__tt_um_flowguard_stress.klayout.gds.png,1385752,46218,1000,312,success,
/home/ubuntu/FlowGuard-recovery/results/exhaustive_clock_sweep_v1/configs/clock17-u40-d52-p0-g0p10-sAREA_1/runs/trial_clock17-u40-d52-p0-g0p10-sAREA_1/57-magic-streamout/tt_um_flowguard_stress.gds,/tmp/banyancode/gds-renders/FlowGuard-recovery__results__exhaustive_clock_sweep_v1__configs__clock17-u40-d52-p0-g0p10-sAREA_1__runs__trial_clock17-u40-d52-p0-g0p10-sAREA_1__57-magic-streamout__tt_um_flowguard_stress.gds.png,2294238,45362,1000,312,success,
/home/ubuntu/FlowGuard-recovery/results/exhaustive_clock_sweep_v1/configs/clock17-u40-d52-p0-g0p10-sAREA_1/runs/trial_clock17-u40-d52-p0-g0p10-sAREA_1/57-magic-streamout/tt_um_flowguard_stress.magic.gds,/tmp/banyancode/gds-renders/FlowGuard-recovery__results__exhaustive_clock_sweep_v1__configs__clock17-u40-d52-p0-g0p10-sAREA_1__runs__trial_clock17-u40-d52-p0-g0p10-sAREA_1__57-magic-streamout__tt_um_flowguard_stress.magic.gds.png,2294238,45362,1000,312,success,
/home/ubuntu/FlowGuard-recovery/results/exhaustive_clock_sweep_v1/configs/clock17-u40-d52-p0-g0p10-sAREA_1/runs/trial_clock17-u40-d52-p0-g0p10-sAREA_1/final/gds/tt_um_flowguard_stress.gds,/tmp/banyancode/gds-renders/FlowGuard-recovery__results__exhaustive_clock_sweep_v1__configs__clock17-u40-d52-p0-g0p10-sAREA_1__runs__trial_clock17-u40-d52-p0-g0p10-sAREA_1__final__gds__tt_um_flowguard_stress.gds.png,2294238,45362,1000,312,success,
/home/ubuntu/FlowGuard-recovery/results/exhaustive_clock_sweep_v1/configs/clock17-u40-d52-p0-g0p10-sAREA_1/runs/trial_clock17-u40-d52-p0-g0p10-sAREA_1/final/mag_gds/tt_um_flowguard_stress.magic.gds,/tmp/banyancode/gds-renders/FlowGuard-recovery__results__exhaustive_clock_sweep_v1__configs__clock17-u40-d52-p0-g0p10-sAREA_1__runs__trial_clock17-u40-d52-p0-g0p10-sAREA_1__final__mag_gds__tt_um_flowguard_stress.magic.gds.png,2294238,45362,1000,312,success,
/home/ubuntu/FlowGuard-recovery/results/exhaustive_clock_sweep_v1/configs/clock17-u40-d52-p0-g0p10-sAREA_1/runs/trial_clock17-u40-d52-p0-g0p10-sAREA_1/58-klayout-streamout/tt_um_flowguard_stress.klayout.gds,/tmp/banyancode/gds-renders/FlowGuard-recovery__results__exhaustive_clock_sweep_v1__configs__clock17-u40-d52-p0-g0p10-sAREA_1__runs__trial_clock17-u40-d52-p0-g0p10-sAREA_1__58-klayout-streamout__tt_um_flowguard_stress.klayout.gds.png,1396180,46858,1000,312,success,
/home/ubuntu/FlowGuard-recovery/results/exhaustive_clock_sweep_v1/configs/clock17-u40-d52-p0-g0p10-sAREA_1/runs/trial_clock17-u40-d52-p0-g0p10-sAREA_1/final/klayout_gds/tt_um_flowguard_stress.klayout.gds,/tmp/banyancode/gds-renders/FlowGuard-recovery__results__exhaustive_clock_sweep_v1__configs__clock17-u40-d52-p0-g0p10-sAREA_1__runs__trial_clock17-u40-d52-p0-g0p10-sAREA_1__final__klayout_gds__tt_um_flowguard_stress.klayout.gds.png,1396180,46858,1000,312,success,
/home/ubuntu/FlowGuard-recovery/results/exhaustive_clock_sweep_v1/configs/clock17-u40-d52-p0-g0p15-sAREA_0/runs/trial_clock17-u40-d52-p0-g0p15-sAREA_0/57-magic-streamout/tt_um_flowguard_stress.gds,/tmp/banyancode/gds-renders/FlowGuard-recovery__results__exhaustive_clock_sweep_v1__configs__clock17-u40-d52-p0-g0p15-sAREA_0__runs__trial_clock17-u40-d52-p0-g0p15-sAREA_0__57-magic-streamout__tt_um_flowguard_stress.gds.png,2180706,45033,1000,312,success,
/home/ubuntu/FlowGuard-recovery/results/exhaustive_clock_sweep_v1/configs/clock17-u40-d52-p0-g0p15-sAREA_0/runs/trial_clock17-u40-d52-p0-g0p15-sAREA_0/57-magic-streamout/tt_um_flowguard_stress.magic.gds,/tmp/banyancode/gds-renders/FlowGuard-recovery__results__exhaustive_clock_sweep_v1__configs__clock17-u40-d52-p0-g0p15-sAREA_0__runs__trial_clock17-u40-d52-p0-g0p15-sAREA_0__57-magic-streamout__tt_um_flowguard_stress.magic.gds.png,2180706,45033,1000,312,success,
/home/ubuntu/FlowGuard-recovery/results/exhaustive_clock_sweep_v1/configs/clock17-u40-d52-p0-g0p15-sAREA_0/runs/trial_clock17-u40-d52-p0-g0p15-sAREA_0/final/gds/tt_um_flowguard_stress.gds,/tmp/banyancode/gds-renders/FlowGuard-recovery__results__exhaustive_clock_sweep_v1__configs__clock17-u40-d52-p0-g0p15-sAREA_0__runs__trial_clock17-u40-d52-p0-g0p15-sAREA_0__final__gds__tt_um_flowguard_stress.gds.png,2180706,45033,1000,312,success,
/home/ubuntu/FlowGuard-recovery/results/exhaustive_clock_sweep_v1/configs/clock17-u40-d52-p0-g0p15-sAREA_0/runs/trial_clock17-u40-d52-p0-g0p15-sAREA_0/final/mag_gds/tt_um_flowguard_stress.magic.gds,/tmp/banyancode/gds-renders/FlowGuard-recovery__results__exhaustive_clock_sweep_v1__configs__clock17-u40-d52-p0-g0p15-sAREA_0__runs__trial_clock17-u40-d52-p0-g0p15-sAREA_0__final__mag_gds__tt_um_flowguard_stress.magic.gds.png,2180706,45033,1000,312,success,
/home/ubuntu/FlowGuard-recovery/results/exhaustive_clock_sweep_v1/configs/clock17-u40-d52-p0-g0p15-sAREA_0/runs/trial_clock17-u40-d52-p0-g0p15-sAREA_0/58-klayout-streamout/tt_um_flowguard_stress.klayout.gds,/tmp/banyancode/gds-renders/FlowGuard-recovery__results__exhaustive_clock_sweep_v1__configs__clock17-u40-d52-p0-g0p15-sAREA_0__runs__trial_clock17-u40-d52-p0-g0p15-sAREA_0__58-klayout-streamout__tt_um_flowguard_stress.klayout.gds.png,1299506,46285,1000,312,success,
/home/ubuntu/FlowGuard-recovery/results/exhaustive_clock_sweep_v1/configs/clock17-u40-d52-p0-g0p15-sAREA_0/runs/trial_clock17-u40-d52-p0-g0p15-sAREA_0/final/klayout_gds/tt_um_flowguard_stress.klayout.gds,/tmp/banyancode/gds-renders/FlowGuard-recovery__results__exhaustive_clock_sweep_v1__configs__clock17-u40-d52-p0-g0p15-sAREA_0__runs__trial_clock17-u40-d52-p0-g0p15-sAREA_0__final__klayout_gds__tt_um_flowguard_stress.klayout.gds.png,1299506,46285,1000,312,success,
/home/ubuntu/FlowGuard-recovery/results/exhaustive_clock_sweep_v1/runs/trial_clock15-u30-d38-p0-g0p05-sAREA_0/final/gds/tt_um_flowguard_stress.gds,/tmp/banyancode/gds-renders/FlowGuard-recovery__results__exhaustive_clock_sweep_v1__runs__trial_clock15-u30-d38-p0-g0p05-sAREA_0__final__gds__tt_um_flowguard_stress.gds.png,2181482,44659,1000,312,success,
/home/ubuntu/FlowGuard-recovery/results/exhaustive_clock_sweep_v1/runs/trial_clock15-u30-d38-p0-g0p05-sAREA_0/final/mag_gds/tt_um_flowguard_stress.magic.gds,/tmp/banyancode/gds-renders/FlowGuard-recovery__results__exhaustive_clock_sweep_v1__runs__trial_clock15-u30-d38-p0-g0p05-sAREA_0__final__mag_gds__tt_um_flowguard_stress.magic.gds.png,2181482,44659,1000,312,success,
/home/ubuntu/FlowGuard-recovery/results/exhaustive_clock_sweep_v1/runs/trial_clock15-u30-d38-p0-g0p05-sAREA_0/final/klayout_gds/tt_um_flowguard_stress.klayout.gds,/tmp/banyancode/gds-renders/FlowGuard-recovery__results__exhaustive_clock_sweep_v1__runs__trial_clock15-u30-d38-p0-g0p05-sAREA_0__final__klayout_gds__tt_um_flowguard_stress.klayout.gds.png,1304198,45906,1000,312,success,
/home/ubuntu/FlowGuard-recovery/results/exhaustive_clock_sweep_v1/runs/trial_clock17-u30-d38-p0-g0p05-sAREA_0/final/gds/tt_um_flowguard_stress.gds,/tmp/banyancode/gds-renders/FlowGuard-recovery__results__exhaustive_clock_sweep_v1__runs__trial_clock17-u30-d38-p0-g0p05-sAREA_0__final__gds__tt_um_flowguard_stress.gds.png,2181482,44659,1000,312,success,
/home/ubuntu/FlowGuard-recovery/results/exhaustive_clock_sweep_v1/runs/trial_clock17-u30-d38-p0-g0p05-sAREA_0/final/mag_gds/tt_um_flowguard_stress.magic.gds,/tmp/banyancode/gds-renders/FlowGuard-recovery__results__exhaustive_clock_sweep_v1__runs__trial_clock17-u30-d38-p0-g0p05-sAREA_0__final__mag_gds__tt_um_flowguard_stress.magic.gds.png,2181482,44659,1000,312,success,
/home/ubuntu/FlowGuard-recovery/results/exhaustive_clock_sweep_v1/runs/trial_clock17-u30-d38-p0-g0p05-sAREA_0/final/klayout_gds/tt_um_flowguard_stress.klayout.gds,/tmp/banyancode/gds-renders/FlowGuard-recovery__results__exhaustive_clock_sweep_v1__runs__trial_clock17-u30-d38-p0-g0p05-sAREA_0__final__klayout_gds__tt_um_flowguard_stress.klayout.gds.png,1304198,45906,1000,312,success,
/home/ubuntu/FlowGuard-recovery/results/primary-flowguard_calibrated-v1/runs/trial_primary-flowguard_calibrated-cand_010/final/gds/tt_um_flowguard_stress.gds,/tmp/banyancode/gds-renders/FlowGuard-recovery__results__primary-flowguard_calibrated-v1__runs__trial_primary-flowguard_calibrated-cand_010__final__gds__tt_um_flowguard_stress.gds.png,2204396,44989,1000,312,success,
/home/ubuntu/FlowGuard-recovery/results/primary-flowguard_calibrated-v1/runs/trial_primary-flowguard_calibrated-cand_010/final/mag_gds/tt_um_flowguard_stress.magic.gds,/tmp/banyancode/gds-renders/FlowGuard-recovery__results__primary-flowguard_calibrated-v1__runs__trial_primary-flowguard_calibrated-cand_010__final__mag_gds__tt_um_flowguard_stress.magic.gds.png,2204396,44989,1000,312,success,
/home/ubuntu/FlowGuard-recovery/results/primary-flowguard_calibrated-v1/runs/trial_primary-flowguard_calibrated-cand_010/final/klayout_gds/tt_um_flowguard_stress.klayout.gds,/tmp/banyancode/gds-renders/FlowGuard-recovery__results__primary-flowguard_calibrated-v1__runs__trial_primary-flowguard_calibrated-cand_010__final__klayout_gds__tt_um_flowguard_stress.klayout.gds.png,1322690,46584,1000,312,success,
/home/ubuntu/FlowGuard-recovery/results/primary-flowguard_calibrated-v1/runs/trial_primary-flowguard_calibrated-cand_013/final/gds/tt_um_flowguard_stress.gds,/tmp/banyancode/gds-renders/FlowGuard-recovery__results__primary-flowguard_calibrated-v1__runs__trial_primary-flowguard_calibrated-cand_013__final__gds__tt_um_flowguard_stress.gds.png,2208790,44529,1000,312,success,
/home/ubuntu/FlowGuard-recovery/results/primary-flowguard_calibrated-v1/runs/trial_primary-flowguard_calibrated-cand_013/final/mag_gds/tt_um_flowguard_stress.magic.gds,/tmp/banyancode/gds-renders/FlowGuard-recovery__results__primary-flowguard_calibrated-v1__runs__trial_primary-flowguard_calibrated-cand_013__final__mag_gds__tt_um_flowguard_stress.magic.gds.png,2208790,44529,1000,312,success,
/home/ubuntu/FlowGuard-recovery/results/primary-flowguard_calibrated-v1/runs/trial_primary-flowguard_calibrated-cand_013/final/klayout_gds/tt_um_flowguard_stress.klayout.gds,/tmp/banyancode/gds-renders/FlowGuard-recovery__results__primary-flowguard_calibrated-v1__runs__trial_primary-flowguard_calibrated-cand_013__final__klayout_gds__tt_um_flowguard_stress.klayout.gds.png,1328324,46338,1000,312,success,
/home/ubuntu/FlowGuard-recovery/results/primary-flowguard_calibrated-v1/runs/trial_primary-flowguard_calibrated-cand_014/final/gds/tt_um_flowguard_stress.gds,/tmp/banyancode/gds-renders/FlowGuard-recovery__results__primary-flowguard_calibrated-v1__runs__trial_primary-flowguard_calibrated-cand_014__final__gds__tt_um_flowguard_stress.gds.png,2173556,45177,1000,312,success,
/home/ubuntu/FlowGuard-recovery/results/primary-flowguard_calibrated-v1/runs/trial_primary-flowguard_calibrated-cand_014/final/mag_gds/tt_um_flowguard_stress.magic.gds,/tmp/banyancode/gds-renders/FlowGuard-recovery__results__primary-flowguard_calibrated-v1__runs__trial_primary-flowguard_calibrated-cand_014__final__mag_gds__tt_um_flowguard_stress.magic.gds.png,2173556,45177,1000,312,success,
/home/ubuntu/FlowGuard-recovery/results/primary-flowguard_calibrated-v1/runs/trial_primary-flowguard_calibrated-cand_014/final/klayout_gds/tt_um_flowguard_stress.klayout.gds,/tmp/banyancode/gds-renders/FlowGuard-recovery__results__primary-flowguard_calibrated-v1__runs__trial_primary-flowguard_calibrated-cand_014__final__klayout_gds__tt_um_flowguard_stress.klayout.gds.png,1293230,46542,1000,312,success,
/home/ubuntu/FlowGuard-recovery/results/primary-flowguard_calibrated-v1/runs/trial_primary-flowguard_calibrated-cand_015/final/gds/tt_um_flowguard_stress.gds,/tmp/banyancode/gds-renders/FlowGuard-recovery__results__primary-flowguard_calibrated-v1__runs__trial_primary-flowguard_calibrated-cand_015__final__gds__tt_um_flowguard_stress.gds.png,2284710,45078,1000,312,success,
/home/ubuntu/FlowGuard-recovery/results/primary-flowguard_calibrated-v1/runs/trial_primary-flowguard_calibrated-cand_015/final/mag_gds/tt_um_flowguard_stress.magic.gds,/tmp/banyancode/gds-renders/FlowGuard-recovery__results__primary-flowguard_calibrated-v1__runs__trial_primary-flowguard_calibrated-cand_015__final__mag_gds__tt_um_flowguard_stress.magic.gds.png,2284710,45078,1000,312,success,
/home/ubuntu/FlowGuard-recovery/results/primary-flowguard_calibrated-v1/runs/trial_primary-flowguard_calibrated-cand_015/final/klayout_gds/tt_um_flowguard_stress.klayout.gds,/tmp/banyancode/gds-renders/FlowGuard-recovery__results__primary-flowguard_calibrated-v1__runs__trial_primary-flowguard_calibrated-cand_015__final__klayout_gds__tt_um_flowguard_stress.klayout.gds.png,1390658,45788,1000,312,success,
/home/ubuntu/FlowGuard-recovery/results/primary-flowguard_calibrated-v1/runs/trial_primary-flowguard_calibrated-cand_016/final/gds/tt_um_flowguard_stress.gds,/tmp/banyancode/gds-renders/FlowGuard-recovery__results__primary-flowguard_calibrated-v1__runs__trial_primary-flowguard_calibrated-cand_016__final__gds__tt_um_flowguard_stress.gds.png,2173556,45177,1000,312,success,
/home/ubuntu/FlowGuard-recovery/results/primary-flowguard_calibrated-v1/runs/trial_primary-flowguard_calibrated-cand_016/final/mag_gds/tt_um_flowguard_stress.magic.gds,/tmp/banyancode/gds-renders/FlowGuard-recovery__results__primary-flowguard_calibrated-v1__runs__trial_primary-flowguard_calibrated-cand_016__final__mag_gds__tt_um_flowguard_stress.magic.gds.png,2173556,45177,1000,312,success,
/home/ubuntu/FlowGuard-recovery/results/primary-flowguard_calibrated-v1/runs/trial_primary-flowguard_calibrated-cand_016/final/klayout_gds/tt_um_flowguard_stress.klayout.gds,/tmp/banyancode/gds-renders/FlowGuard-recovery__results__primary-flowguard_calibrated-v1__runs__trial_primary-flowguard_calibrated-cand_016__final__klayout_gds__tt_um_flowguard_stress.klayout.gds.png,1293230,46542,1000,312,success,
/home/ubuntu/FlowGuard-recovery/results/primary-flowguard_calibrated-v1/runs/trial_primary-flowguard_calibrated-cand_017/final/gds/tt_um_flowguard_stress.gds,/tmp/banyancode/gds-renders/FlowGuard-recovery__results__primary-flowguard_calibrated-v1__runs__trial_primary-flowguard_calibrated-cand_017__final__gds__tt_um_flowguard_stress.gds.png,2180706,45033,1000,312,success,
/home/ubuntu/FlowGuard-recovery/results/primary-flowguard_calibrated-v1/runs/trial_primary-flowguard_calibrated-cand_017/final/mag_gds/tt_um_flowguard_stress.magic.gds,/tmp/banyancode/gds-renders/FlowGuard-recovery__results__primary-flowguard_calibrated-v1__runs__trial_primary-flowguard_calibrated-cand_017__final__mag_gds__tt_um_flowguard_stress.magic.gds.png,2180706,45033,1000,312,success,
/home/ubuntu/FlowGuard-recovery/results/primary-flowguard_calibrated-v1/runs/trial_primary-flowguard_calibrated-cand_017/final/klayout_gds/tt_um_flowguard_stress.klayout.gds,/tmp/banyancode/gds-renders/FlowGuard-recovery__results__primary-flowguard_calibrated-v1__runs__trial_primary-flowguard_calibrated-cand_017__final__klayout_gds__tt_um_flowguard_stress.klayout.gds.png,1299506,46285,1000,312,success,
/home/ubuntu/FlowGuard-recovery/results/primary-flowguard_calibrated-v1/runs/trial_primary-flowguard_calibrated-cand_018/final/gds/tt_um_flowguard_stress.gds,/tmp/banyancode/gds-renders/FlowGuard-recovery__results__primary-flowguard_calibrated-v1__runs__trial_primary-flowguard_calibrated-cand_018__final__gds__tt_um_flowguard_stress.gds.png,2287246,45295,1000,312,success,
/home/ubuntu/FlowGuard-recovery/results/primary-flowguard_calibrated-v1/runs/trial_primary-flowguard_calibrated-cand_018/final/mag_gds/tt_um_flowguard_stress.magic.gds,/tmp/banyancode/gds-renders/FlowGuard-recovery__results__primary-flowguard_calibrated-v1__runs__trial_primary-flowguard_calibrated-cand_018__final__mag_gds__tt_um_flowguard_stress.magic.gds.png,2287246,45295,1000,312,success,
/home/ubuntu/FlowGuard-recovery/results/primary-flowguard_calibrated-v1/runs/trial_primary-flowguard_calibrated-cand_018/final/klayout_gds/tt_um_flowguard_stress.klayout.gds,/tmp/banyancode/gds-renders/FlowGuard-recovery__results__primary-flowguard_calibrated-v1__runs__trial_primary-flowguard_calibrated-cand_018__final__klayout_gds__tt_um_flowguard_stress.klayout.gds.png,1389556,47225,1000,312,success,
/home/ubuntu/FlowGuard-recovery/results/primary-flowguard_calibrated-v1/runs/trial_primary-flowguard_calibrated-cand_021/final/gds/tt_um_flowguard_stress.gds,/tmp/banyancode/gds-renders/FlowGuard-recovery__results__primary-flowguard_calibrated-v1__runs__trial_primary-flowguard_calibrated-cand_021__final__gds__tt_um_flowguard_stress.gds.png,2208790,44529,1000,312,success,
/home/ubuntu/FlowGuard-recovery/results/primary-flowguard_calibrated-v1/runs/trial_primary-flowguard_calibrated-cand_021/final/mag_gds/tt_um_flowguard_stress.magic.gds,/tmp/banyancode/gds-renders/FlowGuard-recovery__results__primary-flowguard_calibrated-v1__runs__trial_primary-flowguard_calibrated-cand_021__final__mag_gds__tt_um_flowguard_stress.magic.gds.png,2208790,44529,1000,312,success,
/home/ubuntu/FlowGuard-recovery/results/primary-flowguard_calibrated-v1/runs/trial_primary-flowguard_calibrated-cand_021/final/klayout_gds/tt_um_flowguard_stress.klayout.gds,/tmp/banyancode/gds-renders/FlowGuard-recovery__results__primary-flowguard_calibrated-v1__runs__trial_primary-flowguard_calibrated-cand_021__final__klayout_gds__tt_um_flowguard_stress.klayout.gds.png,1328324,46338,1000,312,success,
/home/ubuntu/FlowGuard-recovery/results/primary-flowguard_calibrated-v1/runs/trial_primary-flowguard_calibrated-cand_022/final/gds/tt_um_flowguard_stress.gds,/tmp/banyancode/gds-renders/FlowGuard-recovery__results__primary-flowguard_calibrated-v1__runs__trial_primary-flowguard_calibrated-cand_022__final__gds__tt_um_flowguard_stress.gds.png,2204396,44989,1000,312,success,
/home/ubuntu/FlowGuard-recovery/results/primary-flowguard_calibrated-v1/runs/trial_primary-flowguard_calibrated-cand_022/final/mag_gds/tt_um_flowguard_stress.magic.gds,/tmp/banyancode/gds-renders/FlowGuard-recovery__results__primary-flowguard_calibrated-v1__runs__trial_primary-flowguard_calibrated-cand_022__final__mag_gds__tt_um_flowguard_stress.magic.gds.png,2204396,44989,1000,312,success,
/home/ubuntu/FlowGuard-recovery/results/primary-flowguard_calibrated-v1/runs/trial_primary-flowguard_calibrated-cand_022/final/klayout_gds/tt_um_flowguard_stress.klayout.gds,/tmp/banyancode/gds-renders/FlowGuard-recovery__results__primary-flowguard_calibrated-v1__runs__trial_primary-flowguard_calibrated-cand_022__final__klayout_gds__tt_um_flowguard_stress.klayout.gds.png,1322690,46584,1000,312,success,
/home/ubuntu/FlowGuard-recovery/results/primary-flowguard_calibrated-v1/runs/trial_primary-flowguard_calibrated-cand_026/final/gds/tt_um_flowguard_stress.gds,/tmp/banyancode/gds-renders/FlowGuard-recovery__results__primary-flowguard_calibrated-v1__runs__trial_primary-flowguard_calibrated-cand_026__final__gds__tt_um_flowguard_stress.gds.png,2180706,45033,1000,312,success,
/home/ubuntu/FlowGuard-recovery/results/primary-flowguard_calibrated-v1/runs/trial_primary-flowguard_calibrated-cand_026/final/mag_gds/tt_um_flowguard_stress.magic.gds,/tmp/banyancode/gds-renders/FlowGuard-recovery__results__primary-flowguard_calibrated-v1__runs__trial_primary-flowguard_calibrated-cand_026__final__mag_gds__tt_um_flowguard_stress.magic.gds.png,2180706,45033,1000,312,success,
/home/ubuntu/FlowGuard-recovery/results/primary-flowguard_calibrated-v1/runs/trial_primary-flowguard_calibrated-cand_026/final/klayout_gds/tt_um_flowguard_stress.klayout.gds,/tmp/banyancode/gds-renders/FlowGuard-recovery__results__primary-flowguard_calibrated-v1__runs__trial_primary-flowguard_calibrated-cand_026__final__klayout_gds__tt_um_flowguard_stress.klayout.gds.png,1299506,46285,1000,312,success,
/home/ubuntu/FlowGuard-recovery/results/primary-flowguard_calibrated-v1/runs/trial_primary-flowguard_calibrated-cand_031/final/gds/tt_um_flowguard_stress.gds,/tmp/banyancode/gds-renders/FlowGuard-recovery__results__primary-flowguard_calibrated-v1__runs__trial_primary-flowguard_calibrated-cand_031__final__gds__tt_um_flowguard_stress.gds.png,2173556,45177,1000,312,success,
/home/ubuntu/FlowGuard-recovery/results/primary-flowguard_calibrated-v1/runs/trial_primary-flowguard_calibrated-cand_031/final/mag_gds/tt_um_flowguard_stress.magic.gds,/tmp/banyancode/gds-renders/FlowGuard-recovery__results__primary-flowguard_calibrated-v1__runs__trial_primary-flowguard_calibrated-cand_031__final__mag_gds__tt_um_flowguard_stress.magic.gds.png,2173556,45177,1000,312,success,
/home/ubuntu/FlowGuard-recovery/results/primary-flowguard_calibrated-v1/runs/trial_primary-flowguard_calibrated-cand_031/final/klayout_gds/tt_um_flowguard_stress.klayout.gds,/tmp/banyancode/gds-renders/FlowGuard-recovery__results__primary-flowguard_calibrated-v1__runs__trial_primary-flowguard_calibrated-cand_031__final__klayout_gds__tt_um_flowguard_stress.klayout.gds.png,1293230,46542,1000,312,success,
/home/ubuntu/FlowGuard-recovery/results/primary-flowguard_calibrated-v1/runs/trial_primary-flowguard_calibrated-cand_039/final/gds/tt_um_flowguard_stress.gds,/tmp/banyancode/gds-renders/FlowGuard-recovery__results__primary-flowguard_calibrated-v1__runs__trial_primary-flowguard_calibrated-cand_039__final__gds__tt_um_flowguard_stress.gds.png,2208790,44529,1000,312,success,
/home/ubuntu/FlowGuard-recovery/results/primary-flowguard_calibrated-v1/runs/trial_primary-flowguard_calibrated-cand_039/final/mag_gds/tt_um_flowguard_stress.magic.gds,/tmp/banyancode/gds-renders/FlowGuard-recovery__results__primary-flowguard_calibrated-v1__runs__trial_primary-flowguard_calibrated-cand_039__final__mag_gds__tt_um_flowguard_stress.magic.gds.png,2208790,44529,1000,312,success,
/home/ubuntu/FlowGuard-recovery/results/primary-flowguard_calibrated-v1/runs/trial_primary-flowguard_calibrated-cand_039/final/klayout_gds/tt_um_flowguard_stress.klayout.gds,/tmp/banyancode/gds-renders/FlowGuard-recovery__results__primary-flowguard_calibrated-v1__runs__trial_primary-flowguard_calibrated-cand_039__final__klayout_gds__tt_um_flowguard_stress.klayout.gds.png,1328324,46338,1000,312,success,
/home/ubuntu/FlowGuard-recovery/results/primary-flowguard_calibrated-v1/runs/trial_primary-flowguard_calibrated-cand_040/final/gds/tt_um_flowguard_stress.gds,/tmp/banyancode/gds-renders/FlowGuard-recovery__results__primary-flowguard_calibrated-v1__runs__trial_primary-flowguard_calibrated-cand_040__final__gds__tt_um_flowguard_stress.gds.png,2285440,44872,1000,312,success,
/home/ubuntu/FlowGuard-recovery/results/primary-flowguard_calibrated-v1/runs/trial_primary-flowguard_calibrated-cand_040/final/mag_gds/tt_um_flowguard_stress.magic.gds,/tmp/banyancode/gds-renders/FlowGuard-recovery__results__primary-flowguard_calibrated-v1__runs__trial_primary-flowguard_calibrated-cand_040__final__mag_gds__tt_um_flowguard_stress.magic.gds.png,2285440,44872,1000,312,success,
/home/ubuntu/FlowGuard-recovery/results/primary-flowguard_calibrated-v1/runs/trial_primary-flowguard_calibrated-cand_040/final/klayout_gds/tt_um_flowguard_stress.klayout.gds,/tmp/banyancode/gds-renders/FlowGuard-recovery__results__primary-flowguard_calibrated-v1__runs__trial_primary-flowguard_calibrated-cand_040__final__klayout_gds__tt_um_flowguard_stress.klayout.gds.png,1386200,46938,1000,312,success,
/home/ubuntu/FlowGuard-recovery/results/primary-flowguard_calibrated-v1/runs/trial_primary-flowguard_calibrated-cand_048/final/gds/tt_um_flowguard_stress.gds,/tmp/banyancode/gds-renders/FlowGuard-recovery__results__primary-flowguard_calibrated-v1__runs__trial_primary-flowguard_calibrated-cand_048__final__gds__tt_um_flowguard_stress.gds.png,2214524,45174,1000,312,success,
/home/ubuntu/FlowGuard-recovery/results/primary-flowguard_calibrated-v1/runs/trial_primary-flowguard_calibrated-cand_048/final/mag_gds/tt_um_flowguard_stress.magic.gds,/tmp/banyancode/gds-renders/FlowGuard-recovery__results__primary-flowguard_calibrated-v1__runs__trial_primary-flowguard_calibrated-cand_048__final__mag_gds__tt_um_flowguard_stress.magic.gds.png,2214524,45174,1000,312,success,
/home/ubuntu/FlowGuard-recovery/results/primary-flowguard_calibrated-v1/runs/trial_primary-flowguard_calibrated-cand_048/final/klayout_gds/tt_um_flowguard_stress.klayout.gds,/tmp/banyancode/gds-renders/FlowGuard-recovery__results__primary-flowguard_calibrated-v1__runs__trial_primary-flowguard_calibrated-cand_048__final__klayout_gds__tt_um_flowguard_stress.klayout.gds.png,1332390,46493,1000,312,success,
/home/ubuntu/FlowGuard-recovery/results/primary-flowguard_calibrated-v1/runs/trial_primary-flowguard_calibrated-cand_056/final/gds/tt_um_flowguard_stress.gds,/tmp/banyancode/gds-renders/FlowGuard-recovery__results__primary-flowguard_calibrated-v1__runs__trial_primary-flowguard_calibrated-cand_056__final__gds__tt_um_flowguard_stress.gds.png,2181482,44659,1000,312,success,
/home/ubuntu/FlowGuard-recovery/results/primary-flowguard_calibrated-v1/runs/trial_primary-flowguard_calibrated-cand_056/final/mag_gds/tt_um_flowguard_stress.magic.gds,/tmp/banyancode/gds-renders/FlowGuard-recovery__results__primary-flowguard_calibrated-v1__runs__trial_primary-flowguard_calibrated-cand_056__final__mag_gds__tt_um_flowguard_stress.magic.gds.png,2181482,44659,1000,312,success,
/home/ubuntu/FlowGuard-recovery/results/primary-flowguard_calibrated-v1/runs/trial_primary-flowguard_calibrated-cand_056/final/klayout_gds/tt_um_flowguard_stress.klayout.gds,/tmp/banyancode/gds-renders/FlowGuard-recovery__results__primary-flowguard_calibrated-v1__runs__trial_primary-flowguard_calibrated-cand_056__final__klayout_gds__tt_um_flowguard_stress.klayout.gds.png,1304198,45906,1000,312,success,
/home/ubuntu/FlowGuard-recovery/results/primary-flowguard_calibrated-v1/runs/trial_primary-flowguard_calibrated-cand_064/final/gds/tt_um_flowguard_stress.gds,/tmp/banyancode/gds-renders/FlowGuard-recovery__results__primary-flowguard_calibrated-v1__runs__trial_primary-flowguard_calibrated-cand_064__final__gds__tt_um_flowguard_stress.gds.png,2204396,44989,1000,312,success,
/home/ubuntu/FlowGuard-recovery/results/primary-flowguard_calibrated-v1/runs/trial_primary-flowguard_calibrated-cand_064/final/mag_gds/tt_um_flowguard_stress.magic.gds,/tmp/banyancode/gds-renders/FlowGuard-recovery__results__primary-flowguard_calibrated-v1__runs__trial_primary-flowguard_calibrated-cand_064__final__mag_gds__tt_um_flowguard_stress.magic.gds.png,2204396,44989,1000,312,success,
/home/ubuntu/FlowGuard-recovery/results/primary-flowguard_calibrated-v1/runs/trial_primary-flowguard_calibrated-cand_064/final/klayout_gds/tt_um_flowguard_stress.klayout.gds,/tmp/banyancode/gds-renders/FlowGuard-recovery__results__primary-flowguard_calibrated-v1__runs__trial_primary-flowguard_calibrated-cand_064__final__klayout_gds__tt_um_flowguard_stress.klayout.gds.png,1322690,46584,1000,312,success,
/home/ubuntu/FlowGuard-recovery/results/primary-flowguard_raw-v1/runs/trial_primary-flowguard_raw-cand_010/final/gds/tt_um_flowguard_stress.gds,/tmp/banyancode/gds-renders/FlowGuard-recovery__results__primary-flowguard_raw-v1__runs__trial_primary-flowguard_raw-cand_010__final__gds__tt_um_flowguard_stress.gds.png,2204396,44989,1000,312,success,
/home/ubuntu/FlowGuard-recovery/results/primary-flowguard_raw-v1/runs/trial_primary-flowguard_raw-cand_010/final/mag_gds/tt_um_flowguard_stress.magic.gds,/tmp/banyancode/gds-renders/FlowGuard-recovery__results__primary-flowguard_raw-v1__runs__trial_primary-flowguard_raw-cand_010__final__mag_gds__tt_um_flowguard_stress.magic.gds.png,2204396,44989,1000,312,success,
/home/ubuntu/FlowGuard-recovery/results/primary-flowguard_raw-v1/runs/trial_primary-flowguard_raw-cand_010/final/klayout_gds/tt_um_flowguard_stress.klayout.gds,/tmp/banyancode/gds-renders/FlowGuard-recovery__results__primary-flowguard_raw-v1__runs__trial_primary-flowguard_raw-cand_010__final__klayout_gds__tt_um_flowguard_stress.klayout.gds.png,1322690,46584,1000,312,success,
/home/ubuntu/FlowGuard-recovery/results/primary-flowguard_raw-v1/runs/trial_primary-flowguard_raw-cand_014/final/gds/tt_um_flowguard_stress.gds,/tmp/banyancode/gds-renders/FlowGuard-recovery__results__primary-flowguard_raw-v1__runs__trial_primary-flowguard_raw-cand_014__final__gds__tt_um_flowguard_stress.gds.png,2173556,45177,1000,312,success,
/home/ubuntu/FlowGuard-recovery/results/primary-flowguard_raw-v1/runs/trial_primary-flowguard_raw-cand_014/final/mag_gds/tt_um_flowguard_stress.magic.gds,/tmp/banyancode/gds-renders/FlowGuard-recovery__results__primary-flowguard_raw-v1__runs__trial_primary-flowguard_raw-cand_014__final__mag_gds__tt_um_flowguard_stress.magic.gds.png,2173556,45177,1000,312,success,
/home/ubuntu/FlowGuard-recovery/results/primary-flowguard_raw-v1/runs/trial_primary-flowguard_raw-cand_014/final/klayout_gds/tt_um_flowguard_stress.klayout.gds,/tmp/banyancode/gds-renders/FlowGuard-recovery__results__primary-flowguard_raw-v1__runs__trial_primary-flowguard_raw-cand_014__final__klayout_gds__tt_um_flowguard_stress.klayout.gds.png,1293230,46542,1000,312,success,
/home/ubuntu/FlowGuard-recovery/results/primary-flowguard_raw-v1/runs/trial_primary-flowguard_raw-cand_015/final/gds/tt_um_flowguard_stress.gds,/tmp/banyancode/gds-renders/FlowGuard-recovery__results__primary-flowguard_raw-v1__runs__trial_primary-flowguard_raw-cand_015__final__gds__tt_um_flowguard_stress.gds.png,2284710,45078,1000,312,success,
/home/ubuntu/FlowGuard-recovery/results/primary-flowguard_raw-v1/runs/trial_primary-flowguard_raw-cand_015/final/mag_gds/tt_um_flowguard_stress.magic.gds,/tmp/banyancode/gds-renders/FlowGuard-recovery__results__primary-flowguard_raw-v1__runs__trial_primary-flowguard_raw-cand_015__final__mag_gds__tt_um_flowguard_stress.magic.gds.png,2284710,45078,1000,312,success,
/home/ubuntu/FlowGuard-recovery/results/primary-flowguard_raw-v1/runs/trial_primary-flowguard_raw-cand_015/final/klayout_gds/tt_um_flowguard_stress.klayout.gds,/tmp/banyancode/gds-renders/FlowGuard-recovery__results__primary-flowguard_raw-v1__runs__trial_primary-flowguard_raw-cand_015__final__klayout_gds__tt_um_flowguard_stress.klayout.gds.png,1390658,45788,1000,312,success,
/home/ubuntu/FlowGuard-recovery/results/primary-flowguard_raw-v1/runs/trial_primary-flowguard_raw-cand_016/final/gds/tt_um_flowguard_stress.gds,/tmp/banyancode/gds-renders/FlowGuard-recovery__results__primary-flowguard_raw-v1__runs__trial_primary-flowguard_raw-cand_016__final__gds__tt_um_flowguard_stress.gds.png,2173556,45177,1000,312,success,
/home/ubuntu/FlowGuard-recovery/results/primary-flowguard_raw-v1/runs/trial_primary-flowguard_raw-cand_016/final/mag_gds/tt_um_flowguard_stress.magic.gds,/tmp/banyancode/gds-renders/FlowGuard-recovery__results__primary-flowguard_raw-v1__runs__trial_primary-flowguard_raw-cand_016__final__mag_gds__tt_um_flowguard_stress.magic.gds.png,2173556,45177,1000,312,success,
/home/ubuntu/FlowGuard-recovery/results/primary-flowguard_raw-v1/runs/trial_primary-flowguard_raw-cand_016/final/klayout_gds/tt_um_flowguard_stress.klayout.gds,/tmp/banyancode/gds-renders/FlowGuard-recovery__results__primary-flowguard_raw-v1__runs__trial_primary-flowguard_raw-cand_016__final__klayout_gds__tt_um_flowguard_stress.klayout.gds.png,1293230,46542,1000,312,success,
/home/ubuntu/FlowGuard-recovery/results/primary-flowguard_raw-v1/runs/trial_primary-flowguard_raw-cand_017/final/gds/tt_um_flowguard_stress.gds,/tmp/banyancode/gds-renders/FlowGuard-recovery__results__primary-flowguard_raw-v1__runs__trial_primary-flowguard_raw-cand_017__final__gds__tt_um_flowguard_stress.gds.png,2180706,45033,1000,312,success,
/home/ubuntu/FlowGuard-recovery/results/primary-flowguard_raw-v1/runs/trial_primary-flowguard_raw-cand_017/final/mag_gds/tt_um_flowguard_stress.magic.gds,/tmp/banyancode/gds-renders/FlowGuard-recovery__results__primary-flowguard_raw-v1__runs__trial_primary-flowguard_raw-cand_017__final__mag_gds__tt_um_flowguard_stress.magic.gds.png,2180706,45033,1000,312,success,
/home/ubuntu/FlowGuard-recovery/results/primary-flowguard_raw-v1/runs/trial_primary-flowguard_raw-cand_017/final/klayout_gds/tt_um_flowguard_stress.klayout.gds,/tmp/banyancode/gds-renders/FlowGuard-recovery__results__primary-flowguard_raw-v1__runs__trial_primary-flowguard_raw-cand_017__final__klayout_gds__tt_um_flowguard_stress.klayout.gds.png,1299506,46285,1000,312,success,
/home/ubuntu/FlowGuard-recovery/results/primary-flowguard_raw-v1/runs/trial_primary-flowguard_raw-cand_019/final/gds/tt_um_flowguard_stress.gds,/tmp/banyancode/gds-renders/FlowGuard-recovery__results__primary-flowguard_raw-v1__runs__trial_primary-flowguard_raw-cand_019__final__gds__tt_um_flowguard_stress.gds.png,2283590,45822,1000,312,success,
/home/ubuntu/FlowGuard-recovery/results/primary-flowguard_raw-v1/runs/trial_primary-flowguard_raw-cand_019/final/mag_gds/tt_um_flowguard_stress.magic.gds,/tmp/banyancode/gds-renders/FlowGuard-recovery__results__primary-flowguard_raw-v1__runs__trial_primary-flowguard_raw-cand_019__final__mag_gds__tt_um_flowguard_stress.magic.gds.png,2283590,45822,1000,312,success,
/home/ubuntu/FlowGuard-recovery/results/primary-flowguard_raw-v1/runs/trial_primary-flowguard_raw-cand_019/final/klayout_gds/tt_um_flowguard_stress.klayout.gds,/tmp/banyancode/gds-renders/FlowGuard-recovery__results__primary-flowguard_raw-v1__runs__trial_primary-flowguard_raw-cand_019__final__klayout_gds__tt_um_flowguard_stress.klayout.gds.png,1387508,46488,1000,312,success,
/home/ubuntu/FlowGuard-recovery/results/primary-flowguard_raw-v1/runs/trial_primary-flowguard_raw-cand_022/final/gds/tt_um_flowguard_stress.gds,/tmp/banyancode/gds-renders/FlowGuard-recovery__results__primary-flowguard_raw-v1__runs__trial_primary-flowguard_raw-cand_022__final__gds__tt_um_flowguard_stress.gds.png,2204396,44989,1000,312,success,
/home/ubuntu/FlowGuard-recovery/results/primary-flowguard_raw-v1/runs/trial_primary-flowguard_raw-cand_022/final/mag_gds/tt_um_flowguard_stress.magic.gds,/tmp/banyancode/gds-renders/FlowGuard-recovery__results__primary-flowguard_raw-v1__runs__trial_primary-flowguard_raw-cand_022__final__mag_gds__tt_um_flowguard_stress.magic.gds.png,2204396,44989,1000,312,success,
/home/ubuntu/FlowGuard-recovery/results/primary-flowguard_raw-v1/runs/trial_primary-flowguard_raw-cand_022/final/klayout_gds/tt_um_flowguard_stress.klayout.gds,/tmp/banyancode/gds-renders/FlowGuard-recovery__results__primary-flowguard_raw-v1__runs__trial_primary-flowguard_raw-cand_022__final__klayout_gds__tt_um_flowguard_stress.klayout.gds.png,1322690,46584,1000,312,success,
/home/ubuntu/FlowGuard-recovery/results/primary-flowguard_raw-v1/runs/trial_primary-flowguard_raw-cand_025/final/gds/tt_um_flowguard_stress.gds,/tmp/banyancode/gds-renders/FlowGuard-recovery__results__primary-flowguard_raw-v1__runs__trial_primary-flowguard_raw-cand_025__final__gds__tt_um_flowguard_stress.gds.png,2287246,45295,1000,312,success,
/home/ubuntu/FlowGuard-recovery/results/primary-flowguard_raw-v1/runs/trial_primary-flowguard_raw-cand_025/final/mag_gds/tt_um_flowguard_stress.magic.gds,/tmp/banyancode/gds-renders/FlowGuard-recovery__results__primary-flowguard_raw-v1__runs__trial_primary-flowguard_raw-cand_025__final__mag_gds__tt_um_flowguard_stress.magic.gds.png,2287246,45295,1000,312,success,
/home/ubuntu/FlowGuard-recovery/results/primary-flowguard_raw-v1/runs/trial_primary-flowguard_raw-cand_025/final/klayout_gds/tt_um_flowguard_stress.klayout.gds,/tmp/banyancode/gds-renders/FlowGuard-recovery__results__primary-flowguard_raw-v1__runs__trial_primary-flowguard_raw-cand_025__final__klayout_gds__tt_um_flowguard_stress.klayout.gds.png,1389556,47225,1000,312,success,
/home/ubuntu/FlowGuard-recovery/results/primary-flowguard_raw-v1/runs/trial_primary-flowguard_raw-cand_026/final/gds/tt_um_flowguard_stress.gds,/tmp/banyancode/gds-renders/FlowGuard-recovery__results__primary-flowguard_raw-v1__runs__trial_primary-flowguard_raw-cand_026__final__gds__tt_um_flowguard_stress.gds.png,2180706,45033,1000,312,success,
/home/ubuntu/FlowGuard-recovery/results/primary-flowguard_raw-v1/runs/trial_primary-flowguard_raw-cand_026/final/mag_gds/tt_um_flowguard_stress.magic.gds,/tmp/banyancode/gds-renders/FlowGuard-recovery__results__primary-flowguard_raw-v1__runs__trial_primary-flowguard_raw-cand_026__final__mag_gds__tt_um_flowguard_stress.magic.gds.png,2180706,45033,1000,312,success,
/home/ubuntu/FlowGuard-recovery/results/primary-flowguard_raw-v1/runs/trial_primary-flowguard_raw-cand_026/final/klayout_gds/tt_um_flowguard_stress.klayout.gds,/tmp/banyancode/gds-renders/FlowGuard-recovery__results__primary-flowguard_raw-v1__runs__trial_primary-flowguard_raw-cand_026__final__klayout_gds__tt_um_flowguard_stress.klayout.gds.png,1299506,46285,1000,312,success,
/home/ubuntu/FlowGuard-recovery/results/primary-flowguard_raw-v1/runs/trial_primary-flowguard_raw-cand_027/final/gds/tt_um_flowguard_stress.gds,/tmp/banyancode/gds-renders/FlowGuard-recovery__results__primary-flowguard_raw-v1__runs__trial_primary-flowguard_raw-cand_027__final__gds__tt_um_flowguard_stress.gds.png,2181482,44659,1000,312,success,
/home/ubuntu/FlowGuard-recovery/results/primary-flowguard_raw-v1/runs/trial_primary-flowguard_raw-cand_027/final/mag_gds/tt_um_flowguard_stress.magic.gds,/tmp/banyancode/gds-renders/FlowGuard-recovery__results__primary-flowguard_raw-v1__runs__trial_primary-flowguard_raw-cand_027__final__mag_gds__tt_um_flowguard_stress.magic.gds.png,2181482,44659,1000,312,success,
/home/ubuntu/FlowGuard-recovery/results/primary-flowguard_raw-v1/runs/trial_primary-flowguard_raw-cand_027/final/klayout_gds/tt_um_flowguard_stress.klayout.gds,/tmp/banyancode/gds-renders/FlowGuard-recovery__results__primary-flowguard_raw-v1__runs__trial_primary-flowguard_raw-cand_027__final__klayout_gds__tt_um_flowguard_stress.klayout.gds.png,1304198,45906,1000,312,success,
/home/ubuntu/FlowGuard-recovery/results/primary-flowguard_raw-v1/runs/trial_primary-flowguard_raw-cand_031/final/gds/tt_um_flowguard_stress.gds,/tmp/banyancode/gds-renders/FlowGuard-recovery__results__primary-flowguard_raw-v1__runs__trial_primary-flowguard_raw-cand_031__final__gds__tt_um_flowguard_stress.gds.png,2173556,45177,1000,312,success,
/home/ubuntu/FlowGuard-recovery/results/primary-flowguard_raw-v1/runs/trial_primary-flowguard_raw-cand_031/final/mag_gds/tt_um_flowguard_stress.magic.gds,/tmp/banyancode/gds-renders/FlowGuard-recovery__results__primary-flowguard_raw-v1__runs__trial_primary-flowguard_raw-cand_031__final__mag_gds__tt_um_flowguard_stress.magic.gds.png,2173556,45177,1000,312,success,
/home/ubuntu/FlowGuard-recovery/results/primary-flowguard_raw-v1/runs/trial_primary-flowguard_raw-cand_031/final/klayout_gds/tt_um_flowguard_stress.klayout.gds,/tmp/banyancode/gds-renders/FlowGuard-recovery__results__primary-flowguard_raw-v1__runs__trial_primary-flowguard_raw-cand_031__final__klayout_gds__tt_um_flowguard_stress.klayout.gds.png,1293230,46542,1000,312,success,
/home/ubuntu/FlowGuard-recovery/results/primary-flowguard_raw-v1/runs/trial_primary-flowguard_raw-cand_037/final/gds/tt_um_flowguard_stress.gds,/tmp/banyancode/gds-renders/FlowGuard-recovery__results__primary-flowguard_raw-v1__runs__trial_primary-flowguard_raw-cand_037__final__gds__tt_um_flowguard_stress.gds.png,2285440,44872,1000,312,success,
/home/ubuntu/FlowGuard-recovery/results/primary-flowguard_raw-v1/runs/trial_primary-flowguard_raw-cand_037/final/mag_gds/tt_um_flowguard_stress.magic.gds,/tmp/banyancode/gds-renders/FlowGuard-recovery__results__primary-flowguard_raw-v1__runs__trial_primary-flowguard_raw-cand_037__final__mag_gds__tt_um_flowguard_stress.magic.gds.png,2285440,44872,1000,312,success,
/home/ubuntu/FlowGuard-recovery/results/primary-flowguard_raw-v1/runs/trial_primary-flowguard_raw-cand_037/final/klayout_gds/tt_um_flowguard_stress.klayout.gds,/tmp/banyancode/gds-renders/FlowGuard-recovery__results__primary-flowguard_raw-v1__runs__trial_primary-flowguard_raw-cand_037__final__klayout_gds__tt_um_flowguard_stress.klayout.gds.png,1386200,46938,1000,312,success,
/home/ubuntu/FlowGuard-recovery/results/primary-flowguard_raw-v1/runs/trial_primary-flowguard_raw-cand_047/final/gds/tt_um_flowguard_stress.gds,/tmp/banyancode/gds-renders/FlowGuard-recovery__results__primary-flowguard_raw-v1__runs__trial_primary-flowguard_raw-cand_047__final__gds__tt_um_flowguard_stress.gds.png,2284710,45078,1000,312,success,
/home/ubuntu/FlowGuard-recovery/results/primary-flowguard_raw-v1/runs/trial_primary-flowguard_raw-cand_047/final/mag_gds/tt_um_flowguard_stress.magic.gds,/tmp/banyancode/gds-renders/FlowGuard-recovery__results__primary-flowguard_raw-v1__runs__trial_primary-flowguard_raw-cand_047__final__mag_gds__tt_um_flowguard_stress.magic.gds.png,2284710,45078,1000,312,success,
/home/ubuntu/FlowGuard-recovery/results/primary-flowguard_raw-v1/runs/trial_primary-flowguard_raw-cand_047/final/klayout_gds/tt_um_flowguard_stress.klayout.gds,/tmp/banyancode/gds-renders/FlowGuard-recovery__results__primary-flowguard_raw-v1__runs__trial_primary-flowguard_raw-cand_047__final__klayout_gds__tt_um_flowguard_stress.klayout.gds.png,1390658,45788,1000,312,success,
/home/ubuntu/FlowGuard-recovery/results/primary-flowguard_raw-v1/runs/trial_primary-flowguard_raw-cand_053/final/gds/tt_um_flowguard_stress.gds,/tmp/banyancode/gds-renders/FlowGuard-recovery__results__primary-flowguard_raw-v1__runs__trial_primary-flowguard_raw-cand_053__final__gds__tt_um_flowguard_stress.gds.png,2272756,44007,1000,312,success,
/home/ubuntu/FlowGuard-recovery/results/primary-flowguard_raw-v1/runs/trial_primary-flowguard_raw-cand_053/final/mag_gds/tt_um_flowguard_stress.magic.gds,/tmp/banyancode/gds-renders/FlowGuard-recovery__results__primary-flowguard_raw-v1__runs__trial_primary-flowguard_raw-cand_053__final__mag_gds__tt_um_flowguard_stress.magic.gds.png,2272756,44007,1000,312,success,
/home/ubuntu/FlowGuard-recovery/results/primary-flowguard_raw-v1/runs/trial_primary-flowguard_raw-cand_053/final/klayout_gds/tt_um_flowguard_stress.klayout.gds,/tmp/banyancode/gds-renders/FlowGuard-recovery__results__primary-flowguard_raw-v1__runs__trial_primary-flowguard_raw-cand_053__final__klayout_gds__tt_um_flowguard_stress.klayout.gds.png,1378100,46949,1000,312,success,
/home/ubuntu/FlowGuard-recovery/results/primary-flowguard_raw-v1/runs/trial_primary-flowguard_raw-cand_056/final/gds/tt_um_flowguard_stress.gds,/tmp/banyancode/gds-renders/FlowGuard-recovery__results__primary-flowguard_raw-v1__runs__trial_primary-flowguard_raw-cand_056__final__gds__tt_um_flowguard_stress.gds.png,2181482,44659,1000,312,success,
/home/ubuntu/FlowGuard-recovery/results/primary-flowguard_raw-v1/runs/trial_primary-flowguard_raw-cand_056/final/mag_gds/tt_um_flowguard_stress.magic.gds,/tmp/banyancode/gds-renders/FlowGuard-recovery__results__primary-flowguard_raw-v1__runs__trial_primary-flowguard_raw-cand_056__final__mag_gds__tt_um_flowguard_stress.magic.gds.png,2181482,44659,1000,312,success,
/home/ubuntu/FlowGuard-recovery/results/primary-flowguard_raw-v1/runs/trial_primary-flowguard_raw-cand_056/final/klayout_gds/tt_um_flowguard_stress.klayout.gds,/tmp/banyancode/gds-renders/FlowGuard-recovery__results__primary-flowguard_raw-v1__runs__trial_primary-flowguard_raw-cand_056__final__klayout_gds__tt_um_flowguard_stress.klayout.gds.png,1304198,45906,1000,312,success,
/home/ubuntu/FlowGuard-recovery/results/primary-flowguard_raw-v1/runs/trial_primary-flowguard_raw-cand_063/final/gds/tt_um_flowguard_stress.gds,/tmp/banyancode/gds-renders/FlowGuard-recovery__results__primary-flowguard_raw-v1__runs__trial_primary-flowguard_raw-cand_063__final__gds__tt_um_flowguard_stress.gds.png,2283150,45102,1000,312,success,
/home/ubuntu/FlowGuard-recovery/results/primary-flowguard_raw-v1/runs/trial_primary-flowguard_raw-cand_063/final/mag_gds/tt_um_flowguard_stress.magic.gds,/tmp/banyancode/gds-renders/FlowGuard-recovery__results__primary-flowguard_raw-v1__runs__trial_primary-flowguard_raw-cand_063__final__mag_gds__tt_um_flowguard_stress.magic.gds.png,2283150,45102,1000,312,success,
/home/ubuntu/FlowGuard-recovery/results/primary-flowguard_raw-v1/runs/trial_primary-flowguard_raw-cand_063/final/klayout_gds/tt_um_flowguard_stress.klayout.gds,/tmp/banyancode/gds-renders/FlowGuard-recovery__results__primary-flowguard_raw-v1__runs__trial_primary-flowguard_raw-cand_063__final__klayout_gds__tt_um_flowguard_stress.klayout.gds.png,1386752,46123,1000,312,success,
/home/ubuntu/FlowGuard-recovery/results/primary-init-v1/runs/trial_primary-random-cand_000/final/gds/tt_um_flowguard_stress.gds,/tmp/banyancode/gds-renders/FlowGuard-recovery__results__primary-init-v1__runs__trial_primary-random-cand_000__final__gds__tt_um_flowguard_stress.gds.png,2284710,45078,1000,312,success,
/home/ubuntu/FlowGuard-recovery/results/primary-init-v1/runs/trial_primary-random-cand_000/final/mag_gds/tt_um_flowguard_stress.magic.gds,/tmp/banyancode/gds-renders/FlowGuard-recovery__results__primary-init-v1__runs__trial_primary-random-cand_000__final__mag_gds__tt_um_flowguard_stress.magic.gds.png,2284710,45078,1000,312,success,
/home/ubuntu/FlowGuard-recovery/results/primary-init-v1/runs/trial_primary-random-cand_000/final/klayout_gds/tt_um_flowguard_stress.klayout.gds,/tmp/banyancode/gds-renders/FlowGuard-recovery__results__primary-init-v1__runs__trial_primary-random-cand_000__final__klayout_gds__tt_um_flowguard_stress.klayout.gds.png,1390658,45788,1000,312,success,
/home/ubuntu/FlowGuard-recovery/results/primary-init-v1/runs/trial_primary-random-cand_001/final/gds/tt_um_flowguard_stress.gds,/tmp/banyancode/gds-renders/FlowGuard-recovery__results__primary-init-v1__runs__trial_primary-random-cand_001__final__gds__tt_um_flowguard_stress.gds.png,2283776,44641,1000,312,success,
/home/ubuntu/FlowGuard-recovery/results/primary-init-v1/runs/trial_primary-random-cand_001/final/mag_gds/tt_um_flowguard_stress.magic.gds,/tmp/banyancode/gds-renders/FlowGuard-recovery__results__primary-init-v1__runs__trial_primary-random-cand_001__final__mag_gds__tt_um_flowguard_stress.magic.gds.png,2283776,44641,1000,312,success,
/home/ubuntu/FlowGuard-recovery/results/primary-init-v1/runs/trial_primary-random-cand_001/final/klayout_gds/tt_um_flowguard_stress.klayout.gds,/tmp/banyancode/gds-renders/FlowGuard-recovery__results__primary-init-v1__runs__trial_primary-random-cand_001__final__klayout_gds__tt_um_flowguard_stress.klayout.gds.png,1385500,46454,1000,312,success,
/home/ubuntu/FlowGuard-recovery/results/primary-init-v1/runs/trial_primary-random-cand_002/final/gds/tt_um_flowguard_stress.gds,/tmp/banyancode/gds-renders/FlowGuard-recovery__results__primary-init-v1__runs__trial_primary-random-cand_002__final__gds__tt_um_flowguard_stress.gds.png,2283150,45102,1000,312,success,
/home/ubuntu/FlowGuard-recovery/results/primary-init-v1/runs/trial_primary-random-cand_002/final/mag_gds/tt_um_flowguard_stress.magic.gds,/tmp/banyancode/gds-renders/FlowGuard-recovery__results__primary-init-v1__runs__trial_primary-random-cand_002__final__mag_gds__tt_um_flowguard_stress.magic.gds.png,2283150,45102,1000,312,success,
/home/ubuntu/FlowGuard-recovery/results/primary-init-v1/runs/trial_primary-random-cand_002/final/klayout_gds/tt_um_flowguard_stress.klayout.gds,/tmp/banyancode/gds-renders/FlowGuard-recovery__results__primary-init-v1__runs__trial_primary-random-cand_002__final__klayout_gds__tt_um_flowguard_stress.klayout.gds.png,1386752,46123,1000,312,success,
/home/ubuntu/FlowGuard-recovery/results/primary-init-v1/runs/trial_primary-random-cand_003/final/gds/tt_um_flowguard_stress.gds,/tmp/banyancode/gds-renders/FlowGuard-recovery__results__primary-init-v1__runs__trial_primary-random-cand_003__final__gds__tt_um_flowguard_stress.gds.png,2277334,45725,1000,312,success,
/home/ubuntu/FlowGuard-recovery/results/primary-init-v1/runs/trial_primary-random-cand_003/final/mag_gds/tt_um_flowguard_stress.magic.gds,/tmp/banyancode/gds-renders/FlowGuard-recovery__results__primary-init-v1__runs__trial_primary-random-cand_003__final__mag_gds__tt_um_flowguard_stress.magic.gds.png,2277334,45725,1000,312,success,
/home/ubuntu/FlowGuard-recovery/results/primary-init-v1/runs/trial_primary-random-cand_003/final/klayout_gds/tt_um_flowguard_stress.klayout.gds,/tmp/banyancode/gds-renders/FlowGuard-recovery__results__primary-init-v1__runs__trial_primary-random-cand_003__final__klayout_gds__tt_um_flowguard_stress.klayout.gds.png,1381216,46589,1000,312,success,
/home/ubuntu/FlowGuard-recovery/results/primary-init-v1/runs/trial_primary-random-cand_004/final/gds/tt_um_flowguard_stress.gds,/tmp/banyancode/gds-renders/FlowGuard-recovery__results__primary-init-v1__runs__trial_primary-random-cand_004__final__gds__tt_um_flowguard_stress.gds.png,2268900,44027,1000,312,success,
/home/ubuntu/FlowGuard-recovery/results/primary-init-v1/runs/trial_primary-random-cand_004/final/mag_gds/tt_um_flowguard_stress.magic.gds,/tmp/banyancode/gds-renders/FlowGuard-recovery__results__primary-init-v1__runs__trial_primary-random-cand_004__final__mag_gds__tt_um_flowguard_stress.magic.gds.png,2268900,44027,1000,312,success,
/home/ubuntu/FlowGuard-recovery/results/primary-init-v1/runs/trial_primary-random-cand_004/final/klayout_gds/tt_um_flowguard_stress.klayout.gds,/tmp/banyancode/gds-renders/FlowGuard-recovery__results__primary-init-v1__runs__trial_primary-random-cand_004__final__klayout_gds__tt_um_flowguard_stress.klayout.gds.png,1372198,47076,1000,312,success,
/home/ubuntu/FlowGuard-recovery/results/primary-init-v1/runs/trial_primary-random-cand_005/final/gds/tt_um_flowguard_stress.gds,/tmp/banyancode/gds-renders/FlowGuard-recovery__results__primary-init-v1__runs__trial_primary-random-cand_005__final__gds__tt_um_flowguard_stress.gds.png,2204142,45185,1000,312,success,
/home/ubuntu/FlowGuard-recovery/results/primary-init-v1/runs/trial_primary-random-cand_005/final/mag_gds/tt_um_flowguard_stress.magic.gds,/tmp/banyancode/gds-renders/FlowGuard-recovery__results__primary-init-v1__runs__trial_primary-random-cand_005__final__mag_gds__tt_um_flowguard_stress.magic.gds.png,2204142,45185,1000,312,success,
/home/ubuntu/FlowGuard-recovery/results/primary-init-v1/runs/trial_primary-random-cand_005/final/klayout_gds/tt_um_flowguard_stress.klayout.gds,/tmp/banyancode/gds-renders/FlowGuard-recovery__results__primary-init-v1__runs__trial_primary-random-cand_005__final__klayout_gds__tt_um_flowguard_stress.klayout.gds.png,1324608,46993,1000,312,success,
/home/ubuntu/FlowGuard-recovery/results/primary-init-v1/runs/trial_primary-random-cand_006/final/gds/tt_um_flowguard_stress.gds,/tmp/banyancode/gds-renders/FlowGuard-recovery__results__primary-init-v1__runs__trial_primary-random-cand_006__final__gds__tt_um_flowguard_stress.gds.png,2277334,45725,1000,312,success,
/home/ubuntu/FlowGuard-recovery/results/primary-init-v1/runs/trial_primary-random-cand_006/final/mag_gds/tt_um_flowguard_stress.magic.gds,/tmp/banyancode/gds-renders/FlowGuard-recovery__results__primary-init-v1__runs__trial_primary-random-cand_006__final__mag_gds__tt_um_flowguard_stress.magic.gds.png,2277334,45725,1000,312,success,
/home/ubuntu/FlowGuard-recovery/results/primary-init-v1/runs/trial_primary-random-cand_006/final/klayout_gds/tt_um_flowguard_stress.klayout.gds,/tmp/banyancode/gds-renders/FlowGuard-recovery__results__primary-init-v1__runs__trial_primary-random-cand_006__final__klayout_gds__tt_um_flowguard_stress.klayout.gds.png,1381216,46589,1000,312,success,
/home/ubuntu/FlowGuard-recovery/results/primary-init-v1/runs/trial_primary-random-cand_007/final/gds/tt_um_flowguard_stress.gds,/tmp/banyancode/gds-renders/FlowGuard-recovery__results__primary-init-v1__runs__trial_primary-random-cand_007__final__gds__tt_um_flowguard_stress.gds.png,2285000,44807,1000,312,success,
/home/ubuntu/FlowGuard-recovery/results/primary-init-v1/runs/trial_primary-random-cand_007/final/mag_gds/tt_um_flowguard_stress.magic.gds,/tmp/banyancode/gds-renders/FlowGuard-recovery__results__primary-init-v1__runs__trial_primary-random-cand_007__final__mag_gds__tt_um_flowguard_stress.magic.gds.png,2285000,44807,1000,312,success,
/home/ubuntu/FlowGuard-recovery/results/primary-init-v1/runs/trial_primary-random-cand_007/final/klayout_gds/tt_um_flowguard_stress.klayout.gds,/tmp/banyancode/gds-renders/FlowGuard-recovery__results__primary-init-v1__runs__trial_primary-random-cand_007__final__klayout_gds__tt_um_flowguard_stress.klayout.gds.png,1385752,46218,1000,312,success,
/home/ubuntu/FlowGuard-recovery/results/primary-optuna_tpe-v1/runs/trial_primary-optuna_tpe-cand_012/final/gds/tt_um_flowguard_stress.gds,/tmp/banyancode/gds-renders/FlowGuard-recovery__results__primary-optuna_tpe-v1__runs__trial_primary-optuna_tpe-cand_012__final__gds__tt_um_flowguard_stress.gds.png,2176858,44664,1000,312,success,
/home/ubuntu/FlowGuard-recovery/results/primary-optuna_tpe-v1/runs/trial_primary-optuna_tpe-cand_012/final/mag_gds/tt_um_flowguard_stress.magic.gds,/tmp/banyancode/gds-renders/FlowGuard-recovery__results__primary-optuna_tpe-v1__runs__trial_primary-optuna_tpe-cand_012__final__mag_gds__tt_um_flowguard_stress.magic.gds.png,2176858,44664,1000,312,success,
/home/ubuntu/FlowGuard-recovery/results/primary-optuna_tpe-v1/runs/trial_primary-optuna_tpe-cand_012/final/klayout_gds/tt_um_flowguard_stress.klayout.gds,/tmp/banyancode/gds-renders/FlowGuard-recovery__results__primary-optuna_tpe-v1__runs__trial_primary-optuna_tpe-cand_012__final__klayout_gds__tt_um_flowguard_stress.klayout.gds.png,1302266,46061,1000,312,success,
/home/ubuntu/FlowGuard-recovery/results/primary-optuna_tpe-v1/runs/trial_primary-optuna_tpe-cand_014/final/gds/tt_um_flowguard_stress.gds,/tmp/banyancode/gds-renders/FlowGuard-recovery__results__primary-optuna_tpe-v1__runs__trial_primary-optuna_tpe-cand_014__final__gds__tt_um_flowguard_stress.gds.png,2173556,45177,1000,312,success,
/home/ubuntu/FlowGuard-recovery/results/primary-optuna_tpe-v1/runs/trial_primary-optuna_tpe-cand_014/final/mag_gds/tt_um_flowguard_stress.magic.gds,/tmp/banyancode/gds-renders/FlowGuard-recovery__results__primary-optuna_tpe-v1__runs__trial_primary-optuna_tpe-cand_014__final__mag_gds__tt_um_flowguard_stress.magic.gds.png,2173556,45177,1000,312,success,
/home/ubuntu/FlowGuard-recovery/results/primary-optuna_tpe-v1/runs/trial_primary-optuna_tpe-cand_014/final/klayout_gds/tt_um_flowguard_stress.klayout.gds,/tmp/banyancode/gds-renders/FlowGuard-recovery__results__primary-optuna_tpe-v1__runs__trial_primary-optuna_tpe-cand_014__final__klayout_gds__tt_um_flowguard_stress.klayout.gds.png,1293230,46542,1000,312,success,
/home/ubuntu/FlowGuard-recovery/results/primary-optuna_tpe-v1/runs/trial_primary-optuna_tpe-cand_017/final/gds/tt_um_flowguard_stress.gds,/tmp/banyancode/gds-renders/FlowGuard-recovery__results__primary-optuna_tpe-v1__runs__trial_primary-optuna_tpe-cand_017__final__gds__tt_um_flowguard_stress.gds.png,2180706,45033,1000,312,success,
/home/ubuntu/FlowGuard-recovery/results/primary-optuna_tpe-v1/runs/trial_primary-optuna_tpe-cand_017/final/mag_gds/tt_um_flowguard_stress.magic.gds,/tmp/banyancode/gds-renders/FlowGuard-recovery__results__primary-optuna_tpe-v1__runs__trial_primary-optuna_tpe-cand_017__final__mag_gds__tt_um_flowguard_stress.magic.gds.png,2180706,45033,1000,312,success,
/home/ubuntu/FlowGuard-recovery/results/primary-optuna_tpe-v1/runs/trial_primary-optuna_tpe-cand_017/final/klayout_gds/tt_um_flowguard_stress.klayout.gds,/tmp/banyancode/gds-renders/FlowGuard-recovery__results__primary-optuna_tpe-v1__runs__trial_primary-optuna_tpe-cand_017__final__klayout_gds__tt_um_flowguard_stress.klayout.gds.png,1299506,46285,1000,312,success,
/home/ubuntu/FlowGuard-recovery/results/primary-optuna_tpe-v1/runs/trial_primary-optuna_tpe-cand_019/final/gds/tt_um_flowguard_stress.gds,/tmp/banyancode/gds-renders/FlowGuard-recovery__results__primary-optuna_tpe-v1__runs__trial_primary-optuna_tpe-cand_019__final__gds__tt_um_flowguard_stress.gds.png,2283590,45822,1000,312,success,
/home/ubuntu/FlowGuard-recovery/results/primary-optuna_tpe-v1/runs/trial_primary-optuna_tpe-cand_019/final/mag_gds/tt_um_flowguard_stress.magic.gds,/tmp/banyancode/gds-renders/FlowGuard-recovery__results__primary-optuna_tpe-v1__runs__trial_primary-optuna_tpe-cand_019__final__mag_gds__tt_um_flowguard_stress.magic.gds.png,2283590,45822,1000,312,success,
/home/ubuntu/FlowGuard-recovery/results/primary-optuna_tpe-v1/runs/trial_primary-optuna_tpe-cand_019/final/klayout_gds/tt_um_flowguard_stress.klayout.gds,/tmp/banyancode/gds-renders/FlowGuard-recovery__results__primary-optuna_tpe-v1__runs__trial_primary-optuna_tpe-cand_019__final__klayout_gds__tt_um_flowguard_stress.klayout.gds.png,1387508,46488,1000,312,success,
/home/ubuntu/FlowGuard-recovery/results/primary-optuna_tpe-v1/runs/trial_primary-optuna_tpe-cand_021/final/gds/tt_um_flowguard_stress.gds,/tmp/banyancode/gds-renders/FlowGuard-recovery__results__primary-optuna_tpe-v1__runs__trial_primary-optuna_tpe-cand_021__final__gds__tt_um_flowguard_stress.gds.png,2208790,44529,1000,312,success,
/home/ubuntu/FlowGuard-recovery/results/primary-optuna_tpe-v1/runs/trial_primary-optuna_tpe-cand_021/final/mag_gds/tt_um_flowguard_stress.magic.gds,/tmp/banyancode/gds-renders/FlowGuard-recovery__results__primary-optuna_tpe-v1__runs__trial_primary-optuna_tpe-cand_021__final__mag_gds__tt_um_flowguard_stress.magic.gds.png,2208790,44529,1000,312,success,
/home/ubuntu/FlowGuard-recovery/results/primary-optuna_tpe-v1/runs/trial_primary-optuna_tpe-cand_021/final/klayout_gds/tt_um_flowguard_stress.klayout.gds,/tmp/banyancode/gds-renders/FlowGuard-recovery__results__primary-optuna_tpe-v1__runs__trial_primary-optuna_tpe-cand_021__final__klayout_gds__tt_um_flowguard_stress.klayout.gds.png,1328324,46338,1000,312,success,
/home/ubuntu/FlowGuard-recovery/results/primary-optuna_tpe-v1/runs/trial_primary-optuna_tpe-cand_024/final/gds/tt_um_flowguard_stress.gds,/tmp/banyancode/gds-renders/FlowGuard-recovery__results__primary-optuna_tpe-v1__runs__trial_primary-optuna_tpe-cand_024__final__gds__tt_um_flowguard_stress.gds.png,2293102,45404,1000,312,success,
/home/ubuntu/FlowGuard-recovery/results/primary-optuna_tpe-v1/runs/trial_primary-optuna_tpe-cand_024/final/mag_gds/tt_um_flowguard_stress.magic.gds,/tmp/banyancode/gds-renders/FlowGuard-recovery__results__primary-optuna_tpe-v1__runs__trial_primary-optuna_tpe-cand_024__final__mag_gds__tt_um_flowguard_stress.magic.gds.png,2293102,45404,1000,312,success,
/home/ubuntu/FlowGuard-recovery/results/primary-optuna_tpe-v1/runs/trial_primary-optuna_tpe-cand_024/final/klayout_gds/tt_um_flowguard_stress.klayout.gds,/tmp/banyancode/gds-renders/FlowGuard-recovery__results__primary-optuna_tpe-v1__runs__trial_primary-optuna_tpe-cand_024__final__klayout_gds__tt_um_flowguard_stress.klayout.gds.png,1394978,47152,1000,312,success,
/home/ubuntu/FlowGuard-recovery/results/primary-optuna_tpe-v1/runs/trial_primary-optuna_tpe-cand_026/final/gds/tt_um_flowguard_stress.gds,/tmp/banyancode/gds-renders/FlowGuard-recovery__results__primary-optuna_tpe-v1__runs__trial_primary-optuna_tpe-cand_026__final__gds__tt_um_flowguard_stress.gds.png,2180706,45033,1000,312,success,
/home/ubuntu/FlowGuard-recovery/results/primary-optuna_tpe-v1/runs/trial_primary-optuna_tpe-cand_026/final/mag_gds/tt_um_flowguard_stress.magic.gds,/tmp/banyancode/gds-renders/FlowGuard-recovery__results__primary-optuna_tpe-v1__runs__trial_primary-optuna_tpe-cand_026__final__mag_gds__tt_um_flowguard_stress.magic.gds.png,2180706,45033,1000,312,success,
/home/ubuntu/FlowGuard-recovery/results/primary-optuna_tpe-v1/runs/trial_primary-optuna_tpe-cand_026/final/klayout_gds/tt_um_flowguard_stress.klayout.gds,/tmp/banyancode/gds-renders/FlowGuard-recovery__results__primary-optuna_tpe-v1__runs__trial_primary-optuna_tpe-cand_026__final__klayout_gds__tt_um_flowguard_stress.klayout.gds.png,1299506,46285,1000,312,success,
/home/ubuntu/FlowGuard-recovery/results/primary-optuna_tpe-v1/runs/trial_primary-optuna_tpe-cand_027/final/gds/tt_um_flowguard_stress.gds,/tmp/banyancode/gds-renders/FlowGuard-recovery__results__primary-optuna_tpe-v1__runs__trial_primary-optuna_tpe-cand_027__final__gds__tt_um_flowguard_stress.gds.png,2181482,44659,1000,312,success,
/home/ubuntu/FlowGuard-recovery/results/primary-optuna_tpe-v1/runs/trial_primary-optuna_tpe-cand_027/final/mag_gds/tt_um_flowguard_stress.magic.gds,/tmp/banyancode/gds-renders/FlowGuard-recovery__results__primary-optuna_tpe-v1__runs__trial_primary-optuna_tpe-cand_027__final__mag_gds__tt_um_flowguard_stress.magic.gds.png,2181482,44659,1000,312,success,
/home/ubuntu/FlowGuard-recovery/results/primary-optuna_tpe-v1/runs/trial_primary-optuna_tpe-cand_027/final/klayout_gds/tt_um_flowguard_stress.klayout.gds,/tmp/banyancode/gds-renders/FlowGuard-recovery__results__primary-optuna_tpe-v1__runs__trial_primary-optuna_tpe-cand_027__final__klayout_gds__tt_um_flowguard_stress.klayout.gds.png,1304198,45906,1000,312,success,
/home/ubuntu/FlowGuard-recovery/results/primary-optuna_tpe-v1/runs/trial_primary-optuna_tpe-cand_030/final/gds/tt_um_flowguard_stress.gds,/tmp/banyancode/gds-renders/FlowGuard-recovery__results__primary-optuna_tpe-v1__runs__trial_primary-optuna_tpe-cand_030__final__gds__tt_um_flowguard_stress.gds.png,2281552,44790,1000,312,success,
/home/ubuntu/FlowGuard-recovery/results/primary-optuna_tpe-v1/runs/trial_primary-optuna_tpe-cand_030/final/mag_gds/tt_um_flowguard_stress.magic.gds,/tmp/banyancode/gds-renders/FlowGuard-recovery__results__primary-optuna_tpe-v1__runs__trial_primary-optuna_tpe-cand_030__final__mag_gds__tt_um_flowguard_stress.magic.gds.png,2281552,44790,1000,312,success,
/home/ubuntu/FlowGuard-recovery/results/primary-optuna_tpe-v1/runs/trial_primary-optuna_tpe-cand_030/final/klayout_gds/tt_um_flowguard_stress.klayout.gds,/tmp/banyancode/gds-renders/FlowGuard-recovery__results__primary-optuna_tpe-v1__runs__trial_primary-optuna_tpe-cand_030__final__klayout_gds__tt_um_flowguard_stress.klayout.gds.png,1385732,46781,1000,312,success,
/home/ubuntu/FlowGuard-recovery/results/primary-optuna_tpe-v1/runs/trial_primary-optuna_tpe-cand_046/final/gds/tt_um_flowguard_stress.gds,/tmp/banyancode/gds-renders/FlowGuard-recovery__results__primary-optuna_tpe-v1__runs__trial_primary-optuna_tpe-cand_046__final__gds__tt_um_flowguard_stress.gds.png,2176858,44664,1000,312,success,
/home/ubuntu/FlowGuard-recovery/results/primary-optuna_tpe-v1/runs/trial_primary-optuna_tpe-cand_046/final/mag_gds/tt_um_flowguard_stress.magic.gds,/tmp/banyancode/gds-renders/FlowGuard-recovery__results__primary-optuna_tpe-v1__runs__trial_primary-optuna_tpe-cand_046__final__mag_gds__tt_um_flowguard_stress.magic.gds.png,2176858,44664,1000,312,success,
/home/ubuntu/FlowGuard-recovery/results/primary-optuna_tpe-v1/runs/trial_primary-optuna_tpe-cand_046/final/klayout_gds/tt_um_flowguard_stress.klayout.gds,/tmp/banyancode/gds-renders/FlowGuard-recovery__results__primary-optuna_tpe-v1__runs__trial_primary-optuna_tpe-cand_046__final__klayout_gds__tt_um_flowguard_stress.klayout.gds.png,1302266,46061,1000,312,success,
/home/ubuntu/FlowGuard-recovery/results/primary-optuna_tpe-v1/runs/trial_primary-optuna_tpe-cand_049/final/gds/tt_um_flowguard_stress.gds,/tmp/banyancode/gds-renders/FlowGuard-recovery__results__primary-optuna_tpe-v1__runs__trial_primary-optuna_tpe-cand_049__final__gds__tt_um_flowguard_stress.gds.png,2285000,44807,1000,312,success,
/home/ubuntu/FlowGuard-recovery/results/primary-optuna_tpe-v1/runs/trial_primary-optuna_tpe-cand_049/final/mag_gds/tt_um_flowguard_stress.magic.gds,/tmp/banyancode/gds-renders/FlowGuard-recovery__results__primary-optuna_tpe-v1__runs__trial_primary-optuna_tpe-cand_049__final__mag_gds__tt_um_flowguard_stress.magic.gds.png,2285000,44807,1000,312,success,
/home/ubuntu/FlowGuard-recovery/results/primary-optuna_tpe-v1/runs/trial_primary-optuna_tpe-cand_049/final/klayout_gds/tt_um_flowguard_stress.klayout.gds,/tmp/banyancode/gds-renders/FlowGuard-recovery__results__primary-optuna_tpe-v1__runs__trial_primary-optuna_tpe-cand_049__final__klayout_gds__tt_um_flowguard_stress.klayout.gds.png,1385752,46218,1000,312,success,
/home/ubuntu/FlowGuard-recovery/results/primary-optuna_tpe-v1/runs/trial_primary-optuna_tpe-cand_060/final/gds/tt_um_flowguard_stress.gds,/tmp/banyancode/gds-renders/FlowGuard-recovery__results__primary-optuna_tpe-v1__runs__trial_primary-optuna_tpe-cand_060__final__gds__tt_um_flowguard_stress.gds.png,2278020,44206,1000,312,success,
/home/ubuntu/FlowGuard-recovery/results/primary-optuna_tpe-v1/runs/trial_primary-optuna_tpe-cand_060/final/mag_gds/tt_um_flowguard_stress.magic.gds,/tmp/banyancode/gds-renders/FlowGuard-recovery__results__primary-optuna_tpe-v1__runs__trial_primary-optuna_tpe-cand_060__final__mag_gds__tt_um_flowguard_stress.magic.gds.png,2278020,44206,1000,312,success,
/home/ubuntu/FlowGuard-recovery/results/primary-optuna_tpe-v1/runs/trial_primary-optuna_tpe-cand_060/final/klayout_gds/tt_um_flowguard_stress.klayout.gds,/tmp/banyancode/gds-renders/FlowGuard-recovery__results__primary-optuna_tpe-v1__runs__trial_primary-optuna_tpe-cand_060__final__klayout_gds__tt_um_flowguard_stress.klayout.gds.png,1379828,47186,1000,312,success,
/home/ubuntu/FlowGuard-recovery/results/primary-optuna_tpe-v1/runs/trial_primary-optuna_tpe-cand_061/final/gds/tt_um_flowguard_stress.gds,/tmp/banyancode/gds-renders/FlowGuard-recovery__results__primary-optuna_tpe-v1__runs__trial_primary-optuna_tpe-cand_061__final__gds__tt_um_flowguard_stress.gds.png,2214524,45174,1000,312,success,
/home/ubuntu/FlowGuard-recovery/results/primary-optuna_tpe-v1/runs/trial_primary-optuna_tpe-cand_061/final/mag_gds/tt_um_flowguard_stress.magic.gds,/tmp/banyancode/gds-renders/FlowGuard-recovery__results__primary-optuna_tpe-v1__runs__trial_primary-optuna_tpe-cand_061__final__mag_gds__tt_um_flowguard_stress.magic.gds.png,2214524,45174,1000,312,success,
/home/ubuntu/FlowGuard-recovery/results/primary-optuna_tpe-v1/runs/trial_primary-optuna_tpe-cand_061/final/klayout_gds/tt_um_flowguard_stress.klayout.gds,/tmp/banyancode/gds-renders/FlowGuard-recovery__results__primary-optuna_tpe-v1__runs__trial_primary-optuna_tpe-cand_061__final__klayout_gds__tt_um_flowguard_stress.klayout.gds.png,1332390,46493,1000,312,success,
/home/ubuntu/FlowGuard-recovery/results/primary-optuna_tpe-v1/runs/trial_primary-optuna_tpe-cand_062/final/gds/tt_um_flowguard_stress.gds,/tmp/banyancode/gds-renders/FlowGuard-recovery__results__primary-optuna_tpe-v1__runs__trial_primary-optuna_tpe-cand_062__final__gds__tt_um_flowguard_stress.gds.png,2293676,45016,1000,312,success,
/home/ubuntu/FlowGuard-recovery/results/primary-optuna_tpe-v1/runs/trial_primary-optuna_tpe-cand_062/final/mag_gds/tt_um_flowguard_stress.magic.gds,/tmp/banyancode/gds-renders/FlowGuard-recovery__results__primary-optuna_tpe-v1__runs__trial_primary-optuna_tpe-cand_062__final__mag_gds__tt_um_flowguard_stress.magic.gds.png,2293676,45016,1000,312,success,
/home/ubuntu/FlowGuard-recovery/results/primary-optuna_tpe-v1/runs/trial_primary-optuna_tpe-cand_062/final/klayout_gds/tt_um_flowguard_stress.klayout.gds,/tmp/banyancode/gds-renders/FlowGuard-recovery__results__primary-optuna_tpe-v1__runs__trial_primary-optuna_tpe-cand_062__final__klayout_gds__tt_um_flowguard_stress.klayout.gds.png,1394426,46711,1000,312,success,
/home/ubuntu/FlowGuard-recovery/results/primary-optuna_tpe-v1/runs/trial_primary-optuna_tpe-cand_064/final/gds/tt_um_flowguard_stress.gds,/tmp/banyancode/gds-renders/FlowGuard-recovery__results__primary-optuna_tpe-v1__runs__trial_primary-optuna_tpe-cand_064__final__gds__tt_um_flowguard_stress.gds.png,2204396,44989,1000,312,success,
/home/ubuntu/FlowGuard-recovery/results/primary-optuna_tpe-v1/runs/trial_primary-optuna_tpe-cand_064/final/mag_gds/tt_um_flowguard_stress.magic.gds,/tmp/banyancode/gds-renders/FlowGuard-recovery__results__primary-optuna_tpe-v1__runs__trial_primary-optuna_tpe-cand_064__final__mag_gds__tt_um_flowguard_stress.magic.gds.png,2204396,44989,1000,312,success,
/home/ubuntu/FlowGuard-recovery/results/primary-optuna_tpe-v1/runs/trial_primary-optuna_tpe-cand_064/final/klayout_gds/tt_um_flowguard_stress.klayout.gds,/tmp/banyancode/gds-renders/FlowGuard-recovery__results__primary-optuna_tpe-v1__runs__trial_primary-optuna_tpe-cand_064__final__klayout_gds__tt_um_flowguard_stress.klayout.gds.png,1322690,46584,1000,312,success,
/home/ubuntu/FlowGuard-recovery/results/primary-optuna_tpe-v1/runs/trial_primary-optuna_tpe-cand_069/final/gds/tt_um_flowguard_stress.gds,/tmp/banyancode/gds-renders/FlowGuard-recovery__results__primary-optuna_tpe-v1__runs__trial_primary-optuna_tpe-cand_069__final__gds__tt_um_flowguard_stress.gds.png,2176858,44664,1000,312,success,
/home/ubuntu/FlowGuard-recovery/results/primary-optuna_tpe-v1/runs/trial_primary-optuna_tpe-cand_069/final/mag_gds/tt_um_flowguard_stress.magic.gds,/tmp/banyancode/gds-renders/FlowGuard-recovery__results__primary-optuna_tpe-v1__runs__trial_primary-optuna_tpe-cand_069__final__mag_gds__tt_um_flowguard_stress.magic.gds.png,2176858,44664,1000,312,success,
/home/ubuntu/FlowGuard-recovery/results/primary-optuna_tpe-v1/runs/trial_primary-optuna_tpe-cand_069/final/klayout_gds/tt_um_flowguard_stress.klayout.gds,/tmp/banyancode/gds-renders/FlowGuard-recovery__results__primary-optuna_tpe-v1__runs__trial_primary-optuna_tpe-cand_069__final__klayout_gds__tt_um_flowguard_stress.klayout.gds.png,1302266,46061,1000,312,success,
/home/ubuntu/FlowGuard-recovery/results/primary-random-v1/runs/trial_primary-random-cand_021/final/gds/tt_um_flowguard_stress.gds,/tmp/banyancode/gds-renders/FlowGuard-recovery__results__primary-random-v1__runs__trial_primary-random-cand_021__final__gds__tt_um_flowguard_stress.gds.png,2208790,44529,1000,312,success,
/home/ubuntu/FlowGuard-recovery/results/primary-random-v1/runs/trial_primary-random-cand_021/final/mag_gds/tt_um_flowguard_stress.magic.gds,/tmp/banyancode/gds-renders/FlowGuard-recovery__results__primary-random-v1__runs__trial_primary-random-cand_021__final__mag_gds__tt_um_flowguard_stress.magic.gds.png,2208790,44529,1000,312,success,
/home/ubuntu/FlowGuard-recovery/results/primary-random-v1/runs/trial_primary-random-cand_021/final/klayout_gds/tt_um_flowguard_stress.klayout.gds,/tmp/banyancode/gds-renders/FlowGuard-recovery__results__primary-random-v1__runs__trial_primary-random-cand_021__final__klayout_gds__tt_um_flowguard_stress.klayout.gds.png,1328324,46338,1000,312,success,
/home/ubuntu/FlowGuard-recovery/results/primary-random-v1/runs/trial_primary-random-cand_023/final/gds/tt_um_flowguard_stress.gds,/tmp/banyancode/gds-renders/FlowGuard-recovery__results__primary-random-v1__runs__trial_primary-random-cand_023__final__gds__tt_um_flowguard_stress.gds.png,2204142,45185,1000,312,success,
/home/ubuntu/FlowGuard-recovery/results/primary-random-v1/runs/trial_primary-random-cand_023/final/mag_gds/tt_um_flowguard_stress.magic.gds,/tmp/banyancode/gds-renders/FlowGuard-recovery__results__primary-random-v1__runs__trial_primary-random-cand_023__final__mag_gds__tt_um_flowguard_stress.magic.gds.png,2204142,45185,1000,312,success,
/home/ubuntu/FlowGuard-recovery/results/primary-random-v1/runs/trial_primary-random-cand_023/final/klayout_gds/tt_um_flowguard_stress.klayout.gds,/tmp/banyancode/gds-renders/FlowGuard-recovery__results__primary-random-v1__runs__trial_primary-random-cand_023__final__klayout_gds__tt_um_flowguard_stress.klayout.gds.png,1324608,46993,1000,312,success,
/home/ubuntu/FlowGuard-recovery/results/primary-random-v1/runs/trial_primary-random-cand_026/final/gds/tt_um_flowguard_stress.gds,/tmp/banyancode/gds-renders/FlowGuard-recovery__results__primary-random-v1__runs__trial_primary-random-cand_026__final__gds__tt_um_flowguard_stress.gds.png,2180706,45033,1000,312,success,
/home/ubuntu/FlowGuard-recovery/results/primary-random-v1/runs/trial_primary-random-cand_026/final/mag_gds/tt_um_flowguard_stress.magic.gds,/tmp/banyancode/gds-renders/FlowGuard-recovery__results__primary-random-v1__runs__trial_primary-random-cand_026__final__mag_gds__tt_um_flowguard_stress.magic.gds.png,2180706,45033,1000,312,success,
/home/ubuntu/FlowGuard-recovery/results/primary-random-v1/runs/trial_primary-random-cand_026/final/klayout_gds/tt_um_flowguard_stress.klayout.gds,/tmp/banyancode/gds-renders/FlowGuard-recovery__results__primary-random-v1__runs__trial_primary-random-cand_026__final__klayout_gds__tt_um_flowguard_stress.klayout.gds.png,1299506,46285,1000,312,success,
/home/ubuntu/FlowGuard-recovery/results/primary-random-v1/runs/trial_primary-random-cand_027/final/gds/tt_um_flowguard_stress.gds,/tmp/banyancode/gds-renders/FlowGuard-recovery__results__primary-random-v1__runs__trial_primary-random-cand_027__final__gds__tt_um_flowguard_stress.gds.png,2181482,44659,1000,312,success,
/home/ubuntu/FlowGuard-recovery/results/primary-random-v1/runs/trial_primary-random-cand_027/final/mag_gds/tt_um_flowguard_stress.magic.gds,/tmp/banyancode/gds-renders/FlowGuard-recovery__results__primary-random-v1__runs__trial_primary-random-cand_027__final__mag_gds__tt_um_flowguard_stress.magic.gds.png,2181482,44659,1000,312,success,
/home/ubuntu/FlowGuard-recovery/results/primary-random-v1/runs/trial_primary-random-cand_027/final/klayout_gds/tt_um_flowguard_stress.klayout.gds,/tmp/banyancode/gds-renders/FlowGuard-recovery__results__primary-random-v1__runs__trial_primary-random-cand_027__final__klayout_gds__tt_um_flowguard_stress.klayout.gds.png,1304198,45906,1000,312,success,
/home/ubuntu/FlowGuard-recovery/results/primary-random-v1/runs/trial_primary-random-cand_028/final/gds/tt_um_flowguard_stress.gds,/tmp/banyancode/gds-renders/FlowGuard-recovery__results__primary-random-v1__runs__trial_primary-random-cand_028__final__gds__tt_um_flowguard_stress.gds.png,2294238,45362,1000,312,success,
/home/ubuntu/FlowGuard-recovery/results/primary-random-v1/runs/trial_primary-random-cand_028/final/mag_gds/tt_um_flowguard_stress.magic.gds,/tmp/banyancode/gds-renders/FlowGuard-recovery__results__primary-random-v1__runs__trial_primary-random-cand_028__final__mag_gds__tt_um_flowguard_stress.magic.gds.png,2294238,45362,1000,312,success,
/home/ubuntu/FlowGuard-recovery/results/primary-random-v1/runs/trial_primary-random-cand_028/final/klayout_gds/tt_um_flowguard_stress.klayout.gds,/tmp/banyancode/gds-renders/FlowGuard-recovery__results__primary-random-v1__runs__trial_primary-random-cand_028__final__klayout_gds__tt_um_flowguard_stress.klayout.gds.png,1396180,46858,1000,312,success,
/home/ubuntu/FlowGuard-recovery/results/primary-random-v1/runs/trial_primary-random-cand_029/final/gds/tt_um_flowguard_stress.gds,/tmp/banyancode/gds-renders/FlowGuard-recovery__results__primary-random-v1__runs__trial_primary-random-cand_029__final__gds__tt_um_flowguard_stress.gds.png,2281552,44790,1000,312,success,
/home/ubuntu/FlowGuard-recovery/results/primary-random-v1/runs/trial_primary-random-cand_029/final/mag_gds/tt_um_flowguard_stress.magic.gds,/tmp/banyancode/gds-renders/FlowGuard-recovery__results__primary-random-v1__runs__trial_primary-random-cand_029__final__mag_gds__tt_um_flowguard_stress.magic.gds.png,2281552,44790,1000,312,success,
/home/ubuntu/FlowGuard-recovery/results/primary-random-v1/runs/trial_primary-random-cand_029/final/klayout_gds/tt_um_flowguard_stress.klayout.gds,/tmp/banyancode/gds-renders/FlowGuard-recovery__results__primary-random-v1__runs__trial_primary-random-cand_029__final__klayout_gds__tt_um_flowguard_stress.klayout.gds.png,1385732,46781,1000,312,success,
/home/ubuntu/FlowGuard-recovery/results/primary-random-v1/runs/trial_primary-random-cand_032/final/gds/tt_um_flowguard_stress.gds,/tmp/banyancode/gds-renders/FlowGuard-recovery__results__primary-random-v1__runs__trial_primary-random-cand_032__final__gds__tt_um_flowguard_stress.gds.png,2268900,44027,1000,312,success,
/home/ubuntu/FlowGuard-recovery/results/primary-random-v1/runs/trial_primary-random-cand_032/final/mag_gds/tt_um_flowguard_stress.magic.gds,/tmp/banyancode/gds-renders/FlowGuard-recovery__results__primary-random-v1__runs__trial_primary-random-cand_032__final__mag_gds__tt_um_flowguard_stress.magic.gds.png,2268900,44027,1000,312,success,
/home/ubuntu/FlowGuard-recovery/results/primary-random-v1/runs/trial_primary-random-cand_032/final/klayout_gds/tt_um_flowguard_stress.klayout.gds,/tmp/banyancode/gds-renders/FlowGuard-recovery__results__primary-random-v1__runs__trial_primary-random-cand_032__final__klayout_gds__tt_um_flowguard_stress.klayout.gds.png,1372198,47076,1000,312,success,
/home/ubuntu/FlowGuard-recovery/results/primary-random-v1/runs/trial_primary-random-cand_034/final/gds/tt_um_flowguard_stress.gds,/tmp/banyancode/gds-renders/FlowGuard-recovery__results__primary-random-v1__runs__trial_primary-random-cand_034__final__gds__tt_um_flowguard_stress.gds.png,2214524,45174,1000,312,success,
/home/ubuntu/FlowGuard-recovery/results/primary-random-v1/runs/trial_primary-random-cand_034/final/mag_gds/tt_um_flowguard_stress.magic.gds,/tmp/banyancode/gds-renders/FlowGuard-recovery__results__primary-random-v1__runs__trial_primary-random-cand_034__final__mag_gds__tt_um_flowguard_stress.magic.gds.png,2214524,45174,1000,312,success,
/home/ubuntu/FlowGuard-recovery/results/primary-random-v1/runs/trial_primary-random-cand_034/final/klayout_gds/tt_um_flowguard_stress.klayout.gds,/tmp/banyancode/gds-renders/FlowGuard-recovery__results__primary-random-v1__runs__trial_primary-random-cand_034__final__klayout_gds__tt_um_flowguard_stress.klayout.gds.png,1332390,46493,1000,312,success,
/home/ubuntu/FlowGuard-recovery/results/primary-random-v1/runs/trial_primary-random-cand_042/final/gds/tt_um_flowguard_stress.gds,/tmp/banyancode/gds-renders/FlowGuard-recovery__results__primary-random-v1__runs__trial_primary-random-cand_042__final__gds__tt_um_flowguard_stress.gds.png,2294238,45362,1000,312,success,
/home/ubuntu/FlowGuard-recovery/results/primary-random-v1/runs/trial_primary-random-cand_042/final/mag_gds/tt_um_flowguard_stress.magic.gds,/tmp/banyancode/gds-renders/FlowGuard-recovery__results__primary-random-v1__runs__trial_primary-random-cand_042__final__mag_gds__tt_um_flowguard_stress.magic.gds.png,2294238,45362,1000,312,success,
/home/ubuntu/FlowGuard-recovery/results/primary-random-v1/runs/trial_primary-random-cand_042/final/klayout_gds/tt_um_flowguard_stress.klayout.gds,/tmp/banyancode/gds-renders/FlowGuard-recovery__results__primary-random-v1__runs__trial_primary-random-cand_042__final__klayout_gds__tt_um_flowguard_stress.klayout.gds.png,1396180,46858,1000,312,success,
/home/ubuntu/FlowGuard-recovery/results/primary-random-v1/runs/trial_primary-random-cand_048/final/gds/tt_um_flowguard_stress.gds,/tmp/banyancode/gds-renders/FlowGuard-recovery__results__primary-random-v1__runs__trial_primary-random-cand_048__final__gds__tt_um_flowguard_stress.gds.png,2214524,45174,1000,312,success,
/home/ubuntu/FlowGuard-recovery/results/primary-random-v1/runs/trial_primary-random-cand_048/final/mag_gds/tt_um_flowguard_stress.magic.gds,/tmp/banyancode/gds-renders/FlowGuard-recovery__results__primary-random-v1__runs__trial_primary-random-cand_048__final__mag_gds__tt_um_flowguard_stress.magic.gds.png,2214524,45174,1000,312,success,
/home/ubuntu/FlowGuard-recovery/results/primary-random-v1/runs/trial_primary-random-cand_048/final/klayout_gds/tt_um_flowguard_stress.klayout.gds,/tmp/banyancode/gds-renders/FlowGuard-recovery__results__primary-random-v1__runs__trial_primary-random-cand_048__final__klayout_gds__tt_um_flowguard_stress.klayout.gds.png,1332390,46493,1000,312,success,
/home/ubuntu/FlowGuard-recovery/results/primary-random-v1/runs/trial_primary-random-cand_049/final/gds/tt_um_flowguard_stress.gds,/tmp/banyancode/gds-renders/FlowGuard-recovery__results__primary-random-v1__runs__trial_primary-random-cand_049__final__gds__tt_um_flowguard_stress.gds.png,2285000,44807,1000,312,success,
/home/ubuntu/FlowGuard-recovery/results/primary-random-v1/runs/trial_primary-random-cand_049/final/mag_gds/tt_um_flowguard_stress.magic.gds,/tmp/banyancode/gds-renders/FlowGuard-recovery__results__primary-random-v1__runs__trial_primary-random-cand_049__final__mag_gds__tt_um_flowguard_stress.magic.gds.png,2285000,44807,1000,312,success,
/home/ubuntu/FlowGuard-recovery/results/primary-random-v1/runs/trial_primary-random-cand_049/final/klayout_gds/tt_um_flowguard_stress.klayout.gds,/tmp/banyancode/gds-renders/FlowGuard-recovery__results__primary-random-v1__runs__trial_primary-random-cand_049__final__klayout_gds__tt_um_flowguard_stress.klayout.gds.png,1385752,46218,1000,312,success,
/home/ubuntu/FlowGuard-recovery/results/primary-random-v1/runs/trial_primary-random-cand_050/final/gds/tt_um_flowguard_stress.gds,/tmp/banyancode/gds-renders/FlowGuard-recovery__results__primary-random-v1__runs__trial_primary-random-cand_050__final__gds__tt_um_flowguard_stress.gds.png,2293102,45404,1000,312,success,
/home/ubuntu/FlowGuard-recovery/results/primary-random-v1/runs/trial_primary-random-cand_050/final/mag_gds/tt_um_flowguard_stress.magic.gds,/tmp/banyancode/gds-renders/FlowGuard-recovery__results__primary-random-v1__runs__trial_primary-random-cand_050__final__mag_gds__tt_um_flowguard_stress.magic.gds.png,2293102,45404,1000,312,success,
/home/ubuntu/FlowGuard-recovery/results/primary-random-v1/runs/trial_primary-random-cand_050/final/klayout_gds/tt_um_flowguard_stress.klayout.gds,/tmp/banyancode/gds-renders/FlowGuard-recovery__results__primary-random-v1__runs__trial_primary-random-cand_050__final__klayout_gds__tt_um_flowguard_stress.klayout.gds.png,1394978,47152,1000,312,success,
/home/ubuntu/FlowGuard-recovery/results/primary-random-v1/runs/trial_primary-random-cand_058/final/gds/tt_um_flowguard_stress.gds,/tmp/banyancode/gds-renders/FlowGuard-recovery__results__primary-random-v1__runs__trial_primary-random-cand_058__final__gds__tt_um_flowguard_stress.gds.png,2294238,45362,1000,312,success,
/home/ubuntu/FlowGuard-recovery/results/primary-random-v1/runs/trial_primary-random-cand_058/final/mag_gds/tt_um_flowguard_stress.magic.gds,/tmp/banyancode/gds-renders/FlowGuard-recovery__results__primary-random-v1__runs__trial_primary-random-cand_058__final__mag_gds__tt_um_flowguard_stress.magic.gds.png,2294238,45362,1000,312,success,
/home/ubuntu/FlowGuard-recovery/results/primary-random-v1/runs/trial_primary-random-cand_058/final/klayout_gds/tt_um_flowguard_stress.klayout.gds,/tmp/banyancode/gds-renders/FlowGuard-recovery__results__primary-random-v1__runs__trial_primary-random-cand_058__final__klayout_gds__tt_um_flowguard_stress.klayout.gds.png,1396180,46858,1000,312,success,
/home/ubuntu/FlowGuard-recovery/results/primary-random-v1/runs/trial_primary-random-cand_060/final/gds/tt_um_flowguard_stress.gds,/tmp/banyancode/gds-renders/FlowGuard-recovery__results__primary-random-v1__runs__trial_primary-random-cand_060__final__gds__tt_um_flowguard_stress.gds.png,2278020,44206,1000,312,success,
/home/ubuntu/FlowGuard-recovery/results/primary-random-v1/runs/trial_primary-random-cand_060/final/mag_gds/tt_um_flowguard_stress.magic.gds,/tmp/banyancode/gds-renders/FlowGuard-recovery__results__primary-random-v1__runs__trial_primary-random-cand_060__final__mag_gds__tt_um_flowguard_stress.magic.gds.png,2278020,44206,1000,312,success,
/home/ubuntu/FlowGuard-recovery/results/primary-random-v1/runs/trial_primary-random-cand_060/final/klayout_gds/tt_um_flowguard_stress.klayout.gds,/tmp/banyancode/gds-renders/FlowGuard-recovery__results__primary-random-v1__runs__trial_primary-random-cand_060__final__klayout_gds__tt_um_flowguard_stress.klayout.gds.png,1379828,47186,1000,312,success,
/home/ubuntu/FlowGuard-recovery/results/primary-random-v1/runs/trial_primary-random-cand_064/final/gds/tt_um_flowguard_stress.gds,/tmp/banyancode/gds-renders/FlowGuard-recovery__results__primary-random-v1__runs__trial_primary-random-cand_064__final__gds__tt_um_flowguard_stress.gds.png,2204396,44989,1000,312,success,
/home/ubuntu/FlowGuard-recovery/results/primary-random-v1/runs/trial_primary-random-cand_064/final/mag_gds/tt_um_flowguard_stress.magic.gds,/tmp/banyancode/gds-renders/FlowGuard-recovery__results__primary-random-v1__runs__trial_primary-random-cand_064__final__mag_gds__tt_um_flowguard_stress.magic.gds.png,2204396,44989,1000,312,success,
/home/ubuntu/FlowGuard-recovery/results/primary-random-v1/runs/trial_primary-random-cand_064/final/klayout_gds/tt_um_flowguard_stress.klayout.gds,/tmp/banyancode/gds-renders/FlowGuard-recovery__results__primary-random-v1__runs__trial_primary-random-cand_064__final__klayout_gds__tt_um_flowguard_stress.klayout.gds.png,1322690,46584,1000,312,success,
/home/ubuntu/FlowGuard-recovery/results/primary-random-v1/runs/trial_primary-random-cand_071/final/gds/tt_um_flowguard_stress.gds,/tmp/banyancode/gds-renders/FlowGuard-recovery__results__primary-random-v1__runs__trial_primary-random-cand_071__final__gds__tt_um_flowguard_stress.gds.png,2278020,44206,1000,312,success,
/home/ubuntu/FlowGuard-recovery/results/primary-random-v1/runs/trial_primary-random-cand_071/final/mag_gds/tt_um_flowguard_stress.magic.gds,/tmp/banyancode/gds-renders/FlowGuard-recovery__results__primary-random-v1__runs__trial_primary-random-cand_071__final__mag_gds__tt_um_flowguard_stress.magic.gds.png,2278020,44206,1000,312,success,
/home/ubuntu/FlowGuard-recovery/results/primary-random-v1/runs/trial_primary-random-cand_071/final/klayout_gds/tt_um_flowguard_stress.klayout.gds,/tmp/banyancode/gds-renders/FlowGuard-recovery__results__primary-random-v1__runs__trial_primary-random-cand_071__final__klayout_gds__tt_um_flowguard_stress.klayout.gds.png,1379828,47186,1000,312,success,
/home/ubuntu/FlowGuard-recovery/results/primary-vanilla_bo-v1/runs/trial_primary-vanilla_bo-cand_014/final/gds/tt_um_flowguard_stress.gds,/tmp/banyancode/gds-renders/FlowGuard-recovery__results__primary-vanilla_bo-v1__runs__trial_primary-vanilla_bo-cand_014__final__gds__tt_um_flowguard_stress.gds.png,2173556,45177,1000,312,success,
/home/ubuntu/FlowGuard-recovery/results/primary-vanilla_bo-v1/runs/trial_primary-vanilla_bo-cand_014/final/mag_gds/tt_um_flowguard_stress.magic.gds,/tmp/banyancode/gds-renders/FlowGuard-recovery__results__primary-vanilla_bo-v1__runs__trial_primary-vanilla_bo-cand_014__final__mag_gds__tt_um_flowguard_stress.magic.gds.png,2173556,45177,1000,312,success,
/home/ubuntu/FlowGuard-recovery/results/primary-vanilla_bo-v1/runs/trial_primary-vanilla_bo-cand_014/final/klayout_gds/tt_um_flowguard_stress.klayout.gds,/tmp/banyancode/gds-renders/FlowGuard-recovery__results__primary-vanilla_bo-v1__runs__trial_primary-vanilla_bo-cand_014__final__klayout_gds__tt_um_flowguard_stress.klayout.gds.png,1293230,46542,1000,312,success,
/home/ubuntu/FlowGuard-recovery/results/primary-vanilla_bo-v1/runs/trial_primary-vanilla_bo-cand_016/final/gds/tt_um_flowguard_stress.gds,/tmp/banyancode/gds-renders/FlowGuard-recovery__results__primary-vanilla_bo-v1__runs__trial_primary-vanilla_bo-cand_016__final__gds__tt_um_flowguard_stress.gds.png,2173556,45177,1000,312,success,
/home/ubuntu/FlowGuard-recovery/results/primary-vanilla_bo-v1/runs/trial_primary-vanilla_bo-cand_016/final/mag_gds/tt_um_flowguard_stress.magic.gds,/tmp/banyancode/gds-renders/FlowGuard-recovery__results__primary-vanilla_bo-v1__runs__trial_primary-vanilla_bo-cand_016__final__mag_gds__tt_um_flowguard_stress.magic.gds.png,2173556,45177,1000,312,success,
/home/ubuntu/FlowGuard-recovery/results/primary-vanilla_bo-v1/runs/trial_primary-vanilla_bo-cand_016/final/klayout_gds/tt_um_flowguard_stress.klayout.gds,/tmp/banyancode/gds-renders/FlowGuard-recovery__results__primary-vanilla_bo-v1__runs__trial_primary-vanilla_bo-cand_016__final__klayout_gds__tt_um_flowguard_stress.klayout.gds.png,1293230,46542,1000,312,success,
/home/ubuntu/FlowGuard-recovery/results/primary-vanilla_bo-v1/runs/trial_primary-vanilla_bo-cand_017/final/gds/tt_um_flowguard_stress.gds,/tmp/banyancode/gds-renders/FlowGuard-recovery__results__primary-vanilla_bo-v1__runs__trial_primary-vanilla_bo-cand_017__final__gds__tt_um_flowguard_stress.gds.png,2180706,45033,1000,312,success,
/home/ubuntu/FlowGuard-recovery/results/primary-vanilla_bo-v1/runs/trial_primary-vanilla_bo-cand_017/final/mag_gds/tt_um_flowguard_stress.magic.gds,/tmp/banyancode/gds-renders/FlowGuard-recovery__results__primary-vanilla_bo-v1__runs__trial_primary-vanilla_bo-cand_017__final__mag_gds__tt_um_flowguard_stress.magic.gds.png,2180706,45033,1000,312,success,
/home/ubuntu/FlowGuard-recovery/results/primary-vanilla_bo-v1/runs/trial_primary-vanilla_bo-cand_017/final/klayout_gds/tt_um_flowguard_stress.klayout.gds,/tmp/banyancode/gds-renders/FlowGuard-recovery__results__primary-vanilla_bo-v1__runs__trial_primary-vanilla_bo-cand_017__final__klayout_gds__tt_um_flowguard_stress.klayout.gds.png,1299506,46285,1000,312,success,
/home/ubuntu/FlowGuard-recovery/results/primary-vanilla_bo-v1/runs/trial_primary-vanilla_bo-cand_021/final/gds/tt_um_flowguard_stress.gds,/tmp/banyancode/gds-renders/FlowGuard-recovery__results__primary-vanilla_bo-v1__runs__trial_primary-vanilla_bo-cand_021__final__gds__tt_um_flowguard_stress.gds.png,2208790,44529,1000,312,success,
/home/ubuntu/FlowGuard-recovery/results/primary-vanilla_bo-v1/runs/trial_primary-vanilla_bo-cand_021/final/mag_gds/tt_um_flowguard_stress.magic.gds,/tmp/banyancode/gds-renders/FlowGuard-recovery__results__primary-vanilla_bo-v1__runs__trial_primary-vanilla_bo-cand_021__final__mag_gds__tt_um_flowguard_stress.magic.gds.png,2208790,44529,1000,312,success,
/home/ubuntu/FlowGuard-recovery/results/primary-vanilla_bo-v1/runs/trial_primary-vanilla_bo-cand_021/final/klayout_gds/tt_um_flowguard_stress.klayout.gds,/tmp/banyancode/gds-renders/FlowGuard-recovery__results__primary-vanilla_bo-v1__runs__trial_primary-vanilla_bo-cand_021__final__klayout_gds__tt_um_flowguard_stress.klayout.gds.png,1328324,46338,1000,312,success,
/home/ubuntu/FlowGuard-recovery/results/primary-vanilla_bo-v1/runs/trial_primary-vanilla_bo-cand_022/final/gds/tt_um_flowguard_stress.gds,/tmp/banyancode/gds-renders/FlowGuard-recovery__results__primary-vanilla_bo-v1__runs__trial_primary-vanilla_bo-cand_022__final__gds__tt_um_flowguard_stress.gds.png,2204396,44989,1000,312,success,
/home/ubuntu/FlowGuard-recovery/results/primary-vanilla_bo-v1/runs/trial_primary-vanilla_bo-cand_022/final/mag_gds/tt_um_flowguard_stress.magic.gds,/tmp/banyancode/gds-renders/FlowGuard-recovery__results__primary-vanilla_bo-v1__runs__trial_primary-vanilla_bo-cand_022__final__mag_gds__tt_um_flowguard_stress.magic.gds.png,2204396,44989,1000,312,success,
/home/ubuntu/FlowGuard-recovery/results/primary-vanilla_bo-v1/runs/trial_primary-vanilla_bo-cand_022/final/klayout_gds/tt_um_flowguard_stress.klayout.gds,/tmp/banyancode/gds-renders/FlowGuard-recovery__results__primary-vanilla_bo-v1__runs__trial_primary-vanilla_bo-cand_022__final__klayout_gds__tt_um_flowguard_stress.klayout.gds.png,1322690,46584,1000,312,success,
/home/ubuntu/FlowGuard-recovery/results/primary-vanilla_bo-v1/runs/trial_primary-vanilla_bo-cand_026/final/gds/tt_um_flowguard_stress.gds,/tmp/banyancode/gds-renders/FlowGuard-recovery__results__primary-vanilla_bo-v1__runs__trial_primary-vanilla_bo-cand_026__final__gds__tt_um_flowguard_stress.gds.png,2180706,45033,1000,312,success,
/home/ubuntu/FlowGuard-recovery/results/primary-vanilla_bo-v1/runs/trial_primary-vanilla_bo-cand_026/final/mag_gds/tt_um_flowguard_stress.magic.gds,/tmp/banyancode/gds-renders/FlowGuard-recovery__results__primary-vanilla_bo-v1__runs__trial_primary-vanilla_bo-cand_026__final__mag_gds__tt_um_flowguard_stress.magic.gds.png,2180706,45033,1000,312,success,
/home/ubuntu/FlowGuard-recovery/results/primary-vanilla_bo-v1/runs/trial_primary-vanilla_bo-cand_026/final/klayout_gds/tt_um_flowguard_stress.klayout.gds,/tmp/banyancode/gds-renders/FlowGuard-recovery__results__primary-vanilla_bo-v1__runs__trial_primary-vanilla_bo-cand_026__final__klayout_gds__tt_um_flowguard_stress.klayout.gds.png,1299506,46285,1000,312,success,
/home/ubuntu/FlowGuard-recovery/results/primary-vanilla_bo-v1/runs/trial_primary-vanilla_bo-cand_027/final/gds/tt_um_flowguard_stress.gds,/tmp/banyancode/gds-renders/FlowGuard-recovery__results__primary-vanilla_bo-v1__runs__trial_primary-vanilla_bo-cand_027__final__gds__tt_um_flowguard_stress.gds.png,2181482,44659,1000,312,success,
/home/ubuntu/FlowGuard-recovery/results/primary-vanilla_bo-v1/runs/trial_primary-vanilla_bo-cand_027/final/mag_gds/tt_um_flowguard_stress.magic.gds,/tmp/banyancode/gds-renders/FlowGuard-recovery__results__primary-vanilla_bo-v1__runs__trial_primary-vanilla_bo-cand_027__final__mag_gds__tt_um_flowguard_stress.magic.gds.png,2181482,44659,1000,312,success,
/home/ubuntu/FlowGuard-recovery/results/primary-vanilla_bo-v1/runs/trial_primary-vanilla_bo-cand_027/final/klayout_gds/tt_um_flowguard_stress.klayout.gds,/tmp/banyancode/gds-renders/FlowGuard-recovery__results__primary-vanilla_bo-v1__runs__trial_primary-vanilla_bo-cand_027__final__klayout_gds__tt_um_flowguard_stress.klayout.gds.png,1304198,45906,1000,312,success,
/home/ubuntu/FlowGuard-recovery/results/primary-vanilla_bo-v1/runs/trial_primary-vanilla_bo-cand_031/final/gds/tt_um_flowguard_stress.gds,/tmp/banyancode/gds-renders/FlowGuard-recovery__results__primary-vanilla_bo-v1__runs__trial_primary-vanilla_bo-cand_031__final__gds__tt_um_flowguard_stress.gds.png,2173556,45177,1000,312,success,
/home/ubuntu/FlowGuard-recovery/results/primary-vanilla_bo-v1/runs/trial_primary-vanilla_bo-cand_031/final/mag_gds/tt_um_flowguard_stress.magic.gds,/tmp/banyancode/gds-renders/FlowGuard-recovery__results__primary-vanilla_bo-v1__runs__trial_primary-vanilla_bo-cand_031__final__mag_gds__tt_um_flowguard_stress.magic.gds.png,2173556,45177,1000,312,success,
/home/ubuntu/FlowGuard-recovery/results/primary-vanilla_bo-v1/runs/trial_primary-vanilla_bo-cand_031/final/klayout_gds/tt_um_flowguard_stress.klayout.gds,/tmp/banyancode/gds-renders/FlowGuard-recovery__results__primary-vanilla_bo-v1__runs__trial_primary-vanilla_bo-cand_031__final__klayout_gds__tt_um_flowguard_stress.klayout.gds.png,1293230,46542,1000,312,success,
/home/ubuntu/FlowGuard-recovery/results/primary-vanilla_bo-v1/runs/trial_primary-vanilla_bo-cand_039/final/gds/tt_um_flowguard_stress.gds,/tmp/banyancode/gds-renders/FlowGuard-recovery__results__primary-vanilla_bo-v1__runs__trial_primary-vanilla_bo-cand_039__final__gds__tt_um_flowguard_stress.gds.png,2208790,44529,1000,312,success,
/home/ubuntu/FlowGuard-recovery/results/primary-vanilla_bo-v1/runs/trial_primary-vanilla_bo-cand_039/final/mag_gds/tt_um_flowguard_stress.magic.gds,/tmp/banyancode/gds-renders/FlowGuard-recovery__results__primary-vanilla_bo-v1__runs__trial_primary-vanilla_bo-cand_039__final__mag_gds__tt_um_flowguard_stress.magic.gds.png,2208790,44529,1000,312,success,
/home/ubuntu/FlowGuard-recovery/results/primary-vanilla_bo-v1/runs/trial_primary-vanilla_bo-cand_039/final/klayout_gds/tt_um_flowguard_stress.klayout.gds,/tmp/banyancode/gds-renders/FlowGuard-recovery__results__primary-vanilla_bo-v1__runs__trial_primary-vanilla_bo-cand_039__final__klayout_gds__tt_um_flowguard_stress.klayout.gds.png,1328324,46338,1000,312,success,
/home/ubuntu/FlowGuard-recovery/results/primary-vanilla_bo-v1/runs/trial_primary-vanilla_bo-cand_046/final/gds/tt_um_flowguard_stress.gds,/tmp/banyancode/gds-renders/FlowGuard-recovery__results__primary-vanilla_bo-v1__runs__trial_primary-vanilla_bo-cand_046__final__gds__tt_um_flowguard_stress.gds.png,2176858,44664,1000,312,success,
/home/ubuntu/FlowGuard-recovery/results/primary-vanilla_bo-v1/runs/trial_primary-vanilla_bo-cand_046/final/mag_gds/tt_um_flowguard_stress.magic.gds,/tmp/banyancode/gds-renders/FlowGuard-recovery__results__primary-vanilla_bo-v1__runs__trial_primary-vanilla_bo-cand_046__final__mag_gds__tt_um_flowguard_stress.magic.gds.png,2176858,44664,1000,312,success,
/home/ubuntu/FlowGuard-recovery/results/primary-vanilla_bo-v1/runs/trial_primary-vanilla_bo-cand_046/final/klayout_gds/tt_um_flowguard_stress.klayout.gds,/tmp/banyancode/gds-renders/FlowGuard-recovery__results__primary-vanilla_bo-v1__runs__trial_primary-vanilla_bo-cand_046__final__klayout_gds__tt_um_flowguard_stress.klayout.gds.png,1302266,46061,1000,312,success,
/home/ubuntu/FlowGuard-recovery/results/primary-vanilla_bo-v1/runs/trial_primary-vanilla_bo-cand_051/final/gds/tt_um_flowguard_stress.gds,/tmp/banyancode/gds-renders/FlowGuard-recovery__results__primary-vanilla_bo-v1__runs__trial_primary-vanilla_bo-cand_051__final__gds__tt_um_flowguard_stress.gds.png,2204142,45185,1000,312,success,
/home/ubuntu/FlowGuard-recovery/results/primary-vanilla_bo-v1/runs/trial_primary-vanilla_bo-cand_051/final/mag_gds/tt_um_flowguard_stress.magic.gds,/tmp/banyancode/gds-renders/FlowGuard-recovery__results__primary-vanilla_bo-v1__runs__trial_primary-vanilla_bo-cand_051__final__mag_gds__tt_um_flowguard_stress.magic.gds.png,2204142,45185,1000,312,success,
/home/ubuntu/FlowGuard-recovery/results/primary-vanilla_bo-v1/runs/trial_primary-vanilla_bo-cand_051/final/klayout_gds/tt_um_flowguard_stress.klayout.gds,/tmp/banyancode/gds-renders/FlowGuard-recovery__results__primary-vanilla_bo-v1__runs__trial_primary-vanilla_bo-cand_051__final__klayout_gds__tt_um_flowguard_stress.klayout.gds.png,1324608,46993,1000,312,success,
/home/ubuntu/FlowGuard-recovery/results/primary-vanilla_bo-v1/runs/trial_primary-vanilla_bo-cand_052/final/gds/tt_um_flowguard_stress.gds,/tmp/banyancode/gds-renders/FlowGuard-recovery__results__primary-vanilla_bo-v1__runs__trial_primary-vanilla_bo-cand_052__final__gds__tt_um_flowguard_stress.gds.png,2180706,45033,1000,312,success,
/home/ubuntu/FlowGuard-recovery/results/primary-vanilla_bo-v1/runs/trial_primary-vanilla_bo-cand_052/final/mag_gds/tt_um_flowguard_stress.magic.gds,/tmp/banyancode/gds-renders/FlowGuard-recovery__results__primary-vanilla_bo-v1__runs__trial_primary-vanilla_bo-cand_052__final__mag_gds__tt_um_flowguard_stress.magic.gds.png,2180706,45033,1000,312,success,
/home/ubuntu/FlowGuard-recovery/results/primary-vanilla_bo-v1/runs/trial_primary-vanilla_bo-cand_052/final/klayout_gds/tt_um_flowguard_stress.klayout.gds,/tmp/banyancode/gds-renders/FlowGuard-recovery__results__primary-vanilla_bo-v1__runs__trial_primary-vanilla_bo-cand_052__final__klayout_gds__tt_um_flowguard_stress.klayout.gds.png,1299506,46285,1000,312,success,
/home/ubuntu/FlowGuard-recovery/results/primary-vanilla_bo-v1/runs/trial_primary-vanilla_bo-cand_056/final/gds/tt_um_flowguard_stress.gds,/tmp/banyancode/gds-renders/FlowGuard-recovery__results__primary-vanilla_bo-v1__runs__trial_primary-vanilla_bo-cand_056__final__gds__tt_um_flowguard_stress.gds.png,2181482,44659,1000,312,success,
/home/ubuntu/FlowGuard-recovery/results/primary-vanilla_bo-v1/runs/trial_primary-vanilla_bo-cand_056/final/mag_gds/tt_um_flowguard_stress.magic.gds,/tmp/banyancode/gds-renders/FlowGuard-recovery__results__primary-vanilla_bo-v1__runs__trial_primary-vanilla_bo-cand_056__final__mag_gds__tt_um_flowguard_stress.magic.gds.png,2181482,44659,1000,312,success,
/home/ubuntu/FlowGuard-recovery/results/primary-vanilla_bo-v1/runs/trial_primary-vanilla_bo-cand_056/final/klayout_gds/tt_um_flowguard_stress.klayout.gds,/tmp/banyancode/gds-renders/FlowGuard-recovery__results__primary-vanilla_bo-v1__runs__trial_primary-vanilla_bo-cand_056__final__klayout_gds__tt_um_flowguard_stress.klayout.gds.png,1304198,45906,1000,312,success,
/home/ubuntu/FlowGuard-recovery/results/primary-vanilla_bo-v1/runs/trial_primary-vanilla_bo-cand_057/final/gds/tt_um_flowguard_stress.gds,/tmp/banyancode/gds-renders/FlowGuard-recovery__results__primary-vanilla_bo-v1__runs__trial_primary-vanilla_bo-cand_057__final__gds__tt_um_flowguard_stress.gds.png,2283776,44641,1000,312,success,
/home/ubuntu/FlowGuard-recovery/results/primary-vanilla_bo-v1/runs/trial_primary-vanilla_bo-cand_057/final/mag_gds/tt_um_flowguard_stress.magic.gds,/tmp/banyancode/gds-renders/FlowGuard-recovery__results__primary-vanilla_bo-v1__runs__trial_primary-vanilla_bo-cand_057__final__mag_gds__tt_um_flowguard_stress.magic.gds.png,2283776,44641,1000,312,success,
/home/ubuntu/FlowGuard-recovery/results/primary-vanilla_bo-v1/runs/trial_primary-vanilla_bo-cand_057/final/klayout_gds/tt_um_flowguard_stress.klayout.gds,/tmp/banyancode/gds-renders/FlowGuard-recovery__results__primary-vanilla_bo-v1__runs__trial_primary-vanilla_bo-cand_057__final__klayout_gds__tt_um_flowguard_stress.klayout.gds.png,1385500,46454,1000,312,success,
/home/ubuntu/FlowGuard-recovery/results/primary-vanilla_bo-v1/runs/trial_primary-vanilla_bo-cand_064/final/gds/tt_um_flowguard_stress.gds,/tmp/banyancode/gds-renders/FlowGuard-recovery__results__primary-vanilla_bo-v1__runs__trial_primary-vanilla_bo-cand_064__final__gds__tt_um_flowguard_stress.gds.png,2204396,44989,1000,312,success,
/home/ubuntu/FlowGuard-recovery/results/primary-vanilla_bo-v1/runs/trial_primary-vanilla_bo-cand_064/final/mag_gds/tt_um_flowguard_stress.magic.gds,/tmp/banyancode/gds-renders/FlowGuard-recovery__results__primary-vanilla_bo-v1__runs__trial_primary-vanilla_bo-cand_064__final__mag_gds__tt_um_flowguard_stress.magic.gds.png,2204396,44989,1000,312,success,
/home/ubuntu/FlowGuard-recovery/results/primary-vanilla_bo-v1/runs/trial_primary-vanilla_bo-cand_064/final/klayout_gds/tt_um_flowguard_stress.klayout.gds,/tmp/banyancode/gds-renders/FlowGuard-recovery__results__primary-vanilla_bo-v1__runs__trial_primary-vanilla_bo-cand_064__final__klayout_gds__tt_um_flowguard_stress.klayout.gds.png,1322690,46584,1000,312,success,
/home/ubuntu/FlowGuard-recovery/results/primary-vanilla_bo-v1/runs/trial_primary-vanilla_bo-cand_069/final/gds/tt_um_flowguard_stress.gds,/tmp/banyancode/gds-renders/FlowGuard-recovery__results__primary-vanilla_bo-v1__runs__trial_primary-vanilla_bo-cand_069__final__gds__tt_um_flowguard_stress.gds.png,2176858,44664,1000,312,success,
/home/ubuntu/FlowGuard-recovery/results/primary-vanilla_bo-v1/runs/trial_primary-vanilla_bo-cand_069/final/mag_gds/tt_um_flowguard_stress.magic.gds,/tmp/banyancode/gds-renders/FlowGuard-recovery__results__primary-vanilla_bo-v1__runs__trial_primary-vanilla_bo-cand_069__final__mag_gds__tt_um_flowguard_stress.magic.gds.png,2176858,44664,1000,312,success,
/home/ubuntu/FlowGuard-recovery/results/primary-vanilla_bo-v1/runs/trial_primary-vanilla_bo-cand_069/final/klayout_gds/tt_um_flowguard_stress.klayout.gds,/tmp/banyancode/gds-renders/FlowGuard-recovery__results__primary-vanilla_bo-v1__runs__trial_primary-vanilla_bo-cand_069__final__klayout_gds__tt_um_flowguard_stress.klayout.gds.png,1302266,46061,1000,312,success,
/home/ubuntu/FlowGuard-recovery/results/repeat_15p8_med_v1/quarantine/orphan_r1_tool_cleanup/57-magic-streamout/tt_um_flowguard_stress.gds,/tmp/banyancode/gds-renders/FlowGuard-recovery__results__repeat_15p8_med_v1__quarantine__orphan_r1_tool_cleanup__57-magic-streamout__tt_um_flowguard_stress.gds.png,2181482,44659,1000,312,success,
/home/ubuntu/FlowGuard-recovery/results/repeat_15p8_med_v1/quarantine/orphan_r1_tool_cleanup/57-magic-streamout/tt_um_flowguard_stress.magic.gds,/tmp/banyancode/gds-renders/FlowGuard-recovery__results__repeat_15p8_med_v1__quarantine__orphan_r1_tool_cleanup__57-magic-streamout__tt_um_flowguard_stress.magic.gds.png,2181482,44659,1000,312,success,
/home/ubuntu/FlowGuard-recovery/results/repeat_15p8_med_v1/quarantine/orphan_r1_tool_cleanup/final/gds/tt_um_flowguard_stress.gds,/tmp/banyancode/gds-renders/FlowGuard-recovery__results__repeat_15p8_med_v1__quarantine__orphan_r1_tool_cleanup__final__gds__tt_um_flowguard_stress.gds.png,2181482,44659,1000,312,success,
/home/ubuntu/FlowGuard-recovery/results/repeat_15p8_med_v1/quarantine/orphan_r1_tool_cleanup/final/mag_gds/tt_um_flowguard_stress.magic.gds,/tmp/banyancode/gds-renders/FlowGuard-recovery__results__repeat_15p8_med_v1__quarantine__orphan_r1_tool_cleanup__final__mag_gds__tt_um_flowguard_stress.magic.gds.png,2181482,44659,1000,312,success,
/home/ubuntu/FlowGuard-recovery/results/repeat_15p8_med_v1/quarantine/orphan_r1_tool_cleanup/58-klayout-streamout/tt_um_flowguard_stress.klayout.gds,/tmp/banyancode/gds-renders/FlowGuard-recovery__results__repeat_15p8_med_v1__quarantine__orphan_r1_tool_cleanup__58-klayout-streamout__tt_um_flowguard_stress.klayout.gds.png,1304198,45906,1000,312,success,
/home/ubuntu/FlowGuard-recovery/results/repeat_15p8_med_v1/quarantine/orphan_r1_tool_cleanup/final/klayout_gds/tt_um_flowguard_stress.klayout.gds,/tmp/banyancode/gds-renders/FlowGuard-recovery__results__repeat_15p8_med_v1__quarantine__orphan_r1_tool_cleanup__final__klayout_gds__tt_um_flowguard_stress.klayout.gds.png,1304198,45906,1000,312,success,
/home/ubuntu/FlowGuard-recovery/results/repeat_15p8_med_v1/runs/trial_clock15p8-u30-d38-p0-g0p05-sAREA_0-r1/final/gds/tt_um_flowguard_stress.gds,/tmp/banyancode/gds-renders/FlowGuard-recovery__results__repeat_15p8_med_v1__runs__trial_clock15p8-u30-d38-p0-g0p05-sAREA_0-r1__final__gds__tt_um_flowguard_stress.gds.png,2181482,44659,1000,312,success,
/home/ubuntu/FlowGuard-recovery/results/repeat_15p8_med_v1/runs/trial_clock15p8-u30-d38-p0-g0p05-sAREA_0-r1/final/mag_gds/tt_um_flowguard_stress.magic.gds,/tmp/banyancode/gds-renders/FlowGuard-recovery__results__repeat_15p8_med_v1__runs__trial_clock15p8-u30-d38-p0-g0p05-sAREA_0-r1__final__mag_gds__tt_um_flowguard_stress.magic.gds.png,2181482,44659,1000,312,success,
/home/ubuntu/FlowGuard-recovery/results/repeat_15p8_med_v1/runs/trial_clock15p8-u30-d38-p0-g0p05-sAREA_0-r1/final/klayout_gds/tt_um_flowguard_stress.klayout.gds,/tmp/banyancode/gds-renders/FlowGuard-recovery__results__repeat_15p8_med_v1__runs__trial_clock15p8-u30-d38-p0-g0p05-sAREA_0-r1__final__klayout_gds__tt_um_flowguard_stress.klayout.gds.png,1304198,45906,1000,312,success,
/home/ubuntu/FlowGuard-recovery/results/repeat_15p8_med_v1/runs/trial_clock15p8-u30-d38-p0-g0p05-sAREA_0-r2/final/gds/tt_um_flowguard_stress.gds,/tmp/banyancode/gds-renders/FlowGuard-recovery__results__repeat_15p8_med_v1__runs__trial_clock15p8-u30-d38-p0-g0p05-sAREA_0-r2__final__gds__tt_um_flowguard_stress.gds.png,2181482,44659,1000,312,success,
/home/ubuntu/FlowGuard-recovery/results/repeat_15p8_med_v1/runs/trial_clock15p8-u30-d38-p0-g0p05-sAREA_0-r2/final/mag_gds/tt_um_flowguard_stress.magic.gds,/tmp/banyancode/gds-renders/FlowGuard-recovery__results__repeat_15p8_med_v1__runs__trial_clock15p8-u30-d38-p0-g0p05-sAREA_0-r2__final__mag_gds__tt_um_flowguard_stress.magic.gds.png,2181482,44659,1000,312,success,
/home/ubuntu/FlowGuard-recovery/results/repeat_15p8_med_v1/runs/trial_clock15p8-u30-d38-p0-g0p05-sAREA_0-r2/final/klayout_gds/tt_um_flowguard_stress.klayout.gds,/tmp/banyancode/gds-renders/FlowGuard-recovery__results__repeat_15p8_med_v1__runs__trial_clock15p8-u30-d38-p0-g0p05-sAREA_0-r2__final__klayout_gds__tt_um_flowguard_stress.klayout.gds.png,1304198,45906,1000,312,success,
/home/ubuntu/FlowGuard-recovery/results/repeat_15p8_med_v1/runs/trial_clock15p8-u30-d38-p0-g0p05-sAREA_0-r3/final/gds/tt_um_flowguard_stress.gds,/tmp/banyancode/gds-renders/FlowGuard-recovery__results__repeat_15p8_med_v1__runs__trial_clock15p8-u30-d38-p0-g0p05-sAREA_0-r3__final__gds__tt_um_flowguard_stress.gds.png,2181482,44659,1000,312,success,
/home/ubuntu/FlowGuard-recovery/results/repeat_15p8_med_v1/runs/trial_clock15p8-u30-d38-p0-g0p05-sAREA_0-r3/final/mag_gds/tt_um_flowguard_stress.magic.gds,/tmp/banyancode/gds-renders/FlowGuard-recovery__results__repeat_15p8_med_v1__runs__trial_clock15p8-u30-d38-p0-g0p05-sAREA_0-r3__final__mag_gds__tt_um_flowguard_stress.magic.gds.png,2181482,44659,1000,312,success,
/home/ubuntu/FlowGuard-recovery/results/repeat_15p8_med_v1/runs/trial_clock15p8-u30-d38-p0-g0p05-sAREA_0-r3/final/klayout_gds/tt_um_flowguard_stress.klayout.gds,/tmp/banyancode/gds-renders/FlowGuard-recovery__results__repeat_15p8_med_v1__runs__trial_clock15p8-u30-d38-p0-g0p05-sAREA_0-r3__final__klayout_gds__tt_um_flowguard_stress.klayout.gds.png,1304198,45906,1000,312,success,
/home/ubuntu/FlowGuard-recovery/results/validate_winners_v1/runs/trial_clock15p8-u30-d38-p0-g0p2-sAREA_0-d38/57-magic-streamout/tt_um_flowguard_stress.gds,/tmp/banyancode/gds-renders/FlowGuard-recovery__results__validate_winners_v1__runs__trial_clock15p8-u30-d38-p0-g0p2-sAREA_0-d38__57-magic-streamout__tt_um_flowguard_stress.gds.png,2173556,45177,1000,312,success,
/home/ubuntu/FlowGuard-recovery/results/validate_winners_v1/runs/trial_clock15p8-u30-d38-p0-g0p2-sAREA_0-d38/57-magic-streamout/tt_um_flowguard_stress.magic.gds,/tmp/banyancode/gds-renders/FlowGuard-recovery__results__validate_winners_v1__runs__trial_clock15p8-u30-d38-p0-g0p2-sAREA_0-d38__57-magic-streamout__tt_um_flowguard_stress.magic.gds.png,2173556,45177,1000,312,success,
/home/ubuntu/FlowGuard-recovery/results/validate_winners_v1/runs/trial_clock15p8-u30-d38-p0-g0p2-sAREA_0-d38/final/gds/tt_um_flowguard_stress.gds,/tmp/banyancode/gds-renders/FlowGuard-recovery__results__validate_winners_v1__runs__trial_clock15p8-u30-d38-p0-g0p2-sAREA_0-d38__final__gds__tt_um_flowguard_stress.gds.png,2173556,45177,1000,312,success,
/home/ubuntu/FlowGuard-recovery/results/validate_winners_v1/runs/trial_clock15p8-u30-d38-p0-g0p2-sAREA_0-d38/final/mag_gds/tt_um_flowguard_stress.magic.gds,/tmp/banyancode/gds-renders/FlowGuard-recovery__results__validate_winners_v1__runs__trial_clock15p8-u30-d38-p0-g0p2-sAREA_0-d38__final__mag_gds__tt_um_flowguard_stress.magic.gds.png,2173556,45177,1000,312,success,
/home/ubuntu/FlowGuard-recovery/results/validate_winners_v1/runs/trial_clock15p8-u30-d38-p0-g0p2-sAREA_0-d38/58-klayout-streamout/tt_um_flowguard_stress.klayout.gds,/tmp/banyancode/gds-renders/FlowGuard-recovery__results__validate_winners_v1__runs__trial_clock15p8-u30-d38-p0-g0p2-sAREA_0-d38__58-klayout-streamout__tt_um_flowguard_stress.klayout.gds.png,1293230,46542,1000,312,success,
/home/ubuntu/FlowGuard-recovery/results/validate_winners_v1/runs/trial_clock15p8-u30-d38-p0-g0p2-sAREA_0-d38/final/klayout_gds/tt_um_flowguard_stress.klayout.gds,/tmp/banyancode/gds-renders/FlowGuard-recovery__results__validate_winners_v1__runs__trial_clock15p8-u30-d38-p0-g0p2-sAREA_0-d38__final__klayout_gds__tt_um_flowguard_stress.klayout.gds.png,1293230,46542,1000,312,success,
/home/ubuntu/FlowGuard-recovery/results/validate_winners_v1/runs/trial_clock15p8-u30-d45-p0-g0p2-sAREA_0-d45/57-magic-streamout/tt_um_flowguard_stress.gds,/tmp/banyancode/gds-renders/FlowGuard-recovery__results__validate_winners_v1__runs__trial_clock15p8-u30-d45-p0-g0p2-sAREA_0-d45__57-magic-streamout__tt_um_flowguard_stress.gds.png,2173556,45177,1000,312,success,
/home/ubuntu/FlowGuard-recovery/results/validate_winners_v1/runs/trial_clock15p8-u30-d45-p0-g0p2-sAREA_0-d45/57-magic-streamout/tt_um_flowguard_stress.magic.gds,/tmp/banyancode/gds-renders/FlowGuard-recovery__results__validate_winners_v1__runs__trial_clock15p8-u30-d45-p0-g0p2-sAREA_0-d45__57-magic-streamout__tt_um_flowguard_stress.magic.gds.png,2173556,45177,1000,312,success,
/home/ubuntu/FlowGuard-recovery/results/validate_winners_v1/runs/trial_clock15p8-u30-d45-p0-g0p2-sAREA_0-d45/final/gds/tt_um_flowguard_stress.gds,/tmp/banyancode/gds-renders/FlowGuard-recovery__results__validate_winners_v1__runs__trial_clock15p8-u30-d45-p0-g0p2-sAREA_0-d45__final__gds__tt_um_flowguard_stress.gds.png,2173556,45177,1000,312,success,
/home/ubuntu/FlowGuard-recovery/results/validate_winners_v1/runs/trial_clock15p8-u30-d45-p0-g0p2-sAREA_0-d45/final/mag_gds/tt_um_flowguard_stress.magic.gds,/tmp/banyancode/gds-renders/FlowGuard-recovery__results__validate_winners_v1__runs__trial_clock15p8-u30-d45-p0-g0p2-sAREA_0-d45__final__mag_gds__tt_um_flowguard_stress.magic.gds.png,2173556,45177,1000,312,success,
/home/ubuntu/FlowGuard-recovery/results/validate_winners_v1/runs/trial_clock15p8-u30-d45-p0-g0p2-sAREA_0-d45/58-klayout-streamout/tt_um_flowguard_stress.klayout.gds,/tmp/banyancode/gds-renders/FlowGuard-recovery__results__validate_winners_v1__runs__trial_clock15p8-u30-d45-p0-g0p2-sAREA_0-d45__58-klayout-streamout__tt_um_flowguard_stress.klayout.gds.png,1293230,46542,1000,312,success,
/home/ubuntu/FlowGuard-recovery/results/validate_winners_v1/runs/trial_clock15p8-u30-d45-p0-g0p2-sAREA_0-d45/final/klayout_gds/tt_um_flowguard_stress.klayout.gds,/tmp/banyancode/gds-renders/FlowGuard-recovery__results__validate_winners_v1__runs__trial_clock15p8-u30-d45-p0-g0p2-sAREA_0-d45__final__klayout_gds__tt_um_flowguard_stress.klayout.gds.png,1293230,46542,1000,312,success,
/home/ubuntu/FlowGuard-recovery/results/validate_winners_v1/runs/trial_clock15p8-u30-d52-p0-g0p2-sAREA_0-v1/57-magic-streamout/tt_um_flowguard_stress.gds,/tmp/banyancode/gds-renders/FlowGuard-recovery__results__validate_winners_v1__runs__trial_clock15p8-u30-d52-p0-g0p2-sAREA_0-v1__57-magic-streamout__tt_um_flowguard_stress.gds.png,2173556,45177,1000,312,success,
/home/ubuntu/FlowGuard-recovery/results/validate_winners_v1/runs/trial_clock15p8-u30-d52-p0-g0p2-sAREA_0-v1/57-magic-streamout/tt_um_flowguard_stress.magic.gds,/tmp/banyancode/gds-renders/FlowGuard-recovery__results__validate_winners_v1__runs__trial_clock15p8-u30-d52-p0-g0p2-sAREA_0-v1__57-magic-streamout__tt_um_flowguard_stress.magic.gds.png,2173556,45177,1000,312,success,
/home/ubuntu/FlowGuard-recovery/results/validate_winners_v1/runs/trial_clock15p8-u30-d52-p0-g0p2-sAREA_0-v1/final/gds/tt_um_flowguard_stress.gds,/tmp/banyancode/gds-renders/FlowGuard-recovery__results__validate_winners_v1__runs__trial_clock15p8-u30-d52-p0-g0p2-sAREA_0-v1__final__gds__tt_um_flowguard_stress.gds.png,2173556,45177,1000,312,success,
/home/ubuntu/FlowGuard-recovery/results/validate_winners_v1/runs/trial_clock15p8-u30-d52-p0-g0p2-sAREA_0-v1/final/mag_gds/tt_um_flowguard_stress.magic.gds,/tmp/banyancode/gds-renders/FlowGuard-recovery__results__validate_winners_v1__runs__trial_clock15p8-u30-d52-p0-g0p2-sAREA_0-v1__final__mag_gds__tt_um_flowguard_stress.magic.gds.png,2173556,45177,1000,312,success,
/home/ubuntu/FlowGuard-recovery/results/validate_winners_v1/runs/trial_clock15p8-u30-d52-p0-g0p2-sAREA_0-v1/58-klayout-streamout/tt_um_flowguard_stress.klayout.gds,/tmp/banyancode/gds-renders/FlowGuard-recovery__results__validate_winners_v1__runs__trial_clock15p8-u30-d52-p0-g0p2-sAREA_0-v1__58-klayout-streamout__tt_um_flowguard_stress.klayout.gds.png,1293230,46542,1000,312,success,
/home/ubuntu/FlowGuard-recovery/results/validate_winners_v1/runs/trial_clock15p8-u30-d52-p0-g0p2-sAREA_0-v1/final/klayout_gds/tt_um_flowguard_stress.klayout.gds,/tmp/banyancode/gds-renders/FlowGuard-recovery__results__validate_winners_v1__runs__trial_clock15p8-u30-d52-p0-g0p2-sAREA_0-v1__final__klayout_gds__tt_um_flowguard_stress.klayout.gds.png,1293230,46542,1000,312,success,
/home/ubuntu/FlowGuard-recovery/results/validate_winners_v1/runs/trial_clock15p8-u30-d52-p0-g0p2-sAREA_0-v2/57-magic-streamout/tt_um_flowguard_stress.gds,/tmp/banyancode/gds-renders/FlowGuard-recovery__results__validate_winners_v1__runs__trial_clock15p8-u30-d52-p0-g0p2-sAREA_0-v2__57-magic-streamout__tt_um_flowguard_stress.gds.png,2173556,45177,1000,312,success,
/home/ubuntu/FlowGuard-recovery/results/validate_winners_v1/runs/trial_clock15p8-u30-d52-p0-g0p2-sAREA_0-v2/57-magic-streamout/tt_um_flowguard_stress.magic.gds,/tmp/banyancode/gds-renders/FlowGuard-recovery__results__validate_winners_v1__runs__trial_clock15p8-u30-d52-p0-g0p2-sAREA_0-v2__57-magic-streamout__tt_um_flowguard_stress.magic.gds.png,2173556,45177,1000,312,success,
/home/ubuntu/FlowGuard-recovery/results/validate_winners_v1/runs/trial_clock15p8-u30-d52-p0-g0p2-sAREA_0-v2/final/gds/tt_um_flowguard_stress.gds,/tmp/banyancode/gds-renders/FlowGuard-recovery__results__validate_winners_v1__runs__trial_clock15p8-u30-d52-p0-g0p2-sAREA_0-v2__final__gds__tt_um_flowguard_stress.gds.png,2173556,45177,1000,312,success,
/home/ubuntu/FlowGuard-recovery/results/validate_winners_v1/runs/trial_clock15p8-u30-d52-p0-g0p2-sAREA_0-v2/final/mag_gds/tt_um_flowguard_stress.magic.gds,/tmp/banyancode/gds-renders/FlowGuard-recovery__results__validate_winners_v1__runs__trial_clock15p8-u30-d52-p0-g0p2-sAREA_0-v2__final__mag_gds__tt_um_flowguard_stress.magic.gds.png,2173556,45177,1000,312,success,
/home/ubuntu/FlowGuard-recovery/results/validate_winners_v1/runs/trial_clock15p8-u30-d52-p0-g0p2-sAREA_0-v2/58-klayout-streamout/tt_um_flowguard_stress.klayout.gds,/tmp/banyancode/gds-renders/FlowGuard-recovery__results__validate_winners_v1__runs__trial_clock15p8-u30-d52-p0-g0p2-sAREA_0-v2__58-klayout-streamout__tt_um_flowguard_stress.klayout.gds.png,1293230,46542,1000,312,success,
/home/ubuntu/FlowGuard-recovery/results/validate_winners_v1/runs/trial_clock15p8-u30-d52-p0-g0p2-sAREA_0-v2/final/klayout_gds/tt_um_flowguard_stress.klayout.gds,/tmp/banyancode/gds-renders/FlowGuard-recovery__results__validate_winners_v1__runs__trial_clock15p8-u30-d52-p0-g0p2-sAREA_0-v2__final__klayout_gds__tt_um_flowguard_stress.klayout.gds.png,1293230,46542,1000,312,success,
/home/ubuntu/external-tinytapeout-work/artifacts/external_tinytapeout_compact_v1/baseline-2x2/57-magic-streamout/tt_um_saadzaeem_tiny_tensor_core.gds,/tmp/banyancode/gds-renders/external-tinytapeout-work__artifacts__external_tinytapeout_compact_v1__baseline-2x2__57-magic-streamout__tt_um_saadzaeem_tiny_tensor_core.gds.png,6865924,111165,1000,625,success,
/home/ubuntu/external-tinytapeout-work/artifacts/external_tinytapeout_compact_v1/baseline-2x2/57-magic-streamout/tt_um_saadzaeem_tiny_tensor_core.magic.gds,/tmp/banyancode/gds-renders/external-tinytapeout-work__artifacts__external_tinytapeout_compact_v1__baseline-2x2__57-magic-streamout__tt_um_saadzaeem_tiny_tensor_core.magic.gds.png,6865924,111165,1000,625,success,
/home/ubuntu/external-tinytapeout-work/artifacts/external_tinytapeout_compact_v1/baseline-2x2/final/gds/tt_um_saadzaeem_tiny_tensor_core.gds,/tmp/banyancode/gds-renders/external-tinytapeout-work__artifacts__external_tinytapeout_compact_v1__baseline-2x2__final__gds__tt_um_saadzaeem_tiny_tensor_core.gds.png,6865924,111165,1000,625,success,
/home/ubuntu/external-tinytapeout-work/artifacts/external_tinytapeout_compact_v1/baseline-2x2/final/mag_gds/tt_um_saadzaeem_tiny_tensor_core.magic.gds,/tmp/banyancode/gds-renders/external-tinytapeout-work__artifacts__external_tinytapeout_compact_v1__baseline-2x2__final__mag_gds__tt_um_saadzaeem_tiny_tensor_core.magic.gds.png,6865924,111165,1000,625,success,
/home/ubuntu/external-tinytapeout-work/flowguard-design-2x2/runs/external_tinytapeout_compact_v1-tiny_tensor_core-2x2-baseline/57-magic-streamout/tt_um_saadzaeem_tiny_tensor_core.gds,/tmp/banyancode/gds-renders/external-tinytapeout-work__flowguard-design-2x2__runs__external_tinytapeout_compact_v1-tiny_tensor_core-2x2-baseline__57-magic-streamout__tt_um_saadzaeem_tiny_tensor_core.gds.png,6865924,111165,1000,625,success,
/home/ubuntu/external-tinytapeout-work/flowguard-design-2x2/runs/external_tinytapeout_compact_v1-tiny_tensor_core-2x2-baseline/57-magic-streamout/tt_um_saadzaeem_tiny_tensor_core.magic.gds,/tmp/banyancode/gds-renders/external-tinytapeout-work__flowguard-design-2x2__runs__external_tinytapeout_compact_v1-tiny_tensor_core-2x2-baseline__57-magic-streamout__tt_um_saadzaeem_tiny_tensor_core.magic.gds.png,6865924,111165,1000,625,success,
/home/ubuntu/external-tinytapeout-work/flowguard-design-2x2/runs/external_tinytapeout_compact_v1-tiny_tensor_core-2x2-baseline/final/gds/tt_um_saadzaeem_tiny_tensor_core.gds,/tmp/banyancode/gds-renders/external-tinytapeout-work__flowguard-design-2x2__runs__external_tinytapeout_compact_v1-tiny_tensor_core-2x2-baseline__final__gds__tt_um_saadzaeem_tiny_tensor_core.gds.png,6865924,111165,1000,625,success,
/home/ubuntu/external-tinytapeout-work/flowguard-design-2x2/runs/external_tinytapeout_compact_v1-tiny_tensor_core-2x2-baseline/final/mag_gds/tt_um_saadzaeem_tiny_tensor_core.magic.gds,/tmp/banyancode/gds-renders/external-tinytapeout-work__flowguard-design-2x2__runs__external_tinytapeout_compact_v1-tiny_tensor_core-2x2-baseline__final__mag_gds__tt_um_saadzaeem_tiny_tensor_core.magic.gds.png,6865924,111165,1000,625,success,
/home/ubuntu/external-tinytapeout-work/artifacts/external_tinytapeout_compact_v1/baseline-2x2/58-klayout-streamout/tt_um_saadzaeem_tiny_tensor_core.klayout.gds,/tmp/banyancode/gds-renders/external-tinytapeout-work__artifacts__external_tinytapeout_compact_v1__baseline-2x2__58-klayout-streamout__tt_um_saadzaeem_tiny_tensor_core.klayout.gds.png,3728502,118161,1000,625,success,
/home/ubuntu/external-tinytapeout-work/artifacts/external_tinytapeout_compact_v1/baseline-2x2/final/klayout_gds/tt_um_saadzaeem_tiny_tensor_core.klayout.gds,/tmp/banyancode/gds-renders/external-tinytapeout-work__artifacts__external_tinytapeout_compact_v1__baseline-2x2__final__klayout_gds__tt_um_saadzaeem_tiny_tensor_core.klayout.gds.png,3728502,118161,1000,625,success,
/home/ubuntu/external-tinytapeout-work/flowguard-design-2x2/runs/external_tinytapeout_compact_v1-tiny_tensor_core-2x2-baseline/58-klayout-streamout/tt_um_saadzaeem_tiny_tensor_core.klayout.gds,/tmp/banyancode/gds-renders/external-tinytapeout-work__flowguard-design-2x2__runs__external_tinytapeout_compact_v1-tiny_tensor_core-2x2-baseline__58-klayout-streamout__tt_um_saadzaeem_tiny_tensor_core.klayout.gds.png,3728502,118161,1000,625,success,
/home/ubuntu/external-tinytapeout-work/flowguard-design-2x2/runs/external_tinytapeout_compact_v1-tiny_tensor_core-2x2-baseline/final/klayout_gds/tt_um_saadzaeem_tiny_tensor_core.klayout.gds,/tmp/banyancode/gds-renders/external-tinytapeout-work__flowguard-design-2x2__runs__external_tinytapeout_compact_v1-tiny_tensor_core-2x2-baseline__final__klayout_gds__tt_um_saadzaeem_tiny_tensor_core.klayout.gds.png,3728502,118161,1000,625,success,
/home/ubuntu/external-tinytapeout-work/artifacts/external_tinytapeout_compact_v1/crossbar_clock_probe/configs/runs/crossbar-probe-best-20p75/57-magic-streamout/crossbar_datapath_v1.gds,/tmp/banyancode/gds-renders/external-tinytapeout-work__artifacts__external_tinytapeout_compact_v1__crossbar_clock_probe__configs__runs__crossbar-probe-best-20p75__57-magic-streamout__crossbar_datapath_v1.gds.png,6322194,100468,1000,625,success,
/home/ubuntu/external-tinytapeout-work/artifacts/external_tinytapeout_compact_v1/crossbar_clock_probe/configs/runs/crossbar-probe-best-20p75/57-magic-streamout/crossbar_datapath_v1.magic.gds,/tmp/banyancode/gds-renders/external-tinytapeout-work__artifacts__external_tinytapeout_compact_v1__crossbar_clock_probe__configs__runs__crossbar-probe-best-20p75__57-magic-streamout__crossbar_datapath_v1.magic.gds.png,6322194,100468,1000,625,success,
/home/ubuntu/external-tinytapeout-work/artifacts/external_tinytapeout_compact_v1/crossbar_clock_probe/configs/runs/crossbar-probe-best-20p75/final/gds/crossbar_datapath_v1.gds,/tmp/banyancode/gds-renders/external-tinytapeout-work__artifacts__external_tinytapeout_compact_v1__crossbar_clock_probe__configs__runs__crossbar-probe-best-20p75__final__gds__crossbar_datapath_v1.gds.png,6322194,100468,1000,625,success,
/home/ubuntu/external-tinytapeout-work/artifacts/external_tinytapeout_compact_v1/crossbar_clock_probe/configs/runs/crossbar-probe-best-20p75/final/mag_gds/crossbar_datapath_v1.magic.gds,/tmp/banyancode/gds-renders/external-tinytapeout-work__artifacts__external_tinytapeout_compact_v1__crossbar_clock_probe__configs__runs__crossbar-probe-best-20p75__final__mag_gds__crossbar_datapath_v1.magic.gds.png,6322194,100468,1000,625,success,
/home/ubuntu/external-tinytapeout-work/artifacts/external_tinytapeout_compact_v1/crossbar_clock_probe/configs/runs/crossbar-probe-best-20p75/58-klayout-streamout/crossbar_datapath_v1.klayout.gds,/tmp/banyancode/gds-renders/external-tinytapeout-work__artifacts__external_tinytapeout_compact_v1__crossbar_clock_probe__configs__runs__crossbar-probe-best-20p75__58-klayout-streamout__crossbar_datapath_v1.klayout.gds.png,3574272,104829,1000,625,success,
/home/ubuntu/external-tinytapeout-work/artifacts/external_tinytapeout_compact_v1/crossbar_clock_probe/configs/runs/crossbar-probe-best-20p75/final/klayout_gds/crossbar_datapath_v1.klayout.gds,/tmp/banyancode/gds-renders/external-tinytapeout-work__artifacts__external_tinytapeout_compact_v1__crossbar_clock_probe__configs__runs__crossbar-probe-best-20p75__final__klayout_gds__crossbar_datapath_v1.klayout.gds.png,3574272,104829,1000,625,success,
/home/ubuntu/external-tinytapeout-work/artifacts/external_tinytapeout_compact_v1/crossbar_clock_probe/configs/runs/crossbar-probe-best-21p25/57-magic-streamout/crossbar_datapath_v1.gds,/tmp/banyancode/gds-renders/external-tinytapeout-work__artifacts__external_tinytapeout_compact_v1__crossbar_clock_probe__configs__runs__crossbar-probe-best-21p25__57-magic-streamout__crossbar_datapath_v1.gds.png,6325218,99320,1000,625,success,
/home/ubuntu/external-tinytapeout-work/artifacts/external_tinytapeout_compact_v1/crossbar_clock_probe/configs/runs/crossbar-probe-best-21p25/57-magic-streamout/crossbar_datapath_v1.magic.gds,/tmp/banyancode/gds-renders/external-tinytapeout-work__artifacts__external_tinytapeout_compact_v1__crossbar_clock_probe__configs__runs__crossbar-probe-best-21p25__57-magic-streamout__crossbar_datapath_v1.magic.gds.png,6325218,99320,1000,625,success,
/home/ubuntu/external-tinytapeout-work/artifacts/external_tinytapeout_compact_v1/crossbar_clock_probe/configs/runs/crossbar-probe-best-21p25/final/gds/crossbar_datapath_v1.gds,/tmp/banyancode/gds-renders/external-tinytapeout-work__artifacts__external_tinytapeout_compact_v1__crossbar_clock_probe__configs__runs__crossbar-probe-best-21p25__final__gds__crossbar_datapath_v1.gds.png,6325218,99320,1000,625,success,
/home/ubuntu/external-tinytapeout-work/artifacts/external_tinytapeout_compact_v1/crossbar_clock_probe/configs/runs/crossbar-probe-best-21p25/final/mag_gds/crossbar_datapath_v1.magic.gds,/tmp/banyancode/gds-renders/external-tinytapeout-work__artifacts__external_tinytapeout_compact_v1__crossbar_clock_probe__configs__runs__crossbar-probe-best-21p25__final__mag_gds__crossbar_datapath_v1.magic.gds.png,6325218,99320,1000,625,success,
/home/ubuntu/external-tinytapeout-work/artifacts/external_tinytapeout_compact_v1/crossbar_clock_probe/configs/runs/crossbar-probe-best-21p25/58-klayout-streamout/crossbar_datapath_v1.klayout.gds,/tmp/banyancode/gds-renders/external-tinytapeout-work__artifacts__external_tinytapeout_compact_v1__crossbar_clock_probe__configs__runs__crossbar-probe-best-21p25__58-klayout-streamout__crossbar_datapath_v1.klayout.gds.png,3593894,102785,1000,625,success,
/home/ubuntu/external-tinytapeout-work/artifacts/external_tinytapeout_compact_v1/crossbar_clock_probe/configs/runs/crossbar-probe-best-21p25/final/klayout_gds/crossbar_datapath_v1.klayout.gds,/tmp/banyancode/gds-renders/external-tinytapeout-work__artifacts__external_tinytapeout_compact_v1__crossbar_clock_probe__configs__runs__crossbar-probe-best-21p25__final__klayout_gds__crossbar_datapath_v1.klayout.gds.png,3593894,102785,1000,625,success,
/home/ubuntu/external-tinytapeout-work/artifacts/external_tinytapeout_compact_v1/crossbar_clock_probe/configs/runs/crossbar-probe-default-20p75/57-magic-streamout/crossbar_datapath_v1.gds,/tmp/banyancode/gds-renders/external-tinytapeout-work__artifacts__external_tinytapeout_compact_v1__crossbar_clock_probe__configs__runs__crossbar-probe-default-20p75__57-magic-streamout__crossbar_datapath_v1.gds.png,6987514,105100,1000,625,success,
/home/ubuntu/external-tinytapeout-work/artifacts/external_tinytapeout_compact_v1/crossbar_clock_probe/configs/runs/crossbar-probe-default-20p75/57-magic-streamout/crossbar_datapath_v1.magic.gds,/tmp/banyancode/gds-renders/external-tinytapeout-work__artifacts__external_tinytapeout_compact_v1__crossbar_clock_probe__configs__runs__crossbar-probe-default-20p75__57-magic-streamout__crossbar_datapath_v1.magic.gds.png,6987514,105100,1000,625,success,
/home/ubuntu/external-tinytapeout-work/artifacts/external_tinytapeout_compact_v1/crossbar_clock_probe/configs/runs/crossbar-probe-default-20p75/final/gds/crossbar_datapath_v1.gds,/tmp/banyancode/gds-renders/external-tinytapeout-work__artifacts__external_tinytapeout_compact_v1__crossbar_clock_probe__configs__runs__crossbar-probe-default-20p75__final__gds__crossbar_datapath_v1.gds.png,6987514,105100,1000,625,success,
/home/ubuntu/external-tinytapeout-work/artifacts/external_tinytapeout_compact_v1/crossbar_clock_probe/configs/runs/crossbar-probe-default-20p75/final/mag_gds/crossbar_datapath_v1.magic.gds,/tmp/banyancode/gds-renders/external-tinytapeout-work__artifacts__external_tinytapeout_compact_v1__crossbar_clock_probe__configs__runs__crossbar-probe-default-20p75__final__mag_gds__crossbar_datapath_v1.magic.gds.png,6987514,105100,1000,625,success,
/home/ubuntu/external-tinytapeout-work/artifacts/external_tinytapeout_compact_v1/crossbar_clock_probe/configs/runs/crossbar-probe-default-20p75/58-klayout-streamout/crossbar_datapath_v1.klayout.gds,/tmp/banyancode/gds-renders/external-tinytapeout-work__artifacts__external_tinytapeout_compact_v1__crossbar_clock_probe__configs__runs__crossbar-probe-default-20p75__58-klayout-streamout__crossbar_datapath_v1.klayout.gds.png,3973568,108977,1000,625,success,
/home/ubuntu/external-tinytapeout-work/artifacts/external_tinytapeout_compact_v1/crossbar_clock_probe/configs/runs/crossbar-probe-default-20p75/final/klayout_gds/crossbar_datapath_v1.klayout.gds,/tmp/banyancode/gds-renders/external-tinytapeout-work__artifacts__external_tinytapeout_compact_v1__crossbar_clock_probe__configs__runs__crossbar-probe-default-20p75__final__klayout_gds__crossbar_datapath_v1.klayout.gds.png,3973568,108977,1000,625,success,
/home/ubuntu/external-tinytapeout-work/artifacts/external_tinytapeout_compact_v1/crossbar_clock_probe/configs/runs/crossbar-probe-default-21p25/57-magic-streamout/crossbar_datapath_v1.gds,/tmp/banyancode/gds-renders/external-tinytapeout-work__artifacts__external_tinytapeout_compact_v1__crossbar_clock_probe__configs__runs__crossbar-probe-default-21p25__57-magic-streamout__crossbar_datapath_v1.gds.png,6737640,107220,1000,625,success,
/home/ubuntu/external-tinytapeout-work/artifacts/external_tinytapeout_compact_v1/crossbar_clock_probe/configs/runs/crossbar-probe-default-21p25/57-magic-streamout/crossbar_datapath_v1.magic.gds,/tmp/banyancode/gds-renders/external-tinytapeout-work__artifacts__external_tinytapeout_compact_v1__crossbar_clock_probe__configs__runs__crossbar-probe-default-21p25__57-magic-streamout__crossbar_datapath_v1.magic.gds.png,6737640,107220,1000,625,success,
/home/ubuntu/external-tinytapeout-work/artifacts/external_tinytapeout_compact_v1/crossbar_clock_probe/configs/runs/crossbar-probe-default-21p25/final/gds/crossbar_datapath_v1.gds,/tmp/banyancode/gds-renders/external-tinytapeout-work__artifacts__external_tinytapeout_compact_v1__crossbar_clock_probe__configs__runs__crossbar-probe-default-21p25__final__gds__crossbar_datapath_v1.gds.png,6737640,107220,1000,625,success,
/home/ubuntu/external-tinytapeout-work/artifacts/external_tinytapeout_compact_v1/crossbar_clock_probe/configs/runs/crossbar-probe-default-21p25/final/mag_gds/crossbar_datapath_v1.magic.gds,/tmp/banyancode/gds-renders/external-tinytapeout-work__artifacts__external_tinytapeout_compact_v1__crossbar_clock_probe__configs__runs__crossbar-probe-default-21p25__final__mag_gds__crossbar_datapath_v1.magic.gds.png,6737640,107220,1000,625,success,
/home/ubuntu/external-tinytapeout-work/artifacts/external_tinytapeout_compact_v1/crossbar_clock_probe/configs/runs/crossbar-probe-default-21p25/58-klayout-streamout/crossbar_datapath_v1.klayout.gds,/tmp/banyancode/gds-renders/external-tinytapeout-work__artifacts__external_tinytapeout_compact_v1__crossbar_clock_probe__configs__runs__crossbar-probe-default-21p25__58-klayout-streamout__crossbar_datapath_v1.klayout.gds.png,3796384,111705,1000,625,success,
/home/ubuntu/external-tinytapeout-work/artifacts/external_tinytapeout_compact_v1/crossbar_clock_probe/configs/runs/crossbar-probe-default-21p25/final/klayout_gds/crossbar_datapath_v1.klayout.gds,/tmp/banyancode/gds-renders/external-tinytapeout-work__artifacts__external_tinytapeout_compact_v1__crossbar_clock_probe__configs__runs__crossbar-probe-default-21p25__final__klayout_gds__crossbar_datapath_v1.klayout.gds.png,3796384,111705,1000,625,success,
/home/ubuntu/external-tinytapeout-work/artifacts/external_tinytapeout_compact_v1/crossbar_datapath_v1_physical_v1/finals/c01_density35_area0/gds/crossbar_datapath_v1.gds,/tmp/banyancode/gds-renders/external-tinytapeout-work__artifacts__external_tinytapeout_compact_v1__crossbar_datapath_v1_physical_v1__finals__c01_density35_area0__gds__crossbar_datapath_v1.gds.png,6957828,100538,1000,625,success,
/home/ubuntu/external-tinytapeout-work/artifacts/external_tinytapeout_compact_v1/crossbar_datapath_v1_physical_v1/finals/c01_density35_area0/mag_gds/crossbar_datapath_v1.magic.gds,/tmp/banyancode/gds-renders/external-tinytapeout-work__artifacts__external_tinytapeout_compact_v1__crossbar_datapath_v1_physical_v1__finals__c01_density35_area0__mag_gds__crossbar_datapath_v1.magic.gds.png,6957828,100538,1000,625,success,
/home/ubuntu/external-tinytapeout-work/artifacts/external_tinytapeout_compact_v1/crossbar_datapath_v1_physical_v1/runs/trial_c01_density35_area0/57-magic-streamout/crossbar_datapath_v1.gds,/tmp/banyancode/gds-renders/external-tinytapeout-work__artifacts__external_tinytapeout_compact_v1__crossbar_datapath_v1_physical_v1__runs__trial_c01_density35_area0__57-magic-streamout__crossbar_datapath_v1.gds.png,6957828,100538,1000,625,success,
/home/ubuntu/external-tinytapeout-work/artifacts/external_tinytapeout_compact_v1/crossbar_datapath_v1_physical_v1/runs/trial_c01_density35_area0/57-magic-streamout/crossbar_datapath_v1.magic.gds,/tmp/banyancode/gds-renders/external-tinytapeout-work__artifacts__external_tinytapeout_compact_v1__crossbar_datapath_v1_physical_v1__runs__trial_c01_density35_area0__57-magic-streamout__crossbar_datapath_v1.magic.gds.png,6957828,100538,1000,625,success,
/home/ubuntu/external-tinytapeout-work/artifacts/external_tinytapeout_compact_v1/crossbar_datapath_v1_physical_v1/runs/trial_c01_density35_area0/final/gds/crossbar_datapath_v1.gds,/tmp/banyancode/gds-renders/external-tinytapeout-work__artifacts__external_tinytapeout_compact_v1__crossbar_datapath_v1_physical_v1__runs__trial_c01_density35_area0__final__gds__crossbar_datapath_v1.gds.png,6957828,100538,1000,625,success,
/home/ubuntu/external-tinytapeout-work/artifacts/external_tinytapeout_compact_v1/crossbar_datapath_v1_physical_v1/runs/trial_c01_density35_area0/final/mag_gds/crossbar_datapath_v1.magic.gds,/tmp/banyancode/gds-renders/external-tinytapeout-work__artifacts__external_tinytapeout_compact_v1__crossbar_datapath_v1_physical_v1__runs__trial_c01_density35_area0__final__mag_gds__crossbar_datapath_v1.magic.gds.png,6957828,100538,1000,625,success,
/home/ubuntu/external-tinytapeout-work/artifacts/external_tinytapeout_compact_v1/crossbar_datapath_v1_physical_v1/finals/c01_density35_area0/klayout_gds/crossbar_datapath_v1.klayout.gds,/tmp/banyancode/gds-renders/external-tinytapeout-work__artifacts__external_tinytapeout_compact_v1__crossbar_datapath_v1_physical_v1__finals__c01_density35_area0__klayout_gds__crossbar_datapath_v1.klayout.gds.png,3974358,108596,1000,625,success,
/home/ubuntu/external-tinytapeout-work/artifacts/external_tinytapeout_compact_v1/crossbar_datapath_v1_physical_v1/runs/trial_c01_density35_area0/58-klayout-streamout/crossbar_datapath_v1.klayout.gds,/tmp/banyancode/gds-renders/external-tinytapeout-work__artifacts__external_tinytapeout_compact_v1__crossbar_datapath_v1_physical_v1__runs__trial_c01_density35_area0__58-klayout-streamout__crossbar_datapath_v1.klayout.gds.png,3974358,108596,1000,625,success,
/home/ubuntu/external-tinytapeout-work/artifacts/external_tinytapeout_compact_v1/crossbar_datapath_v1_physical_v1/runs/trial_c01_density35_area0/final/klayout_gds/crossbar_datapath_v1.klayout.gds,/tmp/banyancode/gds-renders/external-tinytapeout-work__artifacts__external_tinytapeout_compact_v1__crossbar_datapath_v1_physical_v1__runs__trial_c01_density35_area0__final__klayout_gds__crossbar_datapath_v1.klayout.gds.png,3974358,108596,1000,625,success,
/home/ubuntu/external-tinytapeout-work/artifacts/external_tinytapeout_compact_v1/crossbar_datapath_v1_physical_v1/finals/c02_density45_area1_pad2/gds/crossbar_datapath_v1.gds,/tmp/banyancode/gds-renders/external-tinytapeout-work__artifacts__external_tinytapeout_compact_v1__crossbar_datapath_v1_physical_v1__finals__c02_density45_area1_pad2__gds__crossbar_datapath_v1.gds.png,7000388,102242,1000,625,success,
/home/ubuntu/external-tinytapeout-work/artifacts/external_tinytapeout_compact_v1/crossbar_datapath_v1_physical_v1/finals/c02_density45_area1_pad2/mag_gds/crossbar_datapath_v1.magic.gds,/tmp/banyancode/gds-renders/external-tinytapeout-work__artifacts__external_tinytapeout_compact_v1__crossbar_datapath_v1_physical_v1__finals__c02_density45_area1_pad2__mag_gds__crossbar_datapath_v1.magic.gds.png,7000388,102242,1000,625,success,
/home/ubuntu/external-tinytapeout-work/artifacts/external_tinytapeout_compact_v1/crossbar_datapath_v1_physical_v1/runs/trial_c02_density45_area1_pad2/57-magic-streamout/crossbar_datapath_v1.gds,/tmp/banyancode/gds-renders/external-tinytapeout-work__artifacts__external_tinytapeout_compact_v1__crossbar_datapath_v1_physical_v1__runs__trial_c02_density45_area1_pad2__57-magic-streamout__crossbar_datapath_v1.gds.png,7000388,102242,1000,625,success,
/home/ubuntu/external-tinytapeout-work/artifacts/external_tinytapeout_compact_v1/crossbar_datapath_v1_physical_v1/runs/trial_c02_density45_area1_pad2/57-magic-streamout/crossbar_datapath_v1.magic.gds,/tmp/banyancode/gds-renders/external-tinytapeout-work__artifacts__external_tinytapeout_compact_v1__crossbar_datapath_v1_physical_v1__runs__trial_c02_density45_area1_pad2__57-magic-streamout__crossbar_datapath_v1.magic.gds.png,7000388,102242,1000,625,success,
/home/ubuntu/external-tinytapeout-work/artifacts/external_tinytapeout_compact_v1/crossbar_datapath_v1_physical_v1/runs/trial_c02_density45_area1_pad2/final/gds/crossbar_datapath_v1.gds,/tmp/banyancode/gds-renders/external-tinytapeout-work__artifacts__external_tinytapeout_compact_v1__crossbar_datapath_v1_physical_v1__runs__trial_c02_density45_area1_pad2__final__gds__crossbar_datapath_v1.gds.png,7000388,102242,1000,625,success,
/home/ubuntu/external-tinytapeout-work/artifacts/external_tinytapeout_compact_v1/crossbar_datapath_v1_physical_v1/runs/trial_c02_density45_area1_pad2/final/mag_gds/crossbar_datapath_v1.magic.gds,/tmp/banyancode/gds-renders/external-tinytapeout-work__artifacts__external_tinytapeout_compact_v1__crossbar_datapath_v1_physical_v1__runs__trial_c02_density45_area1_pad2__final__mag_gds__crossbar_datapath_v1.magic.gds.png,7000388,102242,1000,625,success,
/home/ubuntu/external-tinytapeout-work/artifacts/external_tinytapeout_compact_v1/crossbar_datapath_v1_physical_v1/finals/c02_density45_area1_pad2/klayout_gds/crossbar_datapath_v1.klayout.gds,/tmp/banyancode/gds-renders/external-tinytapeout-work__artifacts__external_tinytapeout_compact_v1__crossbar_datapath_v1_physical_v1__finals__c02_density45_area1_pad2__klayout_gds__crossbar_datapath_v1.klayout.gds.png,4011386,108514,1000,625,success,
/home/ubuntu/external-tinytapeout-work/artifacts/external_tinytapeout_compact_v1/crossbar_datapath_v1_physical_v1/runs/trial_c02_density45_area1_pad2/58-klayout-streamout/crossbar_datapath_v1.klayout.gds,/tmp/banyancode/gds-renders/external-tinytapeout-work__artifacts__external_tinytapeout_compact_v1__crossbar_datapath_v1_physical_v1__runs__trial_c02_density45_area1_pad2__58-klayout-streamout__crossbar_datapath_v1.klayout.gds.png,4011386,108514,1000,625,success,
/home/ubuntu/external-tinytapeout-work/artifacts/external_tinytapeout_compact_v1/crossbar_datapath_v1_physical_v1/runs/trial_c02_density45_area1_pad2/final/klayout_gds/crossbar_datapath_v1.klayout.gds,/tmp/banyancode/gds-renders/external-tinytapeout-work__artifacts__external_tinytapeout_compact_v1__crossbar_datapath_v1_physical_v1__runs__trial_c02_density45_area1_pad2__final__klayout_gds__crossbar_datapath_v1.klayout.gds.png,4011386,108514,1000,625,success,
/home/ubuntu/external-tinytapeout-work/artifacts/external_tinytapeout_compact_v1/crossbar_datapath_v1_physical_v1/finals/c03_density55_area2/gds/crossbar_datapath_v1.gds,/tmp/banyancode/gds-renders/external-tinytapeout-work__artifacts__external_tinytapeout_compact_v1__crossbar_datapath_v1_physical_v1__finals__c03_density55_area2__gds__crossbar_datapath_v1.gds.png,6361524,100514,1000,625,success,
/home/ubuntu/external-tinytapeout-work/artifacts/external_tinytapeout_compact_v1/crossbar_datapath_v1_physical_v1/finals/c03_density55_area2/mag_gds/crossbar_datapath_v1.magic.gds,/tmp/banyancode/gds-renders/external-tinytapeout-work__artifacts__external_tinytapeout_compact_v1__crossbar_datapath_v1_physical_v1__finals__c03_density55_area2__mag_gds__crossbar_datapath_v1.magic.gds.png,6361524,100514,1000,625,success,
/home/ubuntu/external-tinytapeout-work/artifacts/external_tinytapeout_compact_v1/crossbar_datapath_v1_physical_v1/runs/trial_c03_density55_area2/57-magic-streamout/crossbar_datapath_v1.gds,/tmp/banyancode/gds-renders/external-tinytapeout-work__artifacts__external_tinytapeout_compact_v1__crossbar_datapath_v1_physical_v1__runs__trial_c03_density55_area2__57-magic-streamout__crossbar_datapath_v1.gds.png,6361524,100514,1000,625,success,
/home/ubuntu/external-tinytapeout-work/artifacts/external_tinytapeout_compact_v1/crossbar_datapath_v1_physical_v1/runs/trial_c03_density55_area2/57-magic-streamout/crossbar_datapath_v1.magic.gds,/tmp/banyancode/gds-renders/external-tinytapeout-work__artifacts__external_tinytapeout_compact_v1__crossbar_datapath_v1_physical_v1__runs__trial_c03_density55_area2__57-magic-streamout__crossbar_datapath_v1.magic.gds.png,6361524,100514,1000,625,success,
/home/ubuntu/external-tinytapeout-work/artifacts/external_tinytapeout_compact_v1/crossbar_datapath_v1_physical_v1/runs/trial_c03_density55_area2/final/gds/crossbar_datapath_v1.gds,/tmp/banyancode/gds-renders/external-tinytapeout-work__artifacts__external_tinytapeout_compact_v1__crossbar_datapath_v1_physical_v1__runs__trial_c03_density55_area2__final__gds__crossbar_datapath_v1.gds.png,6361524,100514,1000,625,success,
/home/ubuntu/external-tinytapeout-work/artifacts/external_tinytapeout_compact_v1/crossbar_datapath_v1_physical_v1/runs/trial_c03_density55_area2/final/mag_gds/crossbar_datapath_v1.magic.gds,/tmp/banyancode/gds-renders/external-tinytapeout-work__artifacts__external_tinytapeout_compact_v1__crossbar_datapath_v1_physical_v1__runs__trial_c03_density55_area2__final__mag_gds__crossbar_datapath_v1.magic.gds.png,6361524,100514,1000,625,success,
/home/ubuntu/external-tinytapeout-work/artifacts/external_tinytapeout_compact_v1/crossbar_datapath_v1_physical_v1/finals/c03_density55_area2/klayout_gds/crossbar_datapath_v1.klayout.gds,/tmp/banyancode/gds-renders/external-tinytapeout-work__artifacts__external_tinytapeout_compact_v1__crossbar_datapath_v1_physical_v1__finals__c03_density55_area2__klayout_gds__crossbar_datapath_v1.klayout.gds.png,3624382,106631,1000,625,success,
/home/ubuntu/external-tinytapeout-work/artifacts/external_tinytapeout_compact_v1/crossbar_datapath_v1_physical_v1/runs/trial_c03_density55_area2/58-klayout-streamout/crossbar_datapath_v1.klayout.gds,/tmp/banyancode/gds-renders/external-tinytapeout-work__artifacts__external_tinytapeout_compact_v1__crossbar_datapath_v1_physical_v1__runs__trial_c03_density55_area2__58-klayout-streamout__crossbar_datapath_v1.klayout.gds.png,3624382,106631,1000,625,success,
/home/ubuntu/external-tinytapeout-work/artifacts/external_tinytapeout_compact_v1/crossbar_datapath_v1_physical_v1/runs/trial_c03_density55_area2/final/klayout_gds/crossbar_datapath_v1.klayout.gds,/tmp/banyancode/gds-renders/external-tinytapeout-work__artifacts__external_tinytapeout_compact_v1__crossbar_datapath_v1_physical_v1__runs__trial_c03_density55_area2__final__klayout_gds__crossbar_datapath_v1.klayout.gds.png,3624382,106631,1000,625,success,
/home/ubuntu/external-tinytapeout-work/artifacts/external_tinytapeout_compact_v1/crossbar_datapath_v1_physical_v1/finals/c06_density60_area3/gds/crossbar_datapath_v1.gds,/tmp/banyancode/gds-renders/external-tinytapeout-work__artifacts__external_tinytapeout_compact_v1__crossbar_datapath_v1_physical_v1__finals__c06_density60_area3__gds__crossbar_datapath_v1.gds.png,8267310,105803,1000,625,success,
/home/ubuntu/external-tinytapeout-work/artifacts/external_tinytapeout_compact_v1/crossbar_datapath_v1_physical_v1/finals/c06_density60_area3/mag_gds/crossbar_datapath_v1.magic.gds,/tmp/banyancode/gds-renders/external-tinytapeout-work__artifacts__external_tinytapeout_compact_v1__crossbar_datapath_v1_physical_v1__finals__c06_density60_area3__mag_gds__crossbar_datapath_v1.magic.gds.png,8267310,105803,1000,625,success,
/home/ubuntu/external-tinytapeout-work/artifacts/external_tinytapeout_compact_v1/crossbar_datapath_v1_physical_v1/runs/trial_c06_density60_area3/57-magic-streamout/crossbar_datapath_v1.gds,/tmp/banyancode/gds-renders/external-tinytapeout-work__artifacts__external_tinytapeout_compact_v1__crossbar_datapath_v1_physical_v1__runs__trial_c06_density60_area3__57-magic-streamout__crossbar_datapath_v1.gds.png,8267310,105803,1000,625,success,
/home/ubuntu/external-tinytapeout-work/artifacts/external_tinytapeout_compact_v1/crossbar_datapath_v1_physical_v1/runs/trial_c06_density60_area3/57-magic-streamout/crossbar_datapath_v1.magic.gds,/tmp/banyancode/gds-renders/external-tinytapeout-work__artifacts__external_tinytapeout_compact_v1__crossbar_datapath_v1_physical_v1__runs__trial_c06_density60_area3__57-magic-streamout__crossbar_datapath_v1.magic.gds.png,8267310,105803,1000,625,success,
/home/ubuntu/external-tinytapeout-work/artifacts/external_tinytapeout_compact_v1/crossbar_datapath_v1_physical_v1/runs/trial_c06_density60_area3/final/gds/crossbar_datapath_v1.gds,/tmp/banyancode/gds-renders/external-tinytapeout-work__artifacts__external_tinytapeout_compact_v1__crossbar_datapath_v1_physical_v1__runs__trial_c06_density60_area3__final__gds__crossbar_datapath_v1.gds.png,8267310,105803,1000,625,success,
/home/ubuntu/external-tinytapeout-work/artifacts/external_tinytapeout_compact_v1/crossbar_datapath_v1_physical_v1/runs/trial_c06_density60_area3/final/mag_gds/crossbar_datapath_v1.magic.gds,/tmp/banyancode/gds-renders/external-tinytapeout-work__artifacts__external_tinytapeout_compact_v1__crossbar_datapath_v1_physical_v1__runs__trial_c06_density60_area3__final__mag_gds__crossbar_datapath_v1.magic.gds.png,8267310,105803,1000,625,success,
/home/ubuntu/external-tinytapeout-work/artifacts/external_tinytapeout_compact_v1/crossbar_datapath_v1_physical_v1/finals/c06_density60_area3/klayout_gds/crossbar_datapath_v1.klayout.gds,/tmp/banyancode/gds-renders/external-tinytapeout-work__artifacts__external_tinytapeout_compact_v1__crossbar_datapath_v1_physical_v1__finals__c06_density60_area3__klayout_gds__crossbar_datapath_v1.klayout.gds.png,4572304,113152,1000,625,success,
/home/ubuntu/external-tinytapeout-work/artifacts/external_tinytapeout_compact_v1/crossbar_datapath_v1_physical_v1/runs/trial_c06_density60_area3/58-klayout-streamout/crossbar_datapath_v1.klayout.gds,/tmp/banyancode/gds-renders/external-tinytapeout-work__artifacts__external_tinytapeout_compact_v1__crossbar_datapath_v1_physical_v1__runs__trial_c06_density60_area3__58-klayout-streamout__crossbar_datapath_v1.klayout.gds.png,4572304,113152,1000,625,success,
/home/ubuntu/external-tinytapeout-work/artifacts/external_tinytapeout_compact_v1/crossbar_datapath_v1_physical_v1/runs/trial_c06_density60_area3/final/klayout_gds/crossbar_datapath_v1.klayout.gds,/tmp/banyancode/gds-renders/external-tinytapeout-work__artifacts__external_tinytapeout_compact_v1__crossbar_datapath_v1_physical_v1__runs__trial_c06_density60_area3__final__klayout_gds__crossbar_datapath_v1.klayout.gds.png,4572304,113152,1000,625,success,
/home/ubuntu/external-tinytapeout-work/artifacts/external_tinytapeout_compact_v1/crossbar_datapath_v1_timing_probe_v1/runs/trial_p01_default_20p75/57-magic-streamout/crossbar_datapath_v1.gds,/tmp/banyancode/gds-renders/external-tinytapeout-work__artifacts__external_tinytapeout_compact_v1__crossbar_datapath_v1_timing_probe_v1__runs__trial_p01_default_20p75__57-magic-streamout__crossbar_datapath_v1.gds.png,6987514,105100,1000,625,success,
/home/ubuntu/external-tinytapeout-work/artifacts/external_tinytapeout_compact_v1/crossbar_datapath_v1_timing_probe_v1/runs/trial_p01_default_20p75/57-magic-streamout/crossbar_datapath_v1.magic.gds,/tmp/banyancode/gds-renders/external-tinytapeout-work__artifacts__external_tinytapeout_compact_v1__crossbar_datapath_v1_timing_probe_v1__runs__trial_p01_default_20p75__57-magic-streamout__crossbar_datapath_v1.magic.gds.png,6987514,105100,1000,625,success,
/home/ubuntu/external-tinytapeout-work/artifacts/external_tinytapeout_compact_v1/crossbar_datapath_v1_timing_probe_v1/runs/trial_p01_default_20p75/final/gds/crossbar_datapath_v1.gds,/tmp/banyancode/gds-renders/external-tinytapeout-work__artifacts__external_tinytapeout_compact_v1__crossbar_datapath_v1_timing_probe_v1__runs__trial_p01_default_20p75__final__gds__crossbar_datapath_v1.gds.png,6987514,105100,1000,625,success,
/home/ubuntu/external-tinytapeout-work/artifacts/external_tinytapeout_compact_v1/crossbar_datapath_v1_timing_probe_v1/runs/trial_p01_default_20p75/final/mag_gds/crossbar_datapath_v1.magic.gds,/tmp/banyancode/gds-renders/external-tinytapeout-work__artifacts__external_tinytapeout_compact_v1__crossbar_datapath_v1_timing_probe_v1__runs__trial_p01_default_20p75__final__mag_gds__crossbar_datapath_v1.magic.gds.png,6987514,105100,1000,625,success,
/home/ubuntu/external-tinytapeout-work/artifacts/external_tinytapeout_compact_v1/crossbar_datapath_v1_timing_probe_v1/runs/trial_p01_default_20p75/58-klayout-streamout/crossbar_datapath_v1.klayout.gds,/tmp/banyancode/gds-renders/external-tinytapeout-work__artifacts__external_tinytapeout_compact_v1__crossbar_datapath_v1_timing_probe_v1__runs__trial_p01_default_20p75__58-klayout-streamout__crossbar_datapath_v1.klayout.gds.png,3973568,108977,1000,625,success,
/home/ubuntu/external-tinytapeout-work/artifacts/external_tinytapeout_compact_v1/crossbar_datapath_v1_timing_probe_v1/runs/trial_p01_default_20p75/final/klayout_gds/crossbar_datapath_v1.klayout.gds,/tmp/banyancode/gds-renders/external-tinytapeout-work__artifacts__external_tinytapeout_compact_v1__crossbar_datapath_v1_timing_probe_v1__runs__trial_p01_default_20p75__final__klayout_gds__crossbar_datapath_v1.klayout.gds.png,3973568,108977,1000,625,success,
/home/ubuntu/external-tinytapeout-work/artifacts/external_tinytapeout_compact_v1/rescue_riscyv02/runs/riscyv02-d45-a15-c1/librelane_run/57-magic-streamout/tt_um_riscyv02.gds,/tmp/banyancode/gds-renders/external-tinytapeout-work__artifacts__external_tinytapeout_compact_v1__rescue_riscyv02__runs__riscyv02-d45-a15-c1__librelane_run__57-magic-streamout__tt_um_riscyv02.gds.png,5018796,321284,1000,1293,success,
/home/ubuntu/external-tinytapeout-work/artifacts/external_tinytapeout_compact_v1/rescue_riscyv02/runs/riscyv02-d45-a15-c1/librelane_run/57-magic-streamout/tt_um_riscyv02.magic.gds,/tmp/banyancode/gds-renders/external-tinytapeout-work__artifacts__external_tinytapeout_compact_v1__rescue_riscyv02__runs__riscyv02-d45-a15-c1__librelane_run__57-magic-streamout__tt_um_riscyv02.magic.gds.png,5018796,321284,1000,1293,success,
/home/ubuntu/external-tinytapeout-work/artifacts/external_tinytapeout_compact_v1/rescue_riscyv02/runs/riscyv02-d45-a15-c1/librelane_run/final/gds/tt_um_riscyv02.gds,/tmp/banyancode/gds-renders/external-tinytapeout-work__artifacts__external_tinytapeout_compact_v1__rescue_riscyv02__runs__riscyv02-d45-a15-c1__librelane_run__final__gds__tt_um_riscyv02.gds.png,5018796,321284,1000,1293,success,
/home/ubuntu/external-tinytapeout-work/artifacts/external_tinytapeout_compact_v1/rescue_riscyv02/runs/riscyv02-d45-a15-c1/librelane_run/final/mag_gds/tt_um_riscyv02.magic.gds,/tmp/banyancode/gds-renders/external-tinytapeout-work__artifacts__external_tinytapeout_compact_v1__rescue_riscyv02__runs__riscyv02-d45-a15-c1__librelane_run__final__mag_gds__tt_um_riscyv02.magic.gds.png,5018796,321284,1000,1293,success,
/home/ubuntu/external-tinytapeout-work/artifacts/external_tinytapeout_compact_v1/rescue_riscyv02/runs/riscyv02-d45-a15-c1/librelane_run/58-klayout-streamout/tt_um_riscyv02.klayout.gds,/tmp/banyancode/gds-renders/external-tinytapeout-work__artifacts__external_tinytapeout_compact_v1__rescue_riscyv02__runs__riscyv02-d45-a15-c1__librelane_run__58-klayout-streamout__tt_um_riscyv02.klayout.gds.png,2914398,368356,1000,1293,success,
/home/ubuntu/external-tinytapeout-work/artifacts/external_tinytapeout_compact_v1/rescue_riscyv02/runs/riscyv02-d45-a15-c1/librelane_run/final/klayout_gds/tt_um_riscyv02.klayout.gds,/tmp/banyancode/gds-renders/external-tinytapeout-work__artifacts__external_tinytapeout_compact_v1__rescue_riscyv02__runs__riscyv02-d45-a15-c1__librelane_run__final__klayout_gds__tt_um_riscyv02.klayout.gds.png,2914398,368356,1000,1293,success,
/home/ubuntu/external-tinytapeout-work/artifacts/external_tinytapeout_compact_v1/rescue_riscyv02/runs/riscyv02-d50-a15-c1/librelane_run/57-magic-streamout/tt_um_riscyv02.gds,/tmp/banyancode/gds-renders/external-tinytapeout-work__artifacts__external_tinytapeout_compact_v1__rescue_riscyv02__runs__riscyv02-d50-a15-c1__librelane_run__57-magic-streamout__tt_um_riscyv02.gds.png,5018796,321284,1000,1293,success,
/home/ubuntu/external-tinytapeout-work/artifacts/external_tinytapeout_compact_v1/rescue_riscyv02/runs/riscyv02-d50-a15-c1/librelane_run/57-magic-streamout/tt_um_riscyv02.magic.gds,/tmp/banyancode/gds-renders/external-tinytapeout-work__artifacts__external_tinytapeout_compact_v1__rescue_riscyv02__runs__riscyv02-d50-a15-c1__librelane_run__57-magic-streamout__tt_um_riscyv02.magic.gds.png,5018796,321284,1000,1293,success,
/home/ubuntu/external-tinytapeout-work/artifacts/external_tinytapeout_compact_v1/rescue_riscyv02/runs/riscyv02-d50-a15-c1/librelane_run/final/gds/tt_um_riscyv02.gds,/tmp/banyancode/gds-renders/external-tinytapeout-work__artifacts__external_tinytapeout_compact_v1__rescue_riscyv02__runs__riscyv02-d50-a15-c1__librelane_run__final__gds__tt_um_riscyv02.gds.png,5018796,321284,1000,1293,success,
/home/ubuntu/external-tinytapeout-work/artifacts/external_tinytapeout_compact_v1/rescue_riscyv02/runs/riscyv02-d50-a15-c1/librelane_run/final/mag_gds/tt_um_riscyv02.magic.gds,/tmp/banyancode/gds-renders/external-tinytapeout-work__artifacts__external_tinytapeout_compact_v1__rescue_riscyv02__runs__riscyv02-d50-a15-c1__librelane_run__final__mag_gds__tt_um_riscyv02.magic.gds.png,5018796,321284,1000,1293,success,
/home/ubuntu/external-tinytapeout-work/artifacts/external_tinytapeout_compact_v1/rescue_riscyv02/runs/riscyv02-d50-a15-c1/librelane_run/58-klayout-streamout/tt_um_riscyv02.klayout.gds,/tmp/banyancode/gds-renders/external-tinytapeout-work__artifacts__external_tinytapeout_compact_v1__rescue_riscyv02__runs__riscyv02-d50-a15-c1__librelane_run__58-klayout-streamout__tt_um_riscyv02.klayout.gds.png,2914398,368356,1000,1293,success,
/home/ubuntu/external-tinytapeout-work/artifacts/external_tinytapeout_compact_v1/rescue_riscyv02/runs/riscyv02-d50-a15-c1/librelane_run/final/klayout_gds/tt_um_riscyv02.klayout.gds,/tmp/banyancode/gds-renders/external-tinytapeout-work__artifacts__external_tinytapeout_compact_v1__rescue_riscyv02__runs__riscyv02-d50-a15-c1__librelane_run__final__klayout_gds__tt_um_riscyv02.klayout.gds.png,2914398,368356,1000,1293,success,
/home/ubuntu/external-tinytapeout-work/artifacts/external_tinytapeout_compact_v1/rescue_riscyv02/runs/riscyv02-d55-a15-c1/librelane_run/57-magic-streamout/tt_um_riscyv02.gds,/tmp/banyancode/gds-renders/external-tinytapeout-work__artifacts__external_tinytapeout_compact_v1__rescue_riscyv02__runs__riscyv02-d55-a15-c1__librelane_run__57-magic-streamout__tt_um_riscyv02.gds.png,5018796,321284,1000,1293,success,
/home/ubuntu/external-tinytapeout-work/artifacts/external_tinytapeout_compact_v1/rescue_riscyv02/runs/riscyv02-d55-a15-c1/librelane_run/57-magic-streamout/tt_um_riscyv02.magic.gds,/tmp/banyancode/gds-renders/external-tinytapeout-work__artifacts__external_tinytapeout_compact_v1__rescue_riscyv02__runs__riscyv02-d55-a15-c1__librelane_run__57-magic-streamout__tt_um_riscyv02.magic.gds.png,5018796,321284,1000,1293,success,
/home/ubuntu/external-tinytapeout-work/artifacts/external_tinytapeout_compact_v1/rescue_riscyv02/runs/riscyv02-d55-a15-c1/librelane_run/final/gds/tt_um_riscyv02.gds,/tmp/banyancode/gds-renders/external-tinytapeout-work__artifacts__external_tinytapeout_compact_v1__rescue_riscyv02__runs__riscyv02-d55-a15-c1__librelane_run__final__gds__tt_um_riscyv02.gds.png,5018796,321284,1000,1293,success,
/home/ubuntu/external-tinytapeout-work/artifacts/external_tinytapeout_compact_v1/rescue_riscyv02/runs/riscyv02-d55-a15-c1/librelane_run/final/mag_gds/tt_um_riscyv02.magic.gds,/tmp/banyancode/gds-renders/external-tinytapeout-work__artifacts__external_tinytapeout_compact_v1__rescue_riscyv02__runs__riscyv02-d55-a15-c1__librelane_run__final__mag_gds__tt_um_riscyv02.magic.gds.png,5018796,321284,1000,1293,success,
/home/ubuntu/external-tinytapeout-work/artifacts/external_tinytapeout_compact_v1/rescue_riscyv02/runs/riscyv02-d55-a15-c1/librelane_run/58-klayout-streamout/tt_um_riscyv02.klayout.gds,/tmp/banyancode/gds-renders/external-tinytapeout-work__artifacts__external_tinytapeout_compact_v1__rescue_riscyv02__runs__riscyv02-d55-a15-c1__librelane_run__58-klayout-streamout__tt_um_riscyv02.klayout.gds.png,2914398,368356,1000,1293,success,
/home/ubuntu/external-tinytapeout-work/artifacts/external_tinytapeout_compact_v1/rescue_riscyv02/runs/riscyv02-d55-a15-c1/librelane_run/final/klayout_gds/tt_um_riscyv02.klayout.gds,/tmp/banyancode/gds-renders/external-tinytapeout-work__artifacts__external_tinytapeout_compact_v1__rescue_riscyv02__runs__riscyv02-d55-a15-c1__librelane_run__final__klayout_gds__tt_um_riscyv02.klayout.gds.png,2914398,368356,1000,1293,success,
/home/ubuntu/external-tinytapeout-work/artifacts/external_tinytapeout_compact_v1/rescue_riscyv02/runs/riscyv02-d60-a15-c1/librelane_run/57-magic-streamout/tt_um_riscyv02.gds,/tmp/banyancode/gds-renders/external-tinytapeout-work__artifacts__external_tinytapeout_compact_v1__rescue_riscyv02__runs__riscyv02-d60-a15-c1__librelane_run__57-magic-streamout__tt_um_riscyv02.gds.png,5018796,321284,1000,1293,success,
/home/ubuntu/external-tinytapeout-work/artifacts/external_tinytapeout_compact_v1/rescue_riscyv02/runs/riscyv02-d60-a15-c1/librelane_run/57-magic-streamout/tt_um_riscyv02.magic.gds,/tmp/banyancode/gds-renders/external-tinytapeout-work__artifacts__external_tinytapeout_compact_v1__rescue_riscyv02__runs__riscyv02-d60-a15-c1__librelane_run__57-magic-streamout__tt_um_riscyv02.magic.gds.png,5018796,321284,1000,1293,success,
/home/ubuntu/external-tinytapeout-work/artifacts/external_tinytapeout_compact_v1/rescue_riscyv02/runs/riscyv02-d60-a15-c1/librelane_run/final/gds/tt_um_riscyv02.gds,/tmp/banyancode/gds-renders/external-tinytapeout-work__artifacts__external_tinytapeout_compact_v1__rescue_riscyv02__runs__riscyv02-d60-a15-c1__librelane_run__final__gds__tt_um_riscyv02.gds.png,5018796,321284,1000,1293,success,
/home/ubuntu/external-tinytapeout-work/artifacts/external_tinytapeout_compact_v1/rescue_riscyv02/runs/riscyv02-d60-a15-c1/librelane_run/final/mag_gds/tt_um_riscyv02.magic.gds,/tmp/banyancode/gds-renders/external-tinytapeout-work__artifacts__external_tinytapeout_compact_v1__rescue_riscyv02__runs__riscyv02-d60-a15-c1__librelane_run__final__mag_gds__tt_um_riscyv02.magic.gds.png,5018796,321284,1000,1293,success,
/home/ubuntu/external-tinytapeout-work/artifacts/external_tinytapeout_compact_v1/rescue_riscyv02/runs/riscyv02-d60-a15-c1/librelane_run/58-klayout-streamout/tt_um_riscyv02.klayout.gds,/tmp/banyancode/gds-renders/external-tinytapeout-work__artifacts__external_tinytapeout_compact_v1__rescue_riscyv02__runs__riscyv02-d60-a15-c1__librelane_run__58-klayout-streamout__tt_um_riscyv02.klayout.gds.png,2914398,368356,1000,1293,success,
/home/ubuntu/external-tinytapeout-work/artifacts/external_tinytapeout_compact_v1/rescue_riscyv02/runs/riscyv02-d60-a15-c1/librelane_run/final/klayout_gds/tt_um_riscyv02.klayout.gds,/tmp/banyancode/gds-renders/external-tinytapeout-work__artifacts__external_tinytapeout_compact_v1__rescue_riscyv02__runs__riscyv02-d60-a15-c1__librelane_run__final__klayout_gds__tt_um_riscyv02.klayout.gds.png,2914398,368356,1000,1293,success,
/home/ubuntu/external-tinytapeout-work/artifacts/external_tinytapeout_compact_v1/rescue_tiny_tensor/runs/tiny-tensor-2x2-d50-p0-c0/librelane_run/57-magic-streamout/tt_um_saadzaeem_tiny_tensor_core.gds,/tmp/banyancode/gds-renders/external-tinytapeout-work__artifacts__external_tinytapeout_compact_v1__rescue_tiny_tensor__runs__tiny-tensor-2x2-d50-p0-c0__librelane_run__57-magic-streamout__tt_um_saadzaeem_tiny_tensor_core.gds.png,6865924,111165,1000,625,success,
/home/ubuntu/external-tinytapeout-work/artifacts/external_tinytapeout_compact_v1/rescue_tiny_tensor/runs/tiny-tensor-2x2-d50-p0-c0/librelane_run/57-magic-streamout/tt_um_saadzaeem_tiny_tensor_core.magic.gds,/tmp/banyancode/gds-renders/external-tinytapeout-work__artifacts__external_tinytapeout_compact_v1__rescue_tiny_tensor__runs__tiny-tensor-2x2-d50-p0-c0__librelane_run__57-magic-streamout__tt_um_saadzaeem_tiny_tensor_core.magic.gds.png,6865924,111165,1000,625,success,
/home/ubuntu/external-tinytapeout-work/artifacts/external_tinytapeout_compact_v1/rescue_tiny_tensor/runs/tiny-tensor-2x2-d50-p0-c0/librelane_run/final/gds/tt_um_saadzaeem_tiny_tensor_core.gds,/tmp/banyancode/gds-renders/external-tinytapeout-work__artifacts__external_tinytapeout_compact_v1__rescue_tiny_tensor__runs__tiny-tensor-2x2-d50-p0-c0__librelane_run__final__gds__tt_um_saadzaeem_tiny_tensor_core.gds.png,6865924,111165,1000,625,success,
/home/ubuntu/external-tinytapeout-work/artifacts/external_tinytapeout_compact_v1/rescue_tiny_tensor/runs/tiny-tensor-2x2-d50-p0-c0/librelane_run/final/mag_gds/tt_um_saadzaeem_tiny_tensor_core.magic.gds,/tmp/banyancode/gds-renders/external-tinytapeout-work__artifacts__external_tinytapeout_compact_v1__rescue_tiny_tensor__runs__tiny-tensor-2x2-d50-p0-c0__librelane_run__final__mag_gds__tt_um_saadzaeem_tiny_tensor_core.magic.gds.png,6865924,111165,1000,625,success,
/home/ubuntu/external-tinytapeout-work/artifacts/external_tinytapeout_compact_v1/rescue_tiny_tensor/runs/tiny-tensor-2x2-d50-p0-c0/librelane_run/58-klayout-streamout/tt_um_saadzaeem_tiny_tensor_core.klayout.gds,/tmp/banyancode/gds-renders/external-tinytapeout-work__artifacts__external_tinytapeout_compact_v1__rescue_tiny_tensor__runs__tiny-tensor-2x2-d50-p0-c0__librelane_run__58-klayout-streamout__tt_um_saadzaeem_tiny_tensor_core.klayout.gds.png,3728502,118161,1000,625,success,
/home/ubuntu/external-tinytapeout-work/artifacts/external_tinytapeout_compact_v1/rescue_tiny_tensor/runs/tiny-tensor-2x2-d50-p0-c0/librelane_run/final/klayout_gds/tt_um_saadzaeem_tiny_tensor_core.klayout.gds,/tmp/banyancode/gds-renders/external-tinytapeout-work__artifacts__external_tinytapeout_compact_v1__rescue_tiny_tensor__runs__tiny-tensor-2x2-d50-p0-c0__librelane_run__final__klayout_gds__tt_um_saadzaeem_tiny_tensor_core.klayout.gds.png,3728502,118161,1000,625,success,
/home/ubuntu/external-tinytapeout-work/artifacts/external_tinytapeout_compact_v1/rescue_tiny_tensor/runs/tiny-tensor-2x2-d50-p0-c1/librelane_run/57-magic-streamout/tt_um_saadzaeem_tiny_tensor_core.gds,/tmp/banyancode/gds-renders/external-tinytapeout-work__artifacts__external_tinytapeout_compact_v1__rescue_tiny_tensor__runs__tiny-tensor-2x2-d50-p0-c1__librelane_run__57-magic-streamout__tt_um_saadzaeem_tiny_tensor_core.gds.png,6865924,111165,1000,625,success,
/home/ubuntu/external-tinytapeout-work/artifacts/external_tinytapeout_compact_v1/rescue_tiny_tensor/runs/tiny-tensor-2x2-d50-p0-c1/librelane_run/57-magic-streamout/tt_um_saadzaeem_tiny_tensor_core.magic.gds,/tmp/banyancode/gds-renders/external-tinytapeout-work__artifacts__external_tinytapeout_compact_v1__rescue_tiny_tensor__runs__tiny-tensor-2x2-d50-p0-c1__librelane_run__57-magic-streamout__tt_um_saadzaeem_tiny_tensor_core.magic.gds.png,6865924,111165,1000,625,success,
/home/ubuntu/external-tinytapeout-work/artifacts/external_tinytapeout_compact_v1/rescue_tiny_tensor/runs/tiny-tensor-2x2-d50-p0-c1/librelane_run/final/gds/tt_um_saadzaeem_tiny_tensor_core.gds,/tmp/banyancode/gds-renders/external-tinytapeout-work__artifacts__external_tinytapeout_compact_v1__rescue_tiny_tensor__runs__tiny-tensor-2x2-d50-p0-c1__librelane_run__final__gds__tt_um_saadzaeem_tiny_tensor_core.gds.png,6865924,111165,1000,625,success,
/home/ubuntu/external-tinytapeout-work/artifacts/external_tinytapeout_compact_v1/rescue_tiny_tensor/runs/tiny-tensor-2x2-d50-p0-c1/librelane_run/final/mag_gds/tt_um_saadzaeem_tiny_tensor_core.magic.gds,/tmp/banyancode/gds-renders/external-tinytapeout-work__artifacts__external_tinytapeout_compact_v1__rescue_tiny_tensor__runs__tiny-tensor-2x2-d50-p0-c1__librelane_run__final__mag_gds__tt_um_saadzaeem_tiny_tensor_core.magic.gds.png,6865924,111165,1000,625,success,
/home/ubuntu/external-tinytapeout-work/artifacts/external_tinytapeout_compact_v1/rescue_tiny_tensor/runs/tiny-tensor-2x2-d50-p0-c1/librelane_run/58-klayout-streamout/tt_um_saadzaeem_tiny_tensor_core.klayout.gds,/tmp/banyancode/gds-renders/external-tinytapeout-work__artifacts__external_tinytapeout_compact_v1__rescue_tiny_tensor__runs__tiny-tensor-2x2-d50-p0-c1__librelane_run__58-klayout-streamout__tt_um_saadzaeem_tiny_tensor_core.klayout.gds.png,3728502,118161,1000,625,success,
/home/ubuntu/external-tinytapeout-work/artifacts/external_tinytapeout_compact_v1/rescue_tiny_tensor/runs/tiny-tensor-2x2-d50-p0-c1/librelane_run/final/klayout_gds/tt_um_saadzaeem_tiny_tensor_core.klayout.gds,/tmp/banyancode/gds-renders/external-tinytapeout-work__artifacts__external_tinytapeout_compact_v1__rescue_tiny_tensor__runs__tiny-tensor-2x2-d50-p0-c1__librelane_run__final__klayout_gds__tt_um_saadzaeem_tiny_tensor_core.klayout.gds.png,3728502,118161,1000,625,success,
/home/ubuntu/external-tinytapeout-work/artifacts/external_tinytapeout_compact_v1/rescue_tiny_tensor/runs/tiny-tensor-2x2-d50-p1-c0/librelane_run/57-magic-streamout/tt_um_saadzaeem_tiny_tensor_core.gds,/tmp/banyancode/gds-renders/external-tinytapeout-work__artifacts__external_tinytapeout_compact_v1__rescue_tiny_tensor__runs__tiny-tensor-2x2-d50-p1-c0__librelane_run__57-magic-streamout__tt_um_saadzaeem_tiny_tensor_core.gds.png,6865924,111165,1000,625,success,
/home/ubuntu/external-tinytapeout-work/artifacts/external_tinytapeout_compact_v1/rescue_tiny_tensor/runs/tiny-tensor-2x2-d50-p1-c0/librelane_run/57-magic-streamout/tt_um_saadzaeem_tiny_tensor_core.magic.gds,/tmp/banyancode/gds-renders/external-tinytapeout-work__artifacts__external_tinytapeout_compact_v1__rescue_tiny_tensor__runs__tiny-tensor-2x2-d50-p1-c0__librelane_run__57-magic-streamout__tt_um_saadzaeem_tiny_tensor_core.magic.gds.png,6865924,111165,1000,625,success,
/home/ubuntu/external-tinytapeout-work/artifacts/external_tinytapeout_compact_v1/rescue_tiny_tensor/runs/tiny-tensor-2x2-d50-p1-c0/librelane_run/final/gds/tt_um_saadzaeem_tiny_tensor_core.gds,/tmp/banyancode/gds-renders/external-tinytapeout-work__artifacts__external_tinytapeout_compact_v1__rescue_tiny_tensor__runs__tiny-tensor-2x2-d50-p1-c0__librelane_run__final__gds__tt_um_saadzaeem_tiny_tensor_core.gds.png,6865924,111165,1000,625,success,
/home/ubuntu/external-tinytapeout-work/artifacts/external_tinytapeout_compact_v1/rescue_tiny_tensor/runs/tiny-tensor-2x2-d50-p1-c0/librelane_run/final/mag_gds/tt_um_saadzaeem_tiny_tensor_core.magic.gds,/tmp/banyancode/gds-renders/external-tinytapeout-work__artifacts__external_tinytapeout_compact_v1__rescue_tiny_tensor__runs__tiny-tensor-2x2-d50-p1-c0__librelane_run__final__mag_gds__tt_um_saadzaeem_tiny_tensor_core.magic.gds.png,6865924,111165,1000,625,success,
/home/ubuntu/external-tinytapeout-work/artifacts/external_tinytapeout_compact_v1/rescue_tiny_tensor/runs/tiny-tensor-2x2-d50-p1-c0/librelane_run/58-klayout-streamout/tt_um_saadzaeem_tiny_tensor_core.klayout.gds,/tmp/banyancode/gds-renders/external-tinytapeout-work__artifacts__external_tinytapeout_compact_v1__rescue_tiny_tensor__runs__tiny-tensor-2x2-d50-p1-c0__librelane_run__58-klayout-streamout__tt_um_saadzaeem_tiny_tensor_core.klayout.gds.png,3728502,118161,1000,625,success,
/home/ubuntu/external-tinytapeout-work/artifacts/external_tinytapeout_compact_v1/rescue_tiny_tensor/runs/tiny-tensor-2x2-d50-p1-c0/librelane_run/final/klayout_gds/tt_um_saadzaeem_tiny_tensor_core.klayout.gds,/tmp/banyancode/gds-renders/external-tinytapeout-work__artifacts__external_tinytapeout_compact_v1__rescue_tiny_tensor__runs__tiny-tensor-2x2-d50-p1-c0__librelane_run__final__klayout_gds__tt_um_saadzaeem_tiny_tensor_core.klayout.gds.png,3728502,118161,1000,625,success,
/home/ubuntu/external-tinytapeout-work/artifacts/external_tinytapeout_compact_v1/rescue_tiny_tensor/runs/tiny-tensor-2x2-d50-p1-c1/librelane_run/57-magic-streamout/tt_um_saadzaeem_tiny_tensor_core.gds,/tmp/banyancode/gds-renders/external-tinytapeout-work__artifacts__external_tinytapeout_compact_v1__rescue_tiny_tensor__runs__tiny-tensor-2x2-d50-p1-c1__librelane_run__57-magic-streamout__tt_um_saadzaeem_tiny_tensor_core.gds.png,6865924,111165,1000,625,success,
/home/ubuntu/external-tinytapeout-work/artifacts/external_tinytapeout_compact_v1/rescue_tiny_tensor/runs/tiny-tensor-2x2-d50-p1-c1/librelane_run/57-magic-streamout/tt_um_saadzaeem_tiny_tensor_core.magic.gds,/tmp/banyancode/gds-renders/external-tinytapeout-work__artifacts__external_tinytapeout_compact_v1__rescue_tiny_tensor__runs__tiny-tensor-2x2-d50-p1-c1__librelane_run__57-magic-streamout__tt_um_saadzaeem_tiny_tensor_core.magic.gds.png,6865924,111165,1000,625,success,
/home/ubuntu/external-tinytapeout-work/artifacts/external_tinytapeout_compact_v1/rescue_tiny_tensor/runs/tiny-tensor-2x2-d50-p1-c1/librelane_run/final/gds/tt_um_saadzaeem_tiny_tensor_core.gds,/tmp/banyancode/gds-renders/external-tinytapeout-work__artifacts__external_tinytapeout_compact_v1__rescue_tiny_tensor__runs__tiny-tensor-2x2-d50-p1-c1__librelane_run__final__gds__tt_um_saadzaeem_tiny_tensor_core.gds.png,6865924,111165,1000,625,success,
/home/ubuntu/external-tinytapeout-work/artifacts/external_tinytapeout_compact_v1/rescue_tiny_tensor/runs/tiny-tensor-2x2-d50-p1-c1/librelane_run/final/mag_gds/tt_um_saadzaeem_tiny_tensor_core.magic.gds,/tmp/banyancode/gds-renders/external-tinytapeout-work__artifacts__external_tinytapeout_compact_v1__rescue_tiny_tensor__runs__tiny-tensor-2x2-d50-p1-c1__librelane_run__final__mag_gds__tt_um_saadzaeem_tiny_tensor_core.magic.gds.png,6865924,111165,1000,625,success,
/home/ubuntu/external-tinytapeout-work/artifacts/external_tinytapeout_compact_v1/rescue_tiny_tensor/runs/tiny-tensor-2x2-d50-p1-c1/librelane_run/58-klayout-streamout/tt_um_saadzaeem_tiny_tensor_core.klayout.gds,/tmp/banyancode/gds-renders/external-tinytapeout-work__artifacts__external_tinytapeout_compact_v1__rescue_tiny_tensor__runs__tiny-tensor-2x2-d50-p1-c1__librelane_run__58-klayout-streamout__tt_um_saadzaeem_tiny_tensor_core.klayout.gds.png,3728502,118161,1000,625,success,
/home/ubuntu/external-tinytapeout-work/artifacts/external_tinytapeout_compact_v1/rescue_tiny_tensor/runs/tiny-tensor-2x2-d50-p1-c1/librelane_run/final/klayout_gds/tt_um_saadzaeem_tiny_tensor_core.klayout.gds,/tmp/banyancode/gds-renders/external-tinytapeout-work__artifacts__external_tinytapeout_compact_v1__rescue_tiny_tensor__runs__tiny-tensor-2x2-d50-p1-c1__librelane_run__final__klayout_gds__tt_um_saadzaeem_tiny_tensor_core.klayout.gds.png,3728502,118161,1000,625,success,
/home/ubuntu/external-tinytapeout-work/artifacts/external_tinytapeout_compact_v1/rescue_tiny_tensor/runs/tiny-tensor-2x2-d60-p0-c0/librelane_run/57-magic-streamout/tt_um_saadzaeem_tiny_tensor_core.gds,/tmp/banyancode/gds-renders/external-tinytapeout-work__artifacts__external_tinytapeout_compact_v1__rescue_tiny_tensor__runs__tiny-tensor-2x2-d60-p0-c0__librelane_run__57-magic-streamout__tt_um_saadzaeem_tiny_tensor_core.gds.png,6865924,111165,1000,625,success,
/home/ubuntu/external-tinytapeout-work/artifacts/external_tinytapeout_compact_v1/rescue_tiny_tensor/runs/tiny-tensor-2x2-d60-p0-c0/librelane_run/57-magic-streamout/tt_um_saadzaeem_tiny_tensor_core.magic.gds,/tmp/banyancode/gds-renders/external-tinytapeout-work__artifacts__external_tinytapeout_compact_v1__rescue_tiny_tensor__runs__tiny-tensor-2x2-d60-p0-c0__librelane_run__57-magic-streamout__tt_um_saadzaeem_tiny_tensor_core.magic.gds.png,6865924,111165,1000,625,success,
/home/ubuntu/external-tinytapeout-work/artifacts/external_tinytapeout_compact_v1/rescue_tiny_tensor/runs/tiny-tensor-2x2-d60-p0-c0/librelane_run/final/gds/tt_um_saadzaeem_tiny_tensor_core.gds,/tmp/banyancode/gds-renders/external-tinytapeout-work__artifacts__external_tinytapeout_compact_v1__rescue_tiny_tensor__runs__tiny-tensor-2x2-d60-p0-c0__librelane_run__final__gds__tt_um_saadzaeem_tiny_tensor_core.gds.png,6865924,111165,1000,625,success,
/home/ubuntu/external-tinytapeout-work/artifacts/external_tinytapeout_compact_v1/rescue_tiny_tensor/runs/tiny-tensor-2x2-d60-p0-c0/librelane_run/final/mag_gds/tt_um_saadzaeem_tiny_tensor_core.magic.gds,/tmp/banyancode/gds-renders/external-tinytapeout-work__artifacts__external_tinytapeout_compact_v1__rescue_tiny_tensor__runs__tiny-tensor-2x2-d60-p0-c0__librelane_run__final__mag_gds__tt_um_saadzaeem_tiny_tensor_core.magic.gds.png,6865924,111165,1000,625,success,
/home/ubuntu/external-tinytapeout-work/artifacts/external_tinytapeout_compact_v1/rescue_tiny_tensor/runs/tiny-tensor-2x2-d60-p0-c0/librelane_run/58-klayout-streamout/tt_um_saadzaeem_tiny_tensor_core.klayout.gds,/tmp/banyancode/gds-renders/external-tinytapeout-work__artifacts__external_tinytapeout_compact_v1__rescue_tiny_tensor__runs__tiny-tensor-2x2-d60-p0-c0__librelane_run__58-klayout-streamout__tt_um_saadzaeem_tiny_tensor_core.klayout.gds.png,3728502,118161,1000,625,success,
/home/ubuntu/external-tinytapeout-work/artifacts/external_tinytapeout_compact_v1/rescue_tiny_tensor/runs/tiny-tensor-2x2-d60-p0-c0/librelane_run/final/klayout_gds/tt_um_saadzaeem_tiny_tensor_core.klayout.gds,/tmp/banyancode/gds-renders/external-tinytapeout-work__artifacts__external_tinytapeout_compact_v1__rescue_tiny_tensor__runs__tiny-tensor-2x2-d60-p0-c0__librelane_run__final__klayout_gds__tt_um_saadzaeem_tiny_tensor_core.klayout.gds.png,3728502,118161,1000,625,success,
/home/ubuntu/external-tinytapeout-work/artifacts/external_tinytapeout_compact_v1/rescue_tiny_tensor/runs/tiny-tensor-2x2-d60-p0-c1/librelane_run/57-magic-streamout/tt_um_saadzaeem_tiny_tensor_core.gds,/tmp/banyancode/gds-renders/external-tinytapeout-work__artifacts__external_tinytapeout_compact_v1__rescue_tiny_tensor__runs__tiny-tensor-2x2-d60-p0-c1__librelane_run__57-magic-streamout__tt_um_saadzaeem_tiny_tensor_core.gds.png,6865924,111165,1000,625,success,
/home/ubuntu/external-tinytapeout-work/artifacts/external_tinytapeout_compact_v1/rescue_tiny_tensor/runs/tiny-tensor-2x2-d60-p0-c1/librelane_run/57-magic-streamout/tt_um_saadzaeem_tiny_tensor_core.magic.gds,/tmp/banyancode/gds-renders/external-tinytapeout-work__artifacts__external_tinytapeout_compact_v1__rescue_tiny_tensor__runs__tiny-tensor-2x2-d60-p0-c1__librelane_run__57-magic-streamout__tt_um_saadzaeem_tiny_tensor_core.magic.gds.png,6865924,111165,1000,625,success,
/home/ubuntu/external-tinytapeout-work/artifacts/external_tinytapeout_compact_v1/rescue_tiny_tensor/runs/tiny-tensor-2x2-d60-p0-c1/librelane_run/final/gds/tt_um_saadzaeem_tiny_tensor_core.gds,/tmp/banyancode/gds-renders/external-tinytapeout-work__artifacts__external_tinytapeout_compact_v1__rescue_tiny_tensor__runs__tiny-tensor-2x2-d60-p0-c1__librelane_run__final__gds__tt_um_saadzaeem_tiny_tensor_core.gds.png,6865924,111165,1000,625,success,
/home/ubuntu/external-tinytapeout-work/artifacts/external_tinytapeout_compact_v1/rescue_tiny_tensor/runs/tiny-tensor-2x2-d60-p0-c1/librelane_run/final/mag_gds/tt_um_saadzaeem_tiny_tensor_core.magic.gds,/tmp/banyancode/gds-renders/external-tinytapeout-work__artifacts__external_tinytapeout_compact_v1__rescue_tiny_tensor__runs__tiny-tensor-2x2-d60-p0-c1__librelane_run__final__mag_gds__tt_um_saadzaeem_tiny_tensor_core.magic.gds.png,6865924,111165,1000,625,success,
/home/ubuntu/external-tinytapeout-work/artifacts/external_tinytapeout_compact_v1/rescue_tiny_tensor/runs/tiny-tensor-2x2-d60-p0-c1/librelane_run/58-klayout-streamout/tt_um_saadzaeem_tiny_tensor_core.klayout.gds,/tmp/banyancode/gds-renders/external-tinytapeout-work__artifacts__external_tinytapeout_compact_v1__rescue_tiny_tensor__runs__tiny-tensor-2x2-d60-p0-c1__librelane_run__58-klayout-streamout__tt_um_saadzaeem_tiny_tensor_core.klayout.gds.png,3728502,118161,1000,625,success,
/home/ubuntu/external-tinytapeout-work/artifacts/external_tinytapeout_compact_v1/rescue_tiny_tensor/runs/tiny-tensor-2x2-d60-p0-c1/librelane_run/final/klayout_gds/tt_um_saadzaeem_tiny_tensor_core.klayout.gds,/tmp/banyancode/gds-renders/external-tinytapeout-work__artifacts__external_tinytapeout_compact_v1__rescue_tiny_tensor__runs__tiny-tensor-2x2-d60-p0-c1__librelane_run__final__klayout_gds__tt_um_saadzaeem_tiny_tensor_core.klayout.gds.png,3728502,118161,1000,625,success,
/home/ubuntu/external-tinytapeout-work/artifacts/external_tinytapeout_compact_v1/rescue_tiny_tensor/runs/tiny-tensor-2x2-d60-p1-c0/librelane_run/57-magic-streamout/tt_um_saadzaeem_tiny_tensor_core.gds,/tmp/banyancode/gds-renders/external-tinytapeout-work__artifacts__external_tinytapeout_compact_v1__rescue_tiny_tensor__runs__tiny-tensor-2x2-d60-p1-c0__librelane_run__57-magic-streamout__tt_um_saadzaeem_tiny_tensor_core.gds.png,6865924,111165,1000,625,success,
/home/ubuntu/external-tinytapeout-work/artifacts/external_tinytapeout_compact_v1/rescue_tiny_tensor/runs/tiny-tensor-2x2-d60-p1-c0/librelane_run/57-magic-streamout/tt_um_saadzaeem_tiny_tensor_core.magic.gds,/tmp/banyancode/gds-renders/external-tinytapeout-work__artifacts__external_tinytapeout_compact_v1__rescue_tiny_tensor__runs__tiny-tensor-2x2-d60-p1-c0__librelane_run__57-magic-streamout__tt_um_saadzaeem_tiny_tensor_core.magic.gds.png,6865924,111165,1000,625,success,
/home/ubuntu/external-tinytapeout-work/artifacts/external_tinytapeout_compact_v1/rescue_tiny_tensor/runs/tiny-tensor-2x2-d60-p1-c0/librelane_run/final/gds/tt_um_saadzaeem_tiny_tensor_core.gds,/tmp/banyancode/gds-renders/external-tinytapeout-work__artifacts__external_tinytapeout_compact_v1__rescue_tiny_tensor__runs__tiny-tensor-2x2-d60-p1-c0__librelane_run__final__gds__tt_um_saadzaeem_tiny_tensor_core.gds.png,6865924,111165,1000,625,success,
/home/ubuntu/external-tinytapeout-work/artifacts/external_tinytapeout_compact_v1/rescue_tiny_tensor/runs/tiny-tensor-2x2-d60-p1-c0/librelane_run/final/mag_gds/tt_um_saadzaeem_tiny_tensor_core.magic.gds,/tmp/banyancode/gds-renders/external-tinytapeout-work__artifacts__external_tinytapeout_compact_v1__rescue_tiny_tensor__runs__tiny-tensor-2x2-d60-p1-c0__librelane_run__final__mag_gds__tt_um_saadzaeem_tiny_tensor_core.magic.gds.png,6865924,111165,1000,625,success,
/home/ubuntu/external-tinytapeout-work/artifacts/external_tinytapeout_compact_v1/rescue_tiny_tensor/runs/tiny-tensor-2x2-d60-p1-c0/librelane_run/58-klayout-streamout/tt_um_saadzaeem_tiny_tensor_core.klayout.gds,/tmp/banyancode/gds-renders/external-tinytapeout-work__artifacts__external_tinytapeout_compact_v1__rescue_tiny_tensor__runs__tiny-tensor-2x2-d60-p1-c0__librelane_run__58-klayout-streamout__tt_um_saadzaeem_tiny_tensor_core.klayout.gds.png,3728502,118161,1000,625,success,
/home/ubuntu/external-tinytapeout-work/artifacts/external_tinytapeout_compact_v1/rescue_tiny_tensor/runs/tiny-tensor-2x2-d60-p1-c0/librelane_run/final/klayout_gds/tt_um_saadzaeem_tiny_tensor_core.klayout.gds,/tmp/banyancode/gds-renders/external-tinytapeout-work__artifacts__external_tinytapeout_compact_v1__rescue_tiny_tensor__runs__tiny-tensor-2x2-d60-p1-c0__librelane_run__final__klayout_gds__tt_um_saadzaeem_tiny_tensor_core.klayout.gds.png,3728502,118161,1000,625,success,
/home/ubuntu/external-tinytapeout-work/artifacts/external_tinytapeout_compact_v1/rescue_tiny_tensor/runs/tiny-tensor-2x2-d60-p1-c1/librelane_run/57-magic-streamout/tt_um_saadzaeem_tiny_tensor_core.gds,/tmp/banyancode/gds-renders/external-tinytapeout-work__artifacts__external_tinytapeout_compact_v1__rescue_tiny_tensor__runs__tiny-tensor-2x2-d60-p1-c1__librelane_run__57-magic-streamout__tt_um_saadzaeem_tiny_tensor_core.gds.png,6865924,111165,1000,625,success,
/home/ubuntu/external-tinytapeout-work/artifacts/external_tinytapeout_compact_v1/rescue_tiny_tensor/runs/tiny-tensor-2x2-d60-p1-c1/librelane_run/57-magic-streamout/tt_um_saadzaeem_tiny_tensor_core.magic.gds,/tmp/banyancode/gds-renders/external-tinytapeout-work__artifacts__external_tinytapeout_compact_v1__rescue_tiny_tensor__runs__tiny-tensor-2x2-d60-p1-c1__librelane_run__57-magic-streamout__tt_um_saadzaeem_tiny_tensor_core.magic.gds.png,6865924,111165,1000,625,success,
/home/ubuntu/external-tinytapeout-work/artifacts/external_tinytapeout_compact_v1/rescue_tiny_tensor/runs/tiny-tensor-2x2-d60-p1-c1/librelane_run/final/gds/tt_um_saadzaeem_tiny_tensor_core.gds,/tmp/banyancode/gds-renders/external-tinytapeout-work__artifacts__external_tinytapeout_compact_v1__rescue_tiny_tensor__runs__tiny-tensor-2x2-d60-p1-c1__librelane_run__final__gds__tt_um_saadzaeem_tiny_tensor_core.gds.png,6865924,111165,1000,625,success,
/home/ubuntu/external-tinytapeout-work/artifacts/external_tinytapeout_compact_v1/rescue_tiny_tensor/runs/tiny-tensor-2x2-d60-p1-c1/librelane_run/final/mag_gds/tt_um_saadzaeem_tiny_tensor_core.magic.gds,/tmp/banyancode/gds-renders/external-tinytapeout-work__artifacts__external_tinytapeout_compact_v1__rescue_tiny_tensor__runs__tiny-tensor-2x2-d60-p1-c1__librelane_run__final__mag_gds__tt_um_saadzaeem_tiny_tensor_core.magic.gds.png,6865924,111165,1000,625,success,
/home/ubuntu/external-tinytapeout-work/artifacts/external_tinytapeout_compact_v1/rescue_tiny_tensor/runs/tiny-tensor-2x2-d60-p1-c1/librelane_run/58-klayout-streamout/tt_um_saadzaeem_tiny_tensor_core.klayout.gds,/tmp/banyancode/gds-renders/external-tinytapeout-work__artifacts__external_tinytapeout_compact_v1__rescue_tiny_tensor__runs__tiny-tensor-2x2-d60-p1-c1__librelane_run__58-klayout-streamout__tt_um_saadzaeem_tiny_tensor_core.klayout.gds.png,3728502,118161,1000,625,success,
/home/ubuntu/external-tinytapeout-work/artifacts/external_tinytapeout_compact_v1/rescue_tiny_tensor/runs/tiny-tensor-2x2-d60-p1-c1/librelane_run/final/klayout_gds/tt_um_saadzaeem_tiny_tensor_core.klayout.gds,/tmp/banyancode/gds-renders/external-tinytapeout-work__artifacts__external_tinytapeout_compact_v1__rescue_tiny_tensor__runs__tiny-tensor-2x2-d60-p1-c1__librelane_run__final__klayout_gds__tt_um_saadzaeem_tiny_tensor_core.klayout.gds.png,3728502,118161,1000,625,success,
/home/ubuntu/external-tinytapeout-work/artifacts/external_tinytapeout_compact_v1/riscyv02-1x2-density50-near-pass/57-magic-streamout/tt_um_riscyv02.gds,/tmp/banyancode/gds-renders/external-tinytapeout-work__artifacts__external_tinytapeout_compact_v1__riscyv02-1x2-density50-near-pass__57-magic-streamout__tt_um_riscyv02.gds.png,5018796,321284,1000,1293,success,
/home/ubuntu/external-tinytapeout-work/artifacts/external_tinytapeout_compact_v1/riscyv02-1x2-density50-near-pass/57-magic-streamout/tt_um_riscyv02.magic.gds,/tmp/banyancode/gds-renders/external-tinytapeout-work__artifacts__external_tinytapeout_compact_v1__riscyv02-1x2-density50-near-pass__57-magic-streamout__tt_um_riscyv02.magic.gds.png,5018796,321284,1000,1293,success,
/home/ubuntu/external-tinytapeout-work/artifacts/external_tinytapeout_compact_v1/riscyv02-1x2-density50-near-pass/final/gds/tt_um_riscyv02.gds,/tmp/banyancode/gds-renders/external-tinytapeout-work__artifacts__external_tinytapeout_compact_v1__riscyv02-1x2-density50-near-pass__final__gds__tt_um_riscyv02.gds.png,5018796,321284,1000,1293,success,
/home/ubuntu/external-tinytapeout-work/artifacts/external_tinytapeout_compact_v1/riscyv02-1x2-density50-near-pass/final/mag_gds/tt_um_riscyv02.magic.gds,/tmp/banyancode/gds-renders/external-tinytapeout-work__artifacts__external_tinytapeout_compact_v1__riscyv02-1x2-density50-near-pass__final__mag_gds__tt_um_riscyv02.magic.gds.png,5018796,321284,1000,1293,success,
/home/ubuntu/external-tinytapeout-work/riscyv02-design-1x2/runs/external_tinytapeout_compact_v1-riscyv02-1x2-density50/57-magic-streamout/tt_um_riscyv02.gds,/tmp/banyancode/gds-renders/external-tinytapeout-work__riscyv02-design-1x2__runs__external_tinytapeout_compact_v1-riscyv02-1x2-density50__57-magic-streamout__tt_um_riscyv02.gds.png,5018796,321284,1000,1293,success,
/home/ubuntu/external-tinytapeout-work/riscyv02-design-1x2/runs/external_tinytapeout_compact_v1-riscyv02-1x2-density50/57-magic-streamout/tt_um_riscyv02.magic.gds,/tmp/banyancode/gds-renders/external-tinytapeout-work__riscyv02-design-1x2__runs__external_tinytapeout_compact_v1-riscyv02-1x2-density50__57-magic-streamout__tt_um_riscyv02.magic.gds.png,5018796,321284,1000,1293,success,
/home/ubuntu/external-tinytapeout-work/riscyv02-design-1x2/runs/external_tinytapeout_compact_v1-riscyv02-1x2-density50/final/gds/tt_um_riscyv02.gds,/tmp/banyancode/gds-renders/external-tinytapeout-work__riscyv02-design-1x2__runs__external_tinytapeout_compact_v1-riscyv02-1x2-density50__final__gds__tt_um_riscyv02.gds.png,5018796,321284,1000,1293,success,
/home/ubuntu/external-tinytapeout-work/riscyv02-design-1x2/runs/external_tinytapeout_compact_v1-riscyv02-1x2-density50/final/mag_gds/tt_um_riscyv02.magic.gds,/tmp/banyancode/gds-renders/external-tinytapeout-work__riscyv02-design-1x2__runs__external_tinytapeout_compact_v1-riscyv02-1x2-density50__final__mag_gds__tt_um_riscyv02.magic.gds.png,5018796,321284,1000,1293,success,
/home/ubuntu/external-tinytapeout-work/artifacts/external_tinytapeout_compact_v1/riscyv02-1x2-density50-near-pass/58-klayout-streamout/tt_um_riscyv02.klayout.gds,/tmp/banyancode/gds-renders/external-tinytapeout-work__artifacts__external_tinytapeout_compact_v1__riscyv02-1x2-density50-near-pass__58-klayout-streamout__tt_um_riscyv02.klayout.gds.png,2914398,368356,1000,1293,success,
/home/ubuntu/external-tinytapeout-work/artifacts/external_tinytapeout_compact_v1/riscyv02-1x2-density50-near-pass/final/klayout_gds/tt_um_riscyv02.klayout.gds,/tmp/banyancode/gds-renders/external-tinytapeout-work__artifacts__external_tinytapeout_compact_v1__riscyv02-1x2-density50-near-pass__final__klayout_gds__tt_um_riscyv02.klayout.gds.png,2914398,368356,1000,1293,success,
/home/ubuntu/external-tinytapeout-work/riscyv02-design-1x2/runs/external_tinytapeout_compact_v1-riscyv02-1x2-density50/58-klayout-streamout/tt_um_riscyv02.klayout.gds,/tmp/banyancode/gds-renders/external-tinytapeout-work__riscyv02-design-1x2__runs__external_tinytapeout_compact_v1-riscyv02-1x2-density50__58-klayout-streamout__tt_um_riscyv02.klayout.gds.png,2914398,368356,1000,1293,success,
/home/ubuntu/external-tinytapeout-work/riscyv02-design-1x2/runs/external_tinytapeout_compact_v1-riscyv02-1x2-density50/final/klayout_gds/tt_um_riscyv02.klayout.gds,/tmp/banyancode/gds-renders/external-tinytapeout-work__riscyv02-design-1x2__runs__external_tinytapeout_compact_v1-riscyv02-1x2-density50__final__klayout_gds__tt_um_riscyv02.klayout.gds.png,2914398,368356,1000,1293,success,
/home/ubuntu/external-tinytapeout-work/artifacts/external_tinytapeout_compact_v1/riscyv02-1x2-density65-near-pass/57-magic-streamout/tt_um_riscyv02.gds,/tmp/banyancode/gds-renders/external-tinytapeout-work__artifacts__external_tinytapeout_compact_v1__riscyv02-1x2-density65-near-pass__57-magic-streamout__tt_um_riscyv02.gds.png,5018796,321284,1000,1293,success,
/home/ubuntu/external-tinytapeout-work/artifacts/external_tinytapeout_compact_v1/riscyv02-1x2-density65-near-pass/57-magic-streamout/tt_um_riscyv02.magic.gds,/tmp/banyancode/gds-renders/external-tinytapeout-work__artifacts__external_tinytapeout_compact_v1__riscyv02-1x2-density65-near-pass__57-magic-streamout__tt_um_riscyv02.magic.gds.png,5018796,321284,1000,1293,success,
/home/ubuntu/external-tinytapeout-work/artifacts/external_tinytapeout_compact_v1/riscyv02-1x2-density65-near-pass/final/gds/tt_um_riscyv02.gds,/tmp/banyancode/gds-renders/external-tinytapeout-work__artifacts__external_tinytapeout_compact_v1__riscyv02-1x2-density65-near-pass__final__gds__tt_um_riscyv02.gds.png,5018796,321284,1000,1293,success,
/home/ubuntu/external-tinytapeout-work/artifacts/external_tinytapeout_compact_v1/riscyv02-1x2-density65-near-pass/final/mag_gds/tt_um_riscyv02.magic.gds,/tmp/banyancode/gds-renders/external-tinytapeout-work__artifacts__external_tinytapeout_compact_v1__riscyv02-1x2-density65-near-pass__final__mag_gds__tt_um_riscyv02.magic.gds.png,5018796,321284,1000,1293,success,
/home/ubuntu/external-tinytapeout-work/riscyv02-design-1x2/runs/external_tinytapeout_compact_v1-riscyv02-1x2-baseline/57-magic-streamout/tt_um_riscyv02.gds,/tmp/banyancode/gds-renders/external-tinytapeout-work__riscyv02-design-1x2__runs__external_tinytapeout_compact_v1-riscyv02-1x2-baseline__57-magic-streamout__tt_um_riscyv02.gds.png,5018796,321284,1000,1293,success,
/home/ubuntu/external-tinytapeout-work/riscyv02-design-1x2/runs/external_tinytapeout_compact_v1-riscyv02-1x2-baseline/57-magic-streamout/tt_um_riscyv02.magic.gds,/tmp/banyancode/gds-renders/external-tinytapeout-work__riscyv02-design-1x2__runs__external_tinytapeout_compact_v1-riscyv02-1x2-baseline__57-magic-streamout__tt_um_riscyv02.magic.gds.png,5018796,321284,1000,1293,success,
/home/ubuntu/external-tinytapeout-work/riscyv02-design-1x2/runs/external_tinytapeout_compact_v1-riscyv02-1x2-baseline/final/gds/tt_um_riscyv02.gds,/tmp/banyancode/gds-renders/external-tinytapeout-work__riscyv02-design-1x2__runs__external_tinytapeout_compact_v1-riscyv02-1x2-baseline__final__gds__tt_um_riscyv02.gds.png,5018796,321284,1000,1293,success,
/home/ubuntu/external-tinytapeout-work/riscyv02-design-1x2/runs/external_tinytapeout_compact_v1-riscyv02-1x2-baseline/final/mag_gds/tt_um_riscyv02.magic.gds,/tmp/banyancode/gds-renders/external-tinytapeout-work__riscyv02-design-1x2__runs__external_tinytapeout_compact_v1-riscyv02-1x2-baseline__final__mag_gds__tt_um_riscyv02.magic.gds.png,5018796,321284,1000,1293,success,
/home/ubuntu/external-tinytapeout-work/artifacts/external_tinytapeout_compact_v1/riscyv02-1x2-density65-near-pass/58-klayout-streamout/tt_um_riscyv02.klayout.gds,/tmp/banyancode/gds-renders/external-tinytapeout-work__artifacts__external_tinytapeout_compact_v1__riscyv02-1x2-density65-near-pass__58-klayout-streamout__tt_um_riscyv02.klayout.gds.png,2914398,368356,1000,1293,success,
/home/ubuntu/external-tinytapeout-work/artifacts/external_tinytapeout_compact_v1/riscyv02-1x2-density65-near-pass/final/klayout_gds/tt_um_riscyv02.klayout.gds,/tmp/banyancode/gds-renders/external-tinytapeout-work__artifacts__external_tinytapeout_compact_v1__riscyv02-1x2-density65-near-pass__final__klayout_gds__tt_um_riscyv02.klayout.gds.png,2914398,368356,1000,1293,success,
/home/ubuntu/external-tinytapeout-work/riscyv02-design-1x2/runs/external_tinytapeout_compact_v1-riscyv02-1x2-baseline/58-klayout-streamout/tt_um_riscyv02.klayout.gds,/tmp/banyancode/gds-renders/external-tinytapeout-work__riscyv02-design-1x2__runs__external_tinytapeout_compact_v1-riscyv02-1x2-baseline__58-klayout-streamout__tt_um_riscyv02.klayout.gds.png,2914398,368356,1000,1293,success,
/home/ubuntu/external-tinytapeout-work/riscyv02-design-1x2/runs/external_tinytapeout_compact_v1-riscyv02-1x2-baseline/final/klayout_gds/tt_um_riscyv02.klayout.gds,/tmp/banyancode/gds-renders/external-tinytapeout-work__riscyv02-design-1x2__runs__external_tinytapeout_compact_v1-riscyv02-1x2-baseline__final__klayout_gds__tt_um_riscyv02.klayout.gds.png,2914398,368356,1000,1293,success,
/home/ubuntu/external-tinytapeout-work/artifacts/external_tinytapeout_compact_v1/verification_fresh/archive/cand_014/rep1/gds/tt_um_flowguard_stress.gds,/tmp/banyancode/gds-renders/external-tinytapeout-work__artifacts__external_tinytapeout_compact_v1__verification_fresh__archive__cand_014__rep1__gds__tt_um_flowguard_stress.gds.png,2173556,45177,1000,312,success,
/home/ubuntu/external-tinytapeout-work/artifacts/external_tinytapeout_compact_v1/verification_fresh/runs/trial_fresh15p8-cand_014-rep1/57-magic-streamout/tt_um_flowguard_stress.gds,/tmp/banyancode/gds-renders/external-tinytapeout-work__artifacts__external_tinytapeout_compact_v1__verification_fresh__runs__trial_fresh15p8-cand_014-rep1__57-magic-streamout__tt_um_flowguard_stress.gds.png,2173556,45177,1000,312,success,
/home/ubuntu/external-tinytapeout-work/artifacts/external_tinytapeout_compact_v1/verification_fresh/runs/trial_fresh15p8-cand_014-rep1/57-magic-streamout/tt_um_flowguard_stress.magic.gds,/tmp/banyancode/gds-renders/external-tinytapeout-work__artifacts__external_tinytapeout_compact_v1__verification_fresh__runs__trial_fresh15p8-cand_014-rep1__57-magic-streamout__tt_um_flowguard_stress.magic.gds.png,2173556,45177,1000,312,success,
/home/ubuntu/external-tinytapeout-work/artifacts/external_tinytapeout_compact_v1/verification_fresh/runs/trial_fresh15p8-cand_014-rep1/final/gds/tt_um_flowguard_stress.gds,/tmp/banyancode/gds-renders/external-tinytapeout-work__artifacts__external_tinytapeout_compact_v1__verification_fresh__runs__trial_fresh15p8-cand_014-rep1__final__gds__tt_um_flowguard_stress.gds.png,2173556,45177,1000,312,success,
/home/ubuntu/external-tinytapeout-work/artifacts/external_tinytapeout_compact_v1/verification_fresh/runs/trial_fresh15p8-cand_014-rep1/final/mag_gds/tt_um_flowguard_stress.magic.gds,/tmp/banyancode/gds-renders/external-tinytapeout-work__artifacts__external_tinytapeout_compact_v1__verification_fresh__runs__trial_fresh15p8-cand_014-rep1__final__mag_gds__tt_um_flowguard_stress.magic.gds.png,2173556,45177,1000,312,success,
/home/ubuntu/external-tinytapeout-work/artifacts/external_tinytapeout_compact_v1/verification_fresh/archive/cand_014/rep2/gds/tt_um_flowguard_stress.gds,/tmp/banyancode/gds-renders/external-tinytapeout-work__artifacts__external_tinytapeout_compact_v1__verification_fresh__archive__cand_014__rep2__gds__tt_um_flowguard_stress.gds.png,2173556,45177,1000,312,success,
/home/ubuntu/external-tinytapeout-work/artifacts/external_tinytapeout_compact_v1/verification_fresh/runs/trial_fresh15p8-cand_014-rep2/57-magic-streamout/tt_um_flowguard_stress.gds,/tmp/banyancode/gds-renders/external-tinytapeout-work__artifacts__external_tinytapeout_compact_v1__verification_fresh__runs__trial_fresh15p8-cand_014-rep2__57-magic-streamout__tt_um_flowguard_stress.gds.png,2173556,45177,1000,312,success,
/home/ubuntu/external-tinytapeout-work/artifacts/external_tinytapeout_compact_v1/verification_fresh/runs/trial_fresh15p8-cand_014-rep2/57-magic-streamout/tt_um_flowguard_stress.magic.gds,/tmp/banyancode/gds-renders/external-tinytapeout-work__artifacts__external_tinytapeout_compact_v1__verification_fresh__runs__trial_fresh15p8-cand_014-rep2__57-magic-streamout__tt_um_flowguard_stress.magic.gds.png,2173556,45177,1000,312,success,
/home/ubuntu/external-tinytapeout-work/artifacts/external_tinytapeout_compact_v1/verification_fresh/runs/trial_fresh15p8-cand_014-rep2/final/gds/tt_um_flowguard_stress.gds,/tmp/banyancode/gds-renders/external-tinytapeout-work__artifacts__external_tinytapeout_compact_v1__verification_fresh__runs__trial_fresh15p8-cand_014-rep2__final__gds__tt_um_flowguard_stress.gds.png,2173556,45177,1000,312,success,
/home/ubuntu/external-tinytapeout-work/artifacts/external_tinytapeout_compact_v1/verification_fresh/runs/trial_fresh15p8-cand_014-rep2/final/mag_gds/tt_um_flowguard_stress.magic.gds,/tmp/banyancode/gds-renders/external-tinytapeout-work__artifacts__external_tinytapeout_compact_v1__verification_fresh__runs__trial_fresh15p8-cand_014-rep2__final__mag_gds__tt_um_flowguard_stress.magic.gds.png,2173556,45177,1000,312,success,
/home/ubuntu/external-tinytapeout-work/artifacts/external_tinytapeout_compact_v1/verification_fresh/archive/cand_014/rep3/gds/tt_um_flowguard_stress.gds,/tmp/banyancode/gds-renders/external-tinytapeout-work__artifacts__external_tinytapeout_compact_v1__verification_fresh__archive__cand_014__rep3__gds__tt_um_flowguard_stress.gds.png,2173556,45177,1000,312,success,
/home/ubuntu/external-tinytapeout-work/artifacts/external_tinytapeout_compact_v1/verification_fresh/runs/trial_fresh15p8-cand_014-rep3/57-magic-streamout/tt_um_flowguard_stress.gds,/tmp/banyancode/gds-renders/external-tinytapeout-work__artifacts__external_tinytapeout_compact_v1__verification_fresh__runs__trial_fresh15p8-cand_014-rep3__57-magic-streamout__tt_um_flowguard_stress.gds.png,2173556,45177,1000,312,success,
/home/ubuntu/external-tinytapeout-work/artifacts/external_tinytapeout_compact_v1/verification_fresh/runs/trial_fresh15p8-cand_014-rep3/57-magic-streamout/tt_um_flowguard_stress.magic.gds,/tmp/banyancode/gds-renders/external-tinytapeout-work__artifacts__external_tinytapeout_compact_v1__verification_fresh__runs__trial_fresh15p8-cand_014-rep3__57-magic-streamout__tt_um_flowguard_stress.magic.gds.png,2173556,45177,1000,312,success,
/home/ubuntu/external-tinytapeout-work/artifacts/external_tinytapeout_compact_v1/verification_fresh/runs/trial_fresh15p8-cand_014-rep3/final/gds/tt_um_flowguard_stress.gds,/tmp/banyancode/gds-renders/external-tinytapeout-work__artifacts__external_tinytapeout_compact_v1__verification_fresh__runs__trial_fresh15p8-cand_014-rep3__final__gds__tt_um_flowguard_stress.gds.png,2173556,45177,1000,312,success,
/home/ubuntu/external-tinytapeout-work/artifacts/external_tinytapeout_compact_v1/verification_fresh/runs/trial_fresh15p8-cand_014-rep3/final/mag_gds/tt_um_flowguard_stress.magic.gds,/tmp/banyancode/gds-renders/external-tinytapeout-work__artifacts__external_tinytapeout_compact_v1__verification_fresh__runs__trial_fresh15p8-cand_014-rep3__final__mag_gds__tt_um_flowguard_stress.magic.gds.png,2173556,45177,1000,312,success,
/home/ubuntu/external-tinytapeout-work/artifacts/external_tinytapeout_compact_v1/verification_fresh/archive/upstream_default/rep1/gds/tt_um_flowguard_stress.gds,/tmp/banyancode/gds-renders/external-tinytapeout-work__artifacts__external_tinytapeout_compact_v1__verification_fresh__archive__upstream_default__rep1__gds__tt_um_flowguard_stress.gds.png,2178690,45125,1000,312,success,
/home/ubuntu/external-tinytapeout-work/artifacts/external_tinytapeout_compact_v1/verification_fresh/runs/trial_fresh15p8-upstream_default-rep1/57-magic-streamout/tt_um_flowguard_stress.gds,/tmp/banyancode/gds-renders/external-tinytapeout-work__artifacts__external_tinytapeout_compact_v1__verification_fresh__runs__trial_fresh15p8-upstream_default-rep1__57-magic-streamout__tt_um_flowguard_stress.gds.png,2178690,45125,1000,312,success,
/home/ubuntu/external-tinytapeout-work/artifacts/external_tinytapeout_compact_v1/verification_fresh/runs/trial_fresh15p8-upstream_default-rep1/57-magic-streamout/tt_um_flowguard_stress.magic.gds,/tmp/banyancode/gds-renders/external-tinytapeout-work__artifacts__external_tinytapeout_compact_v1__verification_fresh__runs__trial_fresh15p8-upstream_default-rep1__57-magic-streamout__tt_um_flowguard_stress.magic.gds.png,2178690,45125,1000,312,success,
/home/ubuntu/external-tinytapeout-work/artifacts/external_tinytapeout_compact_v1/verification_fresh/runs/trial_fresh15p8-upstream_default-rep1/final/gds/tt_um_flowguard_stress.gds,/tmp/banyancode/gds-renders/external-tinytapeout-work__artifacts__external_tinytapeout_compact_v1__verification_fresh__runs__trial_fresh15p8-upstream_default-rep1__final__gds__tt_um_flowguard_stress.gds.png,2178690,45125,1000,312,success,
/home/ubuntu/external-tinytapeout-work/artifacts/external_tinytapeout_compact_v1/verification_fresh/runs/trial_fresh15p8-upstream_default-rep1/final/mag_gds/tt_um_flowguard_stress.magic.gds,/tmp/banyancode/gds-renders/external-tinytapeout-work__artifacts__external_tinytapeout_compact_v1__verification_fresh__runs__trial_fresh15p8-upstream_default-rep1__final__mag_gds__tt_um_flowguard_stress.magic.gds.png,2178690,45125,1000,312,success,
/home/ubuntu/external-tinytapeout-work/artifacts/external_tinytapeout_compact_v1/verification_fresh/archive/upstream_default/rep2/gds/tt_um_flowguard_stress.gds,/tmp/banyancode/gds-renders/external-tinytapeout-work__artifacts__external_tinytapeout_compact_v1__verification_fresh__archive__upstream_default__rep2__gds__tt_um_flowguard_stress.gds.png,2178690,45125,1000,312,success,
/home/ubuntu/external-tinytapeout-work/artifacts/external_tinytapeout_compact_v1/verification_fresh/runs/trial_fresh15p8-upstream_default-rep2/57-magic-streamout/tt_um_flowguard_stress.gds,/tmp/banyancode/gds-renders/external-tinytapeout-work__artifacts__external_tinytapeout_compact_v1__verification_fresh__runs__trial_fresh15p8-upstream_default-rep2__57-magic-streamout__tt_um_flowguard_stress.gds.png,2178690,45125,1000,312,success,
/home/ubuntu/external-tinytapeout-work/artifacts/external_tinytapeout_compact_v1/verification_fresh/runs/trial_fresh15p8-upstream_default-rep2/57-magic-streamout/tt_um_flowguard_stress.magic.gds,/tmp/banyancode/gds-renders/external-tinytapeout-work__artifacts__external_tinytapeout_compact_v1__verification_fresh__runs__trial_fresh15p8-upstream_default-rep2__57-magic-streamout__tt_um_flowguard_stress.magic.gds.png,2178690,45125,1000,312,success,
/home/ubuntu/external-tinytapeout-work/artifacts/external_tinytapeout_compact_v1/verification_fresh/runs/trial_fresh15p8-upstream_default-rep2/final/gds/tt_um_flowguard_stress.gds,/tmp/banyancode/gds-renders/external-tinytapeout-work__artifacts__external_tinytapeout_compact_v1__verification_fresh__runs__trial_fresh15p8-upstream_default-rep2__final__gds__tt_um_flowguard_stress.gds.png,2178690,45125,1000,312,success,
/home/ubuntu/external-tinytapeout-work/artifacts/external_tinytapeout_compact_v1/verification_fresh/runs/trial_fresh15p8-upstream_default-rep2/final/mag_gds/tt_um_flowguard_stress.magic.gds,/tmp/banyancode/gds-renders/external-tinytapeout-work__artifacts__external_tinytapeout_compact_v1__verification_fresh__runs__trial_fresh15p8-upstream_default-rep2__final__mag_gds__tt_um_flowguard_stress.magic.gds.png,2178690,45125,1000,312,success,
/home/ubuntu/external-tinytapeout-work/artifacts/external_tinytapeout_compact_v1/verification_fresh/archive/upstream_default/rep3/gds/tt_um_flowguard_stress.gds,/tmp/banyancode/gds-renders/external-tinytapeout-work__artifacts__external_tinytapeout_compact_v1__verification_fresh__archive__upstream_default__rep3__gds__tt_um_flowguard_stress.gds.png,2178690,45125,1000,312,success,
/home/ubuntu/external-tinytapeout-work/artifacts/external_tinytapeout_compact_v1/verification_fresh/runs/trial_fresh15p8-upstream_default-rep3/57-magic-streamout/tt_um_flowguard_stress.gds,/tmp/banyancode/gds-renders/external-tinytapeout-work__artifacts__external_tinytapeout_compact_v1__verification_fresh__runs__trial_fresh15p8-upstream_default-rep3__57-magic-streamout__tt_um_flowguard_stress.gds.png,2178690,45125,1000,312,success,
/home/ubuntu/external-tinytapeout-work/artifacts/external_tinytapeout_compact_v1/verification_fresh/runs/trial_fresh15p8-upstream_default-rep3/57-magic-streamout/tt_um_flowguard_stress.magic.gds,/tmp/banyancode/gds-renders/external-tinytapeout-work__artifacts__external_tinytapeout_compact_v1__verification_fresh__runs__trial_fresh15p8-upstream_default-rep3__57-magic-streamout__tt_um_flowguard_stress.magic.gds.png,2178690,45125,1000,312,success,
/home/ubuntu/external-tinytapeout-work/artifacts/external_tinytapeout_compact_v1/verification_fresh/runs/trial_fresh15p8-upstream_default-rep3/final/gds/tt_um_flowguard_stress.gds,/tmp/banyancode/gds-renders/external-tinytapeout-work__artifacts__external_tinytapeout_compact_v1__verification_fresh__runs__trial_fresh15p8-upstream_default-rep3__final__gds__tt_um_flowguard_stress.gds.png,2178690,45125,1000,312,success,
/home/ubuntu/external-tinytapeout-work/artifacts/external_tinytapeout_compact_v1/verification_fresh/runs/trial_fresh15p8-upstream_default-rep3/final/mag_gds/tt_um_flowguard_stress.magic.gds,/tmp/banyancode/gds-renders/external-tinytapeout-work__artifacts__external_tinytapeout_compact_v1__verification_fresh__runs__trial_fresh15p8-upstream_default-rep3__final__mag_gds__tt_um_flowguard_stress.magic.gds.png,2178690,45125,1000,312,success,
/home/ubuntu/external-tinytapeout-work/artifacts/external_tinytapeout_compact_v1/verification_fresh/runs/trial_fresh15p8-cand_014-rep1/58-klayout-streamout/tt_um_flowguard_stress.klayout.gds,/tmp/banyancode/gds-renders/external-tinytapeout-work__artifacts__external_tinytapeout_compact_v1__verification_fresh__runs__trial_fresh15p8-cand_014-rep1__58-klayout-streamout__tt_um_flowguard_stress.klayout.gds.png,1293230,46542,1000,312,success,
/home/ubuntu/external-tinytapeout-work/artifacts/external_tinytapeout_compact_v1/verification_fresh/runs/trial_fresh15p8-cand_014-rep1/final/klayout_gds/tt_um_flowguard_stress.klayout.gds,/tmp/banyancode/gds-renders/external-tinytapeout-work__artifacts__external_tinytapeout_compact_v1__verification_fresh__runs__trial_fresh15p8-cand_014-rep1__final__klayout_gds__tt_um_flowguard_stress.klayout.gds.png,1293230,46542,1000,312,success,
/home/ubuntu/external-tinytapeout-work/artifacts/external_tinytapeout_compact_v1/verification_fresh/runs/trial_fresh15p8-cand_014-rep2/58-klayout-streamout/tt_um_flowguard_stress.klayout.gds,/tmp/banyancode/gds-renders/external-tinytapeout-work__artifacts__external_tinytapeout_compact_v1__verification_fresh__runs__trial_fresh15p8-cand_014-rep2__58-klayout-streamout__tt_um_flowguard_stress.klayout.gds.png,1293230,46542,1000,312,success,
/home/ubuntu/external-tinytapeout-work/artifacts/external_tinytapeout_compact_v1/verification_fresh/runs/trial_fresh15p8-cand_014-rep2/final/klayout_gds/tt_um_flowguard_stress.klayout.gds,/tmp/banyancode/gds-renders/external-tinytapeout-work__artifacts__external_tinytapeout_compact_v1__verification_fresh__runs__trial_fresh15p8-cand_014-rep2__final__klayout_gds__tt_um_flowguard_stress.klayout.gds.png,1293230,46542,1000,312,success,
/home/ubuntu/external-tinytapeout-work/artifacts/external_tinytapeout_compact_v1/verification_fresh/runs/trial_fresh15p8-cand_014-rep3/58-klayout-streamout/tt_um_flowguard_stress.klayout.gds,/tmp/banyancode/gds-renders/external-tinytapeout-work__artifacts__external_tinytapeout_compact_v1__verification_fresh__runs__trial_fresh15p8-cand_014-rep3__58-klayout-streamout__tt_um_flowguard_stress.klayout.gds.png,1293230,46542,1000,312,success,
/home/ubuntu/external-tinytapeout-work/artifacts/external_tinytapeout_compact_v1/verification_fresh/runs/trial_fresh15p8-cand_014-rep3/final/klayout_gds/tt_um_flowguard_stress.klayout.gds,/tmp/banyancode/gds-renders/external-tinytapeout-work__artifacts__external_tinytapeout_compact_v1__verification_fresh__runs__trial_fresh15p8-cand_014-rep3__final__klayout_gds__tt_um_flowguard_stress.klayout.gds.png,1293230,46542,1000,312,success,
/home/ubuntu/external-tinytapeout-work/artifacts/external_tinytapeout_compact_v1/verification_fresh/runs/trial_fresh15p8-upstream_default-rep1/58-klayout-streamout/tt_um_flowguard_stress.klayout.gds,/tmp/banyancode/gds-renders/external-tinytapeout-work__artifacts__external_tinytapeout_compact_v1__verification_fresh__runs__trial_fresh15p8-upstream_default-rep1__58-klayout-streamout__tt_um_flowguard_stress.klayout.gds.png,1294954,46647,1000,312,success,
/home/ubuntu/external-tinytapeout-work/artifacts/external_tinytapeout_compact_v1/verification_fresh/runs/trial_fresh15p8-upstream_default-rep1/final/klayout_gds/tt_um_flowguard_stress.klayout.gds,/tmp/banyancode/gds-renders/external-tinytapeout-work__artifacts__external_tinytapeout_compact_v1__verification_fresh__runs__trial_fresh15p8-upstream_default-rep1__final__klayout_gds__tt_um_flowguard_stress.klayout.gds.png,1294954,46647,1000,312,success,
/home/ubuntu/external-tinytapeout-work/artifacts/external_tinytapeout_compact_v1/verification_fresh/runs/trial_fresh15p8-upstream_default-rep2/58-klayout-streamout/tt_um_flowguard_stress.klayout.gds,/tmp/banyancode/gds-renders/external-tinytapeout-work__artifacts__external_tinytapeout_compact_v1__verification_fresh__runs__trial_fresh15p8-upstream_default-rep2__58-klayout-streamout__tt_um_flowguard_stress.klayout.gds.png,1294954,46647,1000,312,success,
/home/ubuntu/external-tinytapeout-work/artifacts/external_tinytapeout_compact_v1/verification_fresh/runs/trial_fresh15p8-upstream_default-rep2/final/klayout_gds/tt_um_flowguard_stress.klayout.gds,/tmp/banyancode/gds-renders/external-tinytapeout-work__artifacts__external_tinytapeout_compact_v1__verification_fresh__runs__trial_fresh15p8-upstream_default-rep2__final__klayout_gds__tt_um_flowguard_stress.klayout.gds.png,1294954,46647,1000,312,success,
/home/ubuntu/external-tinytapeout-work/artifacts/external_tinytapeout_compact_v1/verification_fresh/runs/trial_fresh15p8-upstream_default-rep3/58-klayout-streamout/tt_um_flowguard_stress.klayout.gds,/tmp/banyancode/gds-renders/external-tinytapeout-work__artifacts__external_tinytapeout_compact_v1__verification_fresh__runs__trial_fresh15p8-upstream_default-rep3__58-klayout-streamout__tt_um_flowguard_stress.klayout.gds.png,1294954,46647,1000,312,success,
/home/ubuntu/external-tinytapeout-work/artifacts/external_tinytapeout_compact_v1/verification_fresh/runs/trial_fresh15p8-upstream_default-rep3/final/klayout_gds/tt_um_flowguard_stress.klayout.gds,/tmp/banyancode/gds-renders/external-tinytapeout-work__artifacts__external_tinytapeout_compact_v1__verification_fresh__runs__trial_fresh15p8-upstream_default-rep3__final__klayout_gds__tt_um_flowguard_stress.klayout.gds.png,1294954,46647,1000,312,success,
/home/ubuntu/external-tinytapeout-work/tt03p5-dffram/gds/RAM32.gds,/tmp/banyancode/gds-renders/external-tinytapeout-work__tt03p5-dffram__gds__RAM32.gds.png,5558570,27413,1000,277,success,
/home/ubuntu/external-tinytapeout-work/z80-open-silicon/gds/tinytapeout_07_skywater130A/tt_um_rejunity_z80.gds,/tmp/banyancode/gds-renders/external-tinytapeout-work__z80-open-silicon__gds__tinytapeout_07_skywater130A__tt_um_rejunity_z80.gds.png,14282840,108779,1000,674,success,
