namespace,method,trial_id,candidate_id,clock_ns,feasible,qor,setup_ws,hold_ws,area,wirelength,failure_stage,runtime_s,finished_at
exhaustive_clock_sweep_v1,characterization,clock17-u30-d38-p0-g0p05-sAREA_0,,17,True,,1.700087230225512,0.11202616928969816,15134.5,27414,,149.5142100230005,2026-09-11T20:22:59Z
exhaustive_clock_sweep_v1,characterization,clock17-u30-d38-p0-g0p05-sAREA_1,,17,True,,1.9153301708999657,0.11061529783010235,15310.9,28277,,160.48549690099753,2026-09-11T20:25:40Z
exhaustive_clock_sweep_v1,characterization,clock17-u30-d38-p0-g0p05-sAREA_2,,17,True,,1.2033574477481845,0.11276413455503759,15113.2,28397,,179.1684093799995,2026-09-11T20:28:40Z
exhaustive_clock_sweep_v1,characterization,clock17-u30-d38-p0-g0p10-sAREA_0,,17,True,,1.7343353910577528,0.1124506630751691,15134.5,27363,,145.41006211100466,2026-09-11T20:31:06Z
exhaustive_clock_sweep_v1,characterization,clock17-u30-d38-p0-g0p10-sAREA_1,,17,True,,1.8361011009082846,0.1108685952203343,15310.9,28204,,155.1245100629967,2026-09-11T20:33:41Z
exhaustive_clock_sweep_v1,characterization,clock17-u30-d38-p0-g0p10-sAREA_2,,17,True,,1.2657555362105355,0.1129009140355398,15113.2,28422,,176.8158707629991,2026-09-11T20:36:39Z
exhaustive_clock_sweep_v1,characterization,clock17-u30-d38-p0-g0p15-sAREA_0,,17,True,,1.7482957798534262,0.1125878866448937,15137,27287,,172.67584324899508,2026-09-11T20:39:32Z
exhaustive_clock_sweep_v1,characterization,clock17-u30-d38-p0-g0p15-sAREA_1,,17,True,,1.8047714944457205,0.11102985511922185,15318.4,28123,,179.56527203300357,2026-09-11T20:42:32Z
exhaustive_clock_sweep_v1,characterization,clock17-u30-d38-p0-g0p15-sAREA_2,,17,True,,1.1275602992672862,0.11179074649066818,15110.7,28437,,148.9913377099947,2026-09-11T20:45:01Z
exhaustive_clock_sweep_v1,characterization,clock17-u30-d38-p0-g0p20-sAREA_0,,17,True,,1.8159092521437574,0.11218826185587773,15137,27229,,169.1851609459991,2026-09-11T20:47:51Z
exhaustive_clock_sweep_v1,characterization,clock17-u30-d38-p0-g0p20-sAREA_1,,17,True,,1.8479387432208392,0.11109957712714019,15310.9,28083,,151.80390719299612,2026-09-11T20:50:23Z
exhaustive_clock_sweep_v1,characterization,clock17-u30-d38-p0-g0p20-sAREA_2,,17,True,,1.2834427217606716,0.11178946973415375,15113.2,28371,,172.55684863199713,2026-09-11T20:53:16Z
exhaustive_clock_sweep_v1,characterization,clock17-u30-d38-p1-g0p05-sAREA_0,,17,True,,1.700087230225512,0.11202616928969816,15134.5,27414,,149.6478818809992,2026-09-11T20:55:46Z
exhaustive_clock_sweep_v1,characterization,clock17-u30-d38-p1-g0p05-sAREA_1,,17,True,,1.9153301708999657,0.11061529783010235,15310.9,28277,,159.79669900800218,2026-09-11T20:58:26Z
exhaustive_clock_sweep_v1,characterization,clock17-u30-d38-p1-g0p05-sAREA_2,,17,True,,1.2033574477481845,0.11276413455503759,15113.2,28397,,178.47604299099476,2026-09-11T21:01:25Z
exhaustive_clock_sweep_v1,characterization,clock17-u30-d38-p1-g0p10-sAREA_0,,17,True,,1.7343353910577528,0.1124506630751691,15134.5,27363,,143.9862485870035,2026-09-11T21:03:49Z
exhaustive_clock_sweep_v1,characterization,clock17-u30-d38-p1-g0p10-sAREA_1,,17,True,,1.8361011009082846,0.1108685952203343,15310.9,28204,,153.8722249700004,2026-09-11T21:06:24Z
exhaustive_clock_sweep_v1,characterization,clock17-u30-d38-p1-g0p10-sAREA_2,,17,True,,1.2657555362105355,0.1129009140355398,15113.2,28422,,177.4009089500032,2026-09-11T21:09:22Z
exhaustive_clock_sweep_v1,characterization,clock17-u30-d38-p1-g0p15-sAREA_0,,17,True,,1.7482957798534262,0.1125878866448937,15137,27287,,172.79092464900168,2026-09-11T21:12:15Z
exhaustive_clock_sweep_v1,characterization,clock17-u30-d38-p1-g0p15-sAREA_1,,17,True,,1.8047714944457205,0.11102985511922185,15318.4,28123,,179.284422869001,2026-09-11T21:15:14Z
exhaustive_clock_sweep_v1,characterization,clock17-u30-d38-p1-g0p15-sAREA_2,,17,True,,1.1275602992672862,0.11179074649066818,15110.7,28437,,150.0477540780048,2026-09-11T21:17:45Z
exhaustive_clock_sweep_v1,characterization,clock17-u30-d38-p1-g0p20-sAREA_0,,17,True,,1.8159092521437574,0.11218826185587773,15137,27229,,170.40139801099576,2026-09-11T21:20:36Z
exhaustive_clock_sweep_v1,characterization,clock17-u30-d38-p1-g0p20-sAREA_1,,17,True,,1.8479387432208392,0.11109957712714019,15310.9,28083,,152.80082441300328,2026-09-11T21:23:09Z
exhaustive_clock_sweep_v1,characterization,clock17-u30-d38-p1-g0p20-sAREA_2,,17,True,,1.2834427217606716,0.11178946973415375,15113.2,28371,,173.23876426999777,2026-09-11T21:26:03Z
exhaustive_clock_sweep_v1,characterization,clock17-u30-d38-p2-g0p05-sAREA_0,,17,True,,1.395191557330975,0.11231049741434601,15112,27483,,168.73688027699973,2026-09-11T21:28:52Z
exhaustive_clock_sweep_v1,characterization,clock17-u30-d38-p2-g0p05-sAREA_1,,17,True,,0.9352288097553968,0.1104812383960874,15255.9,28779,,154.10178992900182,2026-09-11T21:31:26Z
exhaustive_clock_sweep_v1,characterization,clock17-u30-d38-p2-g0p05-sAREA_2,,17,True,,1.1443593063726025,0.11298950983541055,15030.7,28939,,151.2270417969994,2026-09-11T21:33:58Z
exhaustive_clock_sweep_v1,characterization,clock17-u30-d38-p2-g0p10-sAREA_0,,17,True,,1.396520272284425,0.1122777458341933,15114.5,27528,,173.35785576700437,2026-09-11T21:36:52Z
exhaustive_clock_sweep_v1,characterization,clock17-u30-d38-p2-g0p10-sAREA_1,,17,True,,0.9072050034644511,0.1104316669366359,15255.9,28813,,153.37322859300184,2026-09-11T21:39:26Z
exhaustive_clock_sweep_v1,characterization,clock17-u30-d38-p2-g0p10-sAREA_2,,17,True,,1.1299441702131816,0.11305362521689595,15033.2,28877,,172.28749516300013,2026-09-11T21:42:18Z
exhaustive_clock_sweep_v1,characterization,clock17-u30-d38-p2-g0p15-sAREA_0,,17,True,,1.3893242505244972,0.11194773203079003,15114.5,27472,,187.80711593900196,2026-09-11T21:45:26Z
exhaustive_clock_sweep_v1,characterization,clock17-u30-d38-p2-g0p15-sAREA_1,,17,True,,0.8632828030112358,0.11026996294852595,15255.9,28693,,159.41972555699613,2026-09-11T21:48:06Z
exhaustive_clock_sweep_v1,characterization,clock17-u30-d38-p2-g0p15-sAREA_2,,17,True,,1.087288512222279,0.11269469010288326,15030.7,28897,,153.33315058599692,2026-09-11T21:50:40Z
exhaustive_clock_sweep_v1,characterization,clock17-u30-d38-p2-g0p20-sAREA_0,,17,True,,1.3692478649577966,0.11182438624926573,15109.5,27492,,164.52496741499635,2026-09-11T21:53:25Z
exhaustive_clock_sweep_v1,characterization,clock17-u30-d38-p2-g0p20-sAREA_1,,17,True,,0.8752145922389413,0.11049916849844219,15255.9,28755,,151.08134994200373,2026-09-11T21:55:57Z
exhaustive_clock_sweep_v1,characterization,clock17-u30-d38-p2-g0p20-sAREA_2,,17,True,,1.0834675685526656,0.11253437389359333,15030.7,28815,,151.684081667001,2026-09-11T21:58:29Z
exhaustive_clock_sweep_v1,characterization,clock17-u30-d45-p0-g0p05-sAREA_0,,17,True,,1.700087230225512,0.11202616928969816,15134.5,27414,,150.89749464200577,2026-09-11T22:01:00Z
exhaustive_clock_sweep_v1,characterization,clock17-u30-d45-p0-g0p05-sAREA_1,,17,True,,1.9153301708999657,0.11061529783010235,15310.9,28277,,161.0825629530009,2026-09-11T22:03:41Z
exhaustive_clock_sweep_v1,characterization,clock17-u30-d45-p0-g0p05-sAREA_2,,17,True,,1.2033574477481845,0.11276413455503759,15113.2,28397,,179.73738947799575,2026-09-11T22:06:42Z
exhaustive_clock_sweep_v1,characterization,clock17-u30-d45-p0-g0p10-sAREA_0,,17,True,,1.7343353910577528,0.1124506630751691,15134.5,27363,,146.23727577799582,2026-09-11T22:09:08Z
exhaustive_clock_sweep_v1,characterization,clock17-u30-d45-p0-g0p10-sAREA_1,,17,True,,1.8361011009082846,0.1108685952203343,15310.9,28204,,155.911014968995,2026-09-11T22:11:45Z
exhaustive_clock_sweep_v1,characterization,clock17-u30-d45-p0-g0p10-sAREA_2,,17,True,,1.2657555362105355,0.1129009140355398,15113.2,28422,,177.62144896200334,2026-09-11T22:14:43Z
exhaustive_clock_sweep_v1,characterization,clock17-u30-d45-p0-g0p15-sAREA_0,,17,True,,1.7482957798534262,0.1125878866448937,15137,27287,,173.62874728099996,2026-09-11T22:17:37Z
exhaustive_clock_sweep_v1,characterization,clock17-u30-d45-p0-g0p15-sAREA_1,,17,True,,1.8047714944457205,0.11102985511922185,15318.4,28123,,181.18126944100368,2026-09-11T22:20:38Z
exhaustive_clock_sweep_v1,characterization,clock17-u30-d45-p0-g0p15-sAREA_2,,17,True,,1.1275602992672862,0.11179074649066818,15110.7,28437,,149.45557622900378,2026-09-11T22:23:08Z
exhaustive_clock_sweep_v1,characterization,clock17-u30-d45-p0-g0p20-sAREA_0,,17,True,,1.8159092521437574,0.11218826185587773,15137,27229,,170.3764544870064,2026-09-11T22:25:59Z
exhaustive_clock_sweep_v1,characterization,clock17-u30-d45-p0-g0p20-sAREA_1,,17,True,,1.8479387432208392,0.11109957712714019,15310.9,28083,,152.99895000199467,2026-09-11T22:28:32Z
exhaustive_clock_sweep_v1,characterization,clock17-u30-d45-p0-g0p20-sAREA_2,,17,True,,1.2834427217606716,0.11178946973415375,15113.2,28371,,173.64206904300227,2026-09-11T22:31:26Z
exhaustive_clock_sweep_v1,characterization,clock17-u30-d45-p1-g0p05-sAREA_0,,17,True,,1.700087230225512,0.11202616928969816,15134.5,27414,,150.0448763059976,2026-09-11T22:33:57Z
exhaustive_clock_sweep_v1,characterization,clock17-u30-d45-p1-g0p05-sAREA_1,,17,True,,1.9153301708999657,0.11061529783010235,15310.9,28277,,161.1677470270006,2026-09-11T22:36:39Z
exhaustive_clock_sweep_v1,characterization,clock17-u30-d45-p1-g0p05-sAREA_2,,17,True,,1.2033574477481845,0.11276413455503759,15113.2,28397,,179.40909896000085,2026-09-11T22:39:38Z
exhaustive_clock_sweep_v1,characterization,clock17-u30-d45-p1-g0p10-sAREA_0,,17,True,,1.7343353910577528,0.1124506630751691,15134.5,27363,,144.66975755699968,2026-09-11T22:42:03Z
exhaustive_clock_sweep_v1,characterization,clock17-u30-d45-p1-g0p10-sAREA_1,,17,True,,1.8361011009082846,0.1108685952203343,15310.9,28204,,155.8519761189964,2026-09-11T22:44:40Z
exhaustive_clock_sweep_v1,characterization,clock17-u30-d45-p1-g0p10-sAREA_2,,17,True,,1.2657555362105355,0.1129009140355398,15113.2,28422,,178.2340896310052,2026-09-11T22:47:38Z
exhaustive_clock_sweep_v1,characterization,clock17-u30-d45-p1-g0p15-sAREA_0,,17,True,,1.7482957798534262,0.1125878866448937,15137,27287,,173.41998660500394,2026-09-11T22:50:32Z
exhaustive_clock_sweep_v1,characterization,clock17-u30-d45-p1-g0p15-sAREA_1,,17,True,,1.8047714944457205,0.11102985511922185,15318.4,28123,,179.9084766570013,2026-09-11T22:53:33Z
exhaustive_clock_sweep_v1,characterization,clock17-u30-d45-p1-g0p15-sAREA_2,,17,True,,1.1275602992672862,0.11179074649066818,15110.7,28437,,149.4390690220025,2026-09-11T22:56:02Z
exhaustive_clock_sweep_v1,characterization,clock17-u30-d45-p1-g0p20-sAREA_0,,17,True,,1.8159092521437574,0.11218826185587773,15137,27229,,169.86609778199636,2026-09-11T22:58:53Z
exhaustive_clock_sweep_v1,characterization,clock17-u30-d45-p1-g0p20-sAREA_1,,17,True,,1.8479387432208392,0.11109957712714019,15310.9,28083,,153.5751559229975,2026-09-11T23:01:27Z
exhaustive_clock_sweep_v1,characterization,clock17-u30-d45-p1-g0p20-sAREA_2,,17,True,,1.2834427217606716,0.11178946973415375,15113.2,28371,,173.69428471199353,2026-09-11T23:04:21Z
exhaustive_clock_sweep_v1,characterization,clock17-u30-d45-p2-g0p05-sAREA_0,,17,True,,1.395191557330975,0.11231049741434601,15112,27483,,169.0941033029958,2026-09-11T23:07:10Z
exhaustive_clock_sweep_v1,characterization,clock17-u30-d45-p2-g0p05-sAREA_1,,17,True,,0.9352288097553968,0.1104812383960874,15255.9,28779,,154.2821939610003,2026-09-11T23:09:45Z
exhaustive_clock_sweep_v1,characterization,clock17-u30-d45-p2-g0p05-sAREA_2,,17,True,,1.1443593063726025,0.11298950983541055,15030.7,28939,,152.41261601400038,2026-09-11T23:12:18Z
exhaustive_clock_sweep_v1,characterization,clock17-u30-d45-p2-g0p10-sAREA_0,,17,True,,1.396520272284425,0.1122777458341933,15114.5,27528,,173.38776968500315,2026-09-11T23:15:12Z
exhaustive_clock_sweep_v1,characterization,clock17-u30-d45-p2-g0p10-sAREA_1,,17,True,,0.9072050034644511,0.1104316669366359,15255.9,28813,,152.10429512100382,2026-09-11T23:17:44Z
exhaustive_clock_sweep_v1,characterization,clock17-u30-d45-p2-g0p10-sAREA_2,,17,True,,1.1299441702131816,0.11305362521689595,15033.2,28877,,173.38222127699555,2026-09-11T23:20:38Z
exhaustive_clock_sweep_v1,characterization,clock17-u30-d45-p2-g0p15-sAREA_0,,17,True,,1.3893242505244972,0.11194773203079003,15114.5,27472,,186.5419601129979,2026-09-11T23:23:45Z
exhaustive_clock_sweep_v1,characterization,clock17-u30-d45-p2-g0p15-sAREA_1,,17,True,,0.8632828030112358,0.11026996294852595,15255.9,28693,,157.1167602860005,2026-09-11T23:26:23Z
exhaustive_clock_sweep_v1,characterization,clock17-u30-d45-p2-g0p15-sAREA_2,,17,True,,1.087288512222279,0.11269469010288326,15030.7,28897,,152.93983927600493,2026-09-11T23:28:56Z
exhaustive_clock_sweep_v1,characterization,clock17-u30-d45-p2-g0p20-sAREA_0,,17,True,,1.3692478649577966,0.11182438624926573,15109.5,27492,,164.67761681199772,2026-09-11T23:31:41Z
exhaustive_clock_sweep_v1,characterization,clock17-u30-d45-p2-g0p20-sAREA_1,,17,True,,0.8752145922389413,0.11049916849844219,15255.9,28755,,151.33223039400036,2026-09-11T23:34:13Z
exhaustive_clock_sweep_v1,characterization,clock17-u30-d45-p2-g0p20-sAREA_2,,17,True,,1.0834675685526656,0.11253437389359333,15030.7,28815,,150.33273794400156,2026-09-11T23:36:43Z
exhaustive_clock_sweep_v1,characterization,clock17-u30-d52-p0-g0p05-sAREA_0,,17,True,,1.700087230225512,0.11202616928969816,15134.5,27414,,151.0332197500029,2026-09-11T23:39:15Z
exhaustive_clock_sweep_v1,characterization,clock17-u30-d52-p0-g0p05-sAREA_1,,17,True,,1.9153301708999657,0.11061529783010235,15310.9,28277,,161.65558400100417,2026-09-11T23:41:57Z
exhaustive_clock_sweep_v1,characterization,clock17-u30-d52-p0-g0p05-sAREA_2,,17,True,,1.2033574477481845,0.11276413455503759,15113.2,28397,,179.21215337300237,2026-09-11T23:44:57Z
exhaustive_clock_sweep_v1,characterization,clock17-u30-d52-p0-g0p10-sAREA_0,,17,True,,1.7343353910577528,0.1124506630751691,15134.5,27363,,145.254704787003,2026-09-11T23:47:22Z
exhaustive_clock_sweep_v1,characterization,clock17-u30-d52-p0-g0p10-sAREA_1,,17,True,,1.8361011009082846,0.1108685952203343,15310.9,28204,,155.04798654899787,2026-09-11T23:49:58Z
exhaustive_clock_sweep_v1,characterization,clock17-u30-d52-p0-g0p10-sAREA_2,,17,True,,1.2657555362105355,0.1129009140355398,15113.2,28422,,178.35202586900414,2026-09-11T23:52:57Z
exhaustive_clock_sweep_v1,characterization,clock17-u30-d52-p0-g0p15-sAREA_0,,17,True,,1.7482957798534262,0.1125878866448937,15137,27287,,173.50624036099907,2026-09-11T23:55:51Z
exhaustive_clock_sweep_v1,characterization,clock17-u30-d52-p0-g0p15-sAREA_1,,17,True,,1.8047714944457205,0.11102985511922185,15318.4,28123,,180.75440429599985,2026-09-11T23:58:52Z
exhaustive_clock_sweep_v1,characterization,clock17-u30-d52-p0-g0p15-sAREA_2,,17,True,,1.1275602992672862,0.11179074649066818,15110.7,28437,,149.9551700860029,2026-09-12T00:01:22Z
exhaustive_clock_sweep_v1,characterization,clock17-u30-d52-p0-g0p20-sAREA_0,,17,True,,1.8159092521437574,0.11218826185587773,15137,27229,,171.4227909600013,2026-09-12T00:04:14Z
exhaustive_clock_sweep_v1,characterization,clock17-u30-d52-p0-g0p20-sAREA_1,,17,True,,1.8479387432208392,0.11109957712714019,15310.9,28083,,153.26535893300024,2026-09-12T00:06:48Z
exhaustive_clock_sweep_v1,characterization,clock17-u30-d52-p0-g0p20-sAREA_2,,17,True,,1.2834427217606716,0.11178946973415375,15113.2,28371,,172.64970794799592,2026-09-12T00:09:41Z
exhaustive_clock_sweep_v1,characterization,clock17-u30-d52-p1-g0p05-sAREA_0,,17,True,,1.700087230225512,0.11202616928969816,15134.5,27414,,151.1834853420005,2026-09-12T00:12:12Z
exhaustive_clock_sweep_v1,characterization,clock17-u30-d52-p1-g0p05-sAREA_1,,17,True,,1.9153301708999657,0.11061529783010235,15310.9,28277,,161.4853509109962,2026-09-12T00:14:54Z
exhaustive_clock_sweep_v1,characterization,clock17-u30-d52-p1-g0p05-sAREA_2,,17,True,,1.2033574477481845,0.11276413455503759,15113.2,28397,,178.63759161800408,2026-09-12T00:17:53Z
exhaustive_clock_sweep_v1,characterization,clock17-u30-d52-p1-g0p10-sAREA_0,,17,True,,1.7343353910577528,0.1124506630751691,15134.5,27363,,146.97617343199818,2026-09-12T00:20:21Z
exhaustive_clock_sweep_v1,characterization,clock17-u30-d52-p1-g0p10-sAREA_1,,17,True,,1.8361011009082846,0.1108685952203343,15310.9,28204,,155.60097531100473,2026-09-12T00:22:57Z
exhaustive_clock_sweep_v1,characterization,clock17-u30-d52-p1-g0p10-sAREA_2,,17,True,,1.2657555362105355,0.1129009140355398,15113.2,28422,,178.17460257899802,2026-09-12T00:25:55Z
exhaustive_clock_sweep_v1,characterization,clock17-u30-d52-p1-g0p15-sAREA_0,,17,True,,1.7482957798534262,0.1125878866448937,15137,27287,,174.6876624150027,2026-09-12T00:28:50Z
exhaustive_clock_sweep_v1,characterization,clock17-u30-d52-p1-g0p15-sAREA_1,,17,True,,1.8047714944457205,0.11102985511922185,15318.4,28123,,181.4002027230017,2026-09-12T00:31:52Z
exhaustive_clock_sweep_v1,characterization,clock17-u30-d52-p1-g0p15-sAREA_2,,17,True,,1.1275602992672862,0.11179074649066818,15110.7,28437,,150.63710416299728,2026-09-12T00:34:23Z
exhaustive_clock_sweep_v1,characterization,clock17-u30-d52-p1-g0p20-sAREA_0,,17,True,,1.8159092521437574,0.11218826185587773,15137,27229,,170.41609908799728,2026-09-12T00:37:14Z
exhaustive_clock_sweep_v1,characterization,clock17-u30-d52-p1-g0p20-sAREA_1,,17,False,,,,,,,,2026-09-12T00:37:37Z
exhaustive_clock_sweep_v1,characterization,clock17-u30-d52-p1-g0p20-sAREA_1,,17,True,,1.8479387432208392,0.11109957712714019,15310.9,28083,,173.18968924100045,2026-09-12T00:40:08Z
exhaustive_clock_sweep_v1,characterization,clock17-u30-d52-p1-g0p20-sAREA_2,,17,True,,1.2834427217606716,0.11178946973415375,15113.2,28371,,196.34466457099916,2026-09-12T00:40:54Z
exhaustive_clock_sweep_v1,characterization,clock17-u30-d52-p2-g0p05-sAREA_0,,17,True,,1.395191557330975,0.11231049741434601,15112,27483,,168.43319740099832,2026-09-12T00:43:43Z
exhaustive_clock_sweep_v1,characterization,clock17-u30-d52-p2-g0p05-sAREA_1,,17,True,,0.9352288097553968,0.1104812383960874,15255.9,28779,,153.68569632199797,2026-09-12T00:46:17Z
exhaustive_clock_sweep_v1,characterization,clock17-u30-d52-p2-g0p05-sAREA_2,,17,True,,1.1443593063726025,0.11298950983541055,15030.7,28939,,151.91176900400023,2026-09-12T00:48:49Z
exhaustive_clock_sweep_v1,characterization,clock17-u30-d52-p2-g0p10-sAREA_0,,17,True,,1.396520272284425,0.1122777458341933,15114.5,27528,,173.85307826499775,2026-09-12T00:51:43Z
exhaustive_clock_sweep_v1,characterization,clock17-u30-d52-p2-g0p10-sAREA_1,,17,True,,0.9072050034644511,0.1104316669366359,15255.9,28813,,153.00707129900547,2026-09-12T00:54:17Z
exhaustive_clock_sweep_v1,characterization,clock17-u30-d52-p2-g0p10-sAREA_2,,17,True,,1.1299441702131816,0.11305362521689595,15033.2,28877,,172.41404166999564,2026-09-12T00:57:10Z
exhaustive_clock_sweep_v1,characterization,clock17-u30-d52-p2-g0p15-sAREA_0,,17,True,,1.3893242505244972,0.11194773203079003,15114.5,27472,,187.2513981880038,2026-09-12T01:00:17Z
exhaustive_clock_sweep_v1,characterization,clock17-u30-d52-p2-g0p15-sAREA_1,,17,False,,,,,,,,2026-09-12T01:24:17Z
exhaustive_clock_sweep_v1,characterization,clock17-u30-d52-p2-g0p15-sAREA_2,,17,True,,1.087288512222279,0.11269469010288326,15030.7,28897,,154.03927245600062,2026-09-12T01:26:51Z
exhaustive_clock_sweep_v1,characterization,clock17-u30-d52-p2-g0p20-sAREA_0,,17,True,,1.3692478649577966,0.11182438624926573,15109.5,27492,,165.04798612599552,2026-09-12T01:29:37Z
exhaustive_clock_sweep_v1,characterization,clock17-u30-d52-p2-g0p20-sAREA_1,,17,True,,0.8752145922389413,0.11049916849844219,15255.9,28755,,150.49882038599753,2026-09-12T01:32:08Z
exhaustive_clock_sweep_v1,characterization,clock17-u30-d52-p2-g0p20-sAREA_2,,17,True,,1.0834675685526656,0.11253437389359333,15030.7,28815,,150.2768907110003,2026-09-12T01:34:38Z
exhaustive_clock_sweep_v1,characterization,clock17-u35-d38-p0-g0p05-sAREA_0,,17,True,,1.700087230225512,0.11202616928969816,15134.5,27414,,160.66843437699572,2026-09-12T01:37:19Z
exhaustive_clock_sweep_v1,characterization,clock17-u35-d38-p0-g0p05-sAREA_1,,17,True,,1.9153301708999657,0.11061529783010235,15310.9,28277,,161.18945174100372,2026-09-12T01:40:01Z
exhaustive_clock_sweep_v1,characterization,clock17-u35-d38-p0-g0p05-sAREA_2,,17,True,,1.2033574477481845,0.11276413455503759,15113.2,28397,,179.72879311600263,2026-09-12T01:43:01Z
exhaustive_clock_sweep_v1,characterization,clock17-u35-d38-p0-g0p10-sAREA_0,,17,True,,1.7343353910577528,0.1124506630751691,15134.5,27363,,145.44222106500092,2026-09-12T01:45:27Z
exhaustive_clock_sweep_v1,characterization,clock17-u35-d38-p0-g0p10-sAREA_1,,17,True,,1.8361011009082846,0.1108685952203343,15310.9,28204,,155.81004618799489,2026-09-12T01:48:03Z
exhaustive_clock_sweep_v1,characterization,clock17-u35-d38-p0-g0p10-sAREA_2,,17,True,,1.2657555362105355,0.1129009140355398,15113.2,28422,,178.60237158000382,2026-09-12T01:51:03Z
exhaustive_clock_sweep_v1,characterization,clock17-u35-d38-p0-g0p15-sAREA_0,,17,True,,1.7482957798534262,0.1125878866448937,15137,27287,,173.75411750999774,2026-09-12T01:53:57Z
exhaustive_clock_sweep_v1,characterization,clock17-u35-d38-p0-g0p15-sAREA_1,,17,True,,1.8047714944457205,0.11102985511922185,15318.4,28123,,180.21190527800354,2026-09-12T01:56:57Z
exhaustive_clock_sweep_v1,characterization,clock17-u35-d38-p0-g0p15-sAREA_2,,17,True,,1.1275602992672862,0.11179074649066818,15110.7,28437,,149.55329594400246,2026-09-12T01:59:27Z
exhaustive_clock_sweep_v1,characterization,clock17-u35-d38-p0-g0p20-sAREA_0,,17,True,,1.8159092521437574,0.11218826185587773,15137,27229,,169.70981144699908,2026-09-12T02:02:18Z
exhaustive_clock_sweep_v1,characterization,clock17-u35-d38-p0-g0p20-sAREA_1,,17,True,,1.8479387432208392,0.11109957712714019,15310.9,28083,,154.01493747600034,2026-09-12T02:04:52Z
exhaustive_clock_sweep_v1,characterization,clock17-u35-d38-p0-g0p20-sAREA_2,,17,True,,1.2834427217606716,0.11178946973415375,15113.2,28371,,174.82224029600184,2026-09-12T02:07:47Z
exhaustive_clock_sweep_v1,characterization,clock17-u35-d38-p1-g0p05-sAREA_0,,17,True,,1.700087230225512,0.11202616928969816,15134.5,27414,,151.40188516500348,2026-09-12T02:10:19Z
exhaustive_clock_sweep_v1,characterization,clock17-u35-d38-p1-g0p05-sAREA_1,,17,True,,1.9153301708999657,0.11061529783010235,15310.9,28277,,161.41444288300409,2026-09-12T02:13:01Z
exhaustive_clock_sweep_v1,characterization,clock17-u35-d38-p1-g0p05-sAREA_2,,17,True,,1.2033574477481845,0.11276413455503759,15113.2,28397,,178.82303346000117,2026-09-12T02:16:00Z
exhaustive_clock_sweep_v1,characterization,clock17-u35-d38-p1-g0p10-sAREA_0,,17,True,,1.7343353910577528,0.1124506630751691,15134.5,27363,,144.82743144099368,2026-09-12T02:18:26Z
exhaustive_clock_sweep_v1,characterization,clock17-u35-d38-p1-g0p10-sAREA_1,,17,True,,1.8361011009082846,0.1108685952203343,15310.9,28204,,154.6638608880021,2026-09-12T02:21:01Z
exhaustive_clock_sweep_v1,characterization,clock17-u35-d38-p1-g0p10-sAREA_2,,17,True,,1.2657555362105355,0.1129009140355398,15113.2,28422,,177.6157682310004,2026-09-12T02:23:59Z
exhaustive_clock_sweep_v1,characterization,clock17-u35-d38-p1-g0p15-sAREA_0,,17,True,,1.7482957798534262,0.1125878866448937,15137,27287,,175.28952850399946,2026-09-12T02:26:55Z
exhaustive_clock_sweep_v1,characterization,clock17-u35-d38-p1-g0p15-sAREA_1,,17,True,,1.8047714944457205,0.11102985511922185,15318.4,28123,,179.88131160599733,2026-09-12T02:29:55Z
exhaustive_clock_sweep_v1,characterization,clock17-u35-d38-p1-g0p15-sAREA_2,,17,True,,1.1275602992672862,0.11179074649066818,15110.7,28437,,149.97641747900343,2026-09-12T02:32:25Z
exhaustive_clock_sweep_v1,characterization,clock17-u35-d38-p1-g0p20-sAREA_0,,17,True,,1.8159092521437574,0.11218826185587773,15137,27229,,173.69115246,2026-09-12T02:35:20Z
exhaustive_clock_sweep_v1,characterization,clock17-u35-d38-p1-g0p20-sAREA_1,,17,True,,1.8479387432208392,0.11109957712714019,15310.9,28083,,152.58729728799517,2026-09-12T02:37:53Z
exhaustive_clock_sweep_v1,characterization,clock17-u35-d38-p1-g0p20-sAREA_2,,17,True,,1.2834427217606716,0.11178946973415375,15113.2,28371,,173.97898692699528,2026-09-12T02:40:47Z
exhaustive_clock_sweep_v1,characterization,clock17-u35-d38-p2-g0p05-sAREA_0,,17,True,,1.395191557330975,0.11231049741434601,15112,27483,,168.7600123450029,2026-09-12T02:43:36Z
exhaustive_clock_sweep_v1,characterization,clock17-u35-d38-p2-g0p05-sAREA_1,,17,True,,0.9352288097553968,0.1104812383960874,15255.9,28779,,155.46299260100204,2026-09-12T02:46:12Z
exhaustive_clock_sweep_v1,characterization,clock17-u35-d38-p2-g0p05-sAREA_2,,17,True,,1.1443593063726025,0.11298950983541055,15030.7,28939,,152.63158999999723,2026-09-12T02:48:45Z
exhaustive_clock_sweep_v1,characterization,clock17-u35-d38-p2-g0p10-sAREA_0,,17,True,,1.396520272284425,0.1122777458341933,15114.5,27528,,174.3483503660027,2026-09-12T02:51:40Z
exhaustive_clock_sweep_v1,characterization,clock17-u35-d38-p2-g0p10-sAREA_1,,17,True,,0.9072050034644511,0.1104316669366359,15255.9,28813,,152.67837203400268,2026-09-12T02:54:13Z
exhaustive_clock_sweep_v1,characterization,clock17-u35-d38-p2-g0p10-sAREA_2,,17,True,,1.1299441702131816,0.11305362521689595,15033.2,28877,,171.7404450000031,2026-09-12T02:57:05Z
exhaustive_clock_sweep_v1,characterization,clock17-u35-d38-p2-g0p15-sAREA_0,,17,True,,1.3893242505244972,0.11194773203079003,15114.5,27472,,186.13369785700343,2026-09-12T03:00:12Z
exhaustive_clock_sweep_v1,characterization,clock17-u35-d38-p2-g0p15-sAREA_1,,17,True,,0.8632828030112358,0.11026996294852595,15255.9,28693,,157.82471950000036,2026-09-12T03:02:50Z
exhaustive_clock_sweep_v1,characterization,clock17-u35-d38-p2-g0p15-sAREA_2,,17,True,,1.087288512222279,0.11269469010288326,15030.7,28897,,153.24204474900034,2026-09-12T03:05:24Z
exhaustive_clock_sweep_v1,characterization,clock17-u35-d38-p2-g0p20-sAREA_0,,17,True,,1.3692478649577966,0.11182438624926573,15109.5,27492,,164.4906577810034,2026-09-12T03:08:09Z
exhaustive_clock_sweep_v1,characterization,clock17-u35-d38-p2-g0p20-sAREA_1,,17,True,,0.8752145922389413,0.11049916849844219,15255.9,28755,,150.40817276699818,2026-09-12T03:10:40Z
exhaustive_clock_sweep_v1,characterization,clock17-u35-d38-p2-g0p20-sAREA_2,,17,True,,1.0834675685526656,0.11253437389359333,15030.7,28815,,150.76788264799688,2026-09-12T03:13:11Z
exhaustive_clock_sweep_v1,characterization,clock17-u35-d45-p0-g0p05-sAREA_0,,17,True,,1.700087230225512,0.11202616928969816,15134.5,27414,,150.58448861600482,2026-09-12T03:15:42Z
exhaustive_clock_sweep_v1,characterization,clock17-u35-d45-p0-g0p05-sAREA_1,,17,True,,1.9153301708999657,0.11061529783010235,15310.9,28277,,160.97536276300525,2026-09-12T03:18:24Z
exhaustive_clock_sweep_v1,characterization,clock17-u35-d45-p0-g0p05-sAREA_2,,17,True,,1.2033574477481845,0.11276413455503759,15113.2,28397,,179.5259248000002,2026-09-12T03:21:24Z
exhaustive_clock_sweep_v1,characterization,clock17-u35-d45-p0-g0p10-sAREA_0,,17,True,,1.7343353910577528,0.1124506630751691,15134.5,27363,,145.88619584299886,2026-09-12T03:23:50Z
exhaustive_clock_sweep_v1,characterization,clock17-u35-d45-p0-g0p10-sAREA_1,,17,True,,1.8361011009082846,0.1108685952203343,15310.9,28204,,154.5026867580018,2026-09-12T03:26:25Z
exhaustive_clock_sweep_v1,characterization,clock17-u35-d45-p0-g0p10-sAREA_2,,17,True,,1.2657555362105355,0.1129009140355398,15113.2,28422,,178.52487516199471,2026-09-12T03:29:24Z
exhaustive_clock_sweep_v1,characterization,clock17-u35-d45-p0-g0p15-sAREA_0,,17,True,,1.7482957798534262,0.1125878866448937,15137,27287,,173.14257530000032,2026-09-12T03:32:17Z
exhaustive_clock_sweep_v1,characterization,clock17-u35-d45-p0-g0p15-sAREA_1,,17,True,,1.8047714944457205,0.11102985511922185,15318.4,28123,,179.92000305100373,2026-09-12T03:35:18Z
exhaustive_clock_sweep_v1,characterization,clock17-u35-d45-p0-g0p15-sAREA_2,,17,True,,1.1275602992672862,0.11179074649066818,15110.7,28437,,149.2382944100027,2026-09-12T03:37:47Z
exhaustive_clock_sweep_v1,characterization,clock17-u35-d45-p0-g0p20-sAREA_0,,17,True,,1.8159092521437574,0.11218826185587773,15137,27229,,170.7557609430005,2026-09-12T03:40:39Z
exhaustive_clock_sweep_v1,characterization,clock17-u35-d45-p0-g0p20-sAREA_1,,17,True,,1.8479387432208392,0.11109957712714019,15310.9,28083,,153.56672045899904,2026-09-12T03:43:13Z
exhaustive_clock_sweep_v1,characterization,clock17-u35-d45-p0-g0p20-sAREA_2,,17,True,,1.2834427217606716,0.11178946973415375,15113.2,28371,,173.48471398199763,2026-09-12T03:46:07Z
exhaustive_clock_sweep_v1,characterization,clock17-u35-d45-p1-g0p05-sAREA_0,,17,True,,1.700087230225512,0.11202616928969816,15134.5,27414,,151.35090272199886,2026-09-12T03:48:38Z
exhaustive_clock_sweep_v1,characterization,clock17-u35-d45-p1-g0p05-sAREA_1,,17,False,,,,,,,,2026-09-12T05:46:28Z
exhaustive_clock_sweep_v1,characterization,clock17-u35-d45-p1-g0p05-sAREA_2,,17,True,,1.2033574477481845,0.11276413455503759,15113.2,28397,,183.9955698529957,2026-09-12T05:49:33Z
exhaustive_clock_sweep_v1,characterization,clock17-u35-d45-p1-g0p10-sAREA_0,,17,True,,1.7343353910577528,0.1124506630751691,15134.5,27363,,146.42475956999988,2026-09-12T05:51:59Z
exhaustive_clock_sweep_v1,characterization,clock17-u35-d45-p1-g0p10-sAREA_1,,17,True,,1.8361011009082846,0.1108685952203343,15310.9,28204,,156.31129665399203,2026-09-12T05:54:36Z
exhaustive_clock_sweep_v1,characterization,clock17-u35-d45-p1-g0p10-sAREA_2,,17,True,,1.2657555362105355,0.1129009140355398,15113.2,28422,,177.9177703239984,2026-09-12T05:57:35Z
exhaustive_clock_sweep_v1,characterization,clock17-u35-d45-p1-g0p15-sAREA_0,,17,False,,,,,,,,2026-09-12T06:07:38Z
exhaustive_clock_sweep_v1,characterization,clock17-u35-d45-p1-g0p15-sAREA_1,,17,False,,,,,,,,2026-09-12T23:27:39Z
exhaustive_clock_sweep_v1,characterization,clock17-u35-d45-p1-g0p15-sAREA_2,,17,True,,1.1275602992672862,0.11179074649066818,15110.7,28437,,149.43401716300286,2026-09-12T23:30:08Z
exhaustive_clock_sweep_v1,characterization,clock17-u35-d45-p1-g0p20-sAREA_0,,17,True,,1.8159092521437574,0.11218826185587773,15137,27229,,169.65678137299255,2026-09-12T23:32:59Z
exhaustive_clock_sweep_v1,characterization,clock17-u35-d45-p1-g0p20-sAREA_1,,17,True,,1.8479387432208392,0.11109957712714019,15310.9,28083,,153.25103217401193,2026-09-12T23:35:32Z
exhaustive_clock_sweep_v1,characterization,clock17-u35-d45-p1-g0p20-sAREA_2,,17,True,,1.2834427217606716,0.11178946973415375,15113.2,28371,,171.8660691420082,2026-09-12T23:38:25Z
exhaustive_clock_sweep_v1,characterization,clock17-u35-d45-p2-g0p05-sAREA_0,,17,True,,1.395191557330975,0.11231049741434601,15112,27483,,169.30091614101548,2026-09-12T23:41:14Z
exhaustive_clock_sweep_v1,characterization,clock17-u35-d45-p2-g0p05-sAREA_1,,17,True,,0.9352288097553968,0.1104812383960874,15255.9,28779,,154.11952050600667,2026-09-12T23:43:49Z
exhaustive_clock_sweep_v1,characterization,clock17-u35-d45-p2-g0p05-sAREA_2,,17,True,,1.1443593063726025,0.11298950983541055,15030.7,28939,,152.45203258199035,2026-09-12T23:46:22Z
exhaustive_clock_sweep_v1,characterization,clock17-u35-d45-p2-g0p10-sAREA_0,,17,True,,1.396520272284425,0.1122777458341933,15114.5,27528,,174.13999765197514,2026-09-12T23:49:16Z
exhaustive_clock_sweep_v1,characterization,clock17-u35-d45-p2-g0p10-sAREA_1,,17,True,,0.9072050034644511,0.1104316669366359,15255.9,28813,,153.5081436810142,2026-09-12T23:51:50Z
exhaustive_clock_sweep_v1,characterization,clock17-u35-d45-p2-g0p10-sAREA_2,,17,True,,1.1299441702131816,0.11305362521689595,15033.2,28877,,171.8846451160207,2026-09-12T23:54:43Z
exhaustive_clock_sweep_v1,characterization,clock17-u35-d45-p2-g0p15-sAREA_0,,17,True,,1.3893242505244972,0.11194773203079003,15114.5,27472,,186.4297083870042,2026-09-12T23:57:50Z
exhaustive_clock_sweep_v1,characterization,clock17-u35-d45-p2-g0p15-sAREA_1,,17,True,,0.8632828030112358,0.11026996294852595,15255.9,28693,,158.0181749589974,2026-09-13T00:00:28Z
exhaustive_clock_sweep_v1,characterization,clock17-u35-d45-p2-g0p15-sAREA_2,,17,True,,1.087288512222279,0.11269469010288326,15030.7,28897,,152.53080096800113,2026-09-13T00:03:01Z
exhaustive_clock_sweep_v1,characterization,clock17-u35-d45-p2-g0p20-sAREA_0,,17,True,,1.3692478649577966,0.11182438624926573,15109.5,27492,,164.47014056501212,2026-09-13T00:05:46Z
exhaustive_clock_sweep_v1,characterization,clock17-u35-d45-p2-g0p20-sAREA_1,,17,True,,0.8752145922389413,0.11049916849844219,15255.9,28755,,150.42282035801327,2026-09-13T00:08:17Z
exhaustive_clock_sweep_v1,characterization,clock17-u35-d45-p2-g0p20-sAREA_2,,17,True,,1.0834675685526656,0.11253437389359333,15030.7,28815,,151.95860025199363,2026-09-13T00:10:49Z
exhaustive_clock_sweep_v1,characterization,clock17-u35-d52-p0-g0p05-sAREA_0,,17,True,,1.700087230225512,0.11202616928969816,15134.5,27414,,150.7454413419764,2026-09-13T00:13:21Z
exhaustive_clock_sweep_v1,characterization,clock17-u35-d52-p0-g0p05-sAREA_1,,17,True,,1.9153301708999657,0.11061529783010235,15310.9,28277,,161.66431249899324,2026-09-13T00:16:03Z
exhaustive_clock_sweep_v1,characterization,clock17-u35-d52-p0-g0p05-sAREA_2,,17,True,,1.2033574477481845,0.11276413455503759,15113.2,28397,,180.12278484200942,2026-09-13T00:19:03Z
exhaustive_clock_sweep_v1,characterization,clock17-u35-d52-p0-g0p10-sAREA_0,,17,True,,1.7343353910577528,0.1124506630751691,15134.5,27363,,145.9477745500044,2026-09-13T00:21:30Z
exhaustive_clock_sweep_v1,characterization,clock17-u35-d52-p0-g0p10-sAREA_1,,17,True,,1.8361011009082846,0.1108685952203343,15310.9,28204,,155.38634850399103,2026-09-13T00:24:06Z
exhaustive_clock_sweep_v1,characterization,clock17-u35-d52-p0-g0p10-sAREA_2,,17,True,,1.2657555362105355,0.1129009140355398,15113.2,28422,,177.82710371699068,2026-09-13T00:27:04Z
exhaustive_clock_sweep_v1,characterization,clock17-u35-d52-p0-g0p15-sAREA_0,,17,True,,1.7482957798534262,0.1125878866448937,15137,27287,,174.09152529601124,2026-09-13T00:29:59Z
exhaustive_clock_sweep_v1,characterization,clock17-u35-d52-p0-g0p15-sAREA_1,,17,True,,1.8047714944457205,0.11102985511922185,15318.4,28123,,180.3820620359911,2026-09-13T00:32:59Z
exhaustive_clock_sweep_v1,characterization,clock17-u35-d52-p0-g0p15-sAREA_2,,17,True,,1.1275602992672862,0.11179074649066818,15110.7,28437,,150.6750890550029,2026-09-13T00:35:31Z
exhaustive_clock_sweep_v1,characterization,clock17-u35-d52-p0-g0p20-sAREA_0,,17,True,,1.8159092521437574,0.11218826185587773,15137,27229,,169.77150826100842,2026-09-13T00:38:21Z
exhaustive_clock_sweep_v1,characterization,clock17-u35-d52-p0-g0p20-sAREA_1,,17,True,,1.8479387432208392,0.11109957712714019,15310.9,28083,,153.14818713799468,2026-09-13T00:40:54Z
exhaustive_clock_sweep_v1,characterization,clock17-u35-d52-p0-g0p20-sAREA_2,,17,True,,1.2834427217606716,0.11178946973415375,15113.2,28371,,172.5044315380219,2026-09-13T00:43:47Z
exhaustive_clock_sweep_v1,characterization,clock17-u35-d52-p1-g0p05-sAREA_0,,17,True,,1.700087230225512,0.11202616928969816,15134.5,27414,,151.2090510809794,2026-09-13T00:46:19Z
exhaustive_clock_sweep_v1,characterization,clock17-u35-d52-p1-g0p05-sAREA_1,,17,True,,1.9153301708999657,0.11061529783010235,15310.9,28277,,162.67008450598223,2026-09-13T00:49:02Z
exhaustive_clock_sweep_v1,characterization,clock17-u35-d52-p1-g0p05-sAREA_2,,17,True,,1.2033574477481845,0.11276413455503759,15113.2,28397,,178.49767274499754,2026-09-13T00:52:01Z
exhaustive_clock_sweep_v1,characterization,clock17-u35-d52-p1-g0p10-sAREA_0,,17,True,,1.7343353910577528,0.1124506630751691,15134.5,27363,,145.39624437398743,2026-09-13T00:54:27Z
exhaustive_clock_sweep_v1,characterization,clock17-u35-d52-p1-g0p10-sAREA_1,,17,False,,,,,,,,2026-09-13T06:20:04Z
exhaustive_clock_sweep_v1,characterization,clock17-u35-d52-p1-g0p10-sAREA_2,,17,False,,,,,,,,2026-09-13T16:07:49Z
exhaustive_clock_sweep_v1,characterization,clock17-u35-d52-p1-g0p15-sAREA_0,,17,True,,1.7482957798534262,0.1125878866448937,15137,27287,,172.94661657797405,2026-09-13T16:10:43Z
exhaustive_clock_sweep_v1,characterization,clock17-u35-d52-p1-g0p15-sAREA_1,,17,True,,1.8047714944457205,0.11102985511922185,15318.4,28123,,179.571008636005,2026-09-13T16:13:43Z
exhaustive_clock_sweep_v1,characterization,clock17-u35-d52-p1-g0p15-sAREA_2,,17,False,,,,,,,,2026-09-13T17:06:26Z
exhaustive_clock_sweep_v1,characterization,clock17-u35-d52-p1-g0p20-sAREA_0,,17,True,,1.8159092521437574,0.11218826185587773,15137,27229,,170.08342601699405,2026-09-13T17:09:16Z
exhaustive_clock_sweep_v1,characterization,clock17-u35-d52-p1-g0p20-sAREA_1,,17,True,,1.8479387432208392,0.11109957712714019,15310.9,28083,,152.04731336300028,2026-09-13T17:11:49Z
exhaustive_clock_sweep_v1,characterization,clock17-u35-d52-p1-g0p20-sAREA_2,,17,True,,1.2834427217606716,0.11178946973415375,15113.2,28371,,172.61454831200535,2026-09-13T17:14:42Z
exhaustive_clock_sweep_v1,characterization,clock17-u35-d52-p2-g0p05-sAREA_0,,17,True,,1.395191557330975,0.11231049741434601,15112,27483,,168.20962352200877,2026-09-13T17:17:30Z
exhaustive_clock_sweep_v1,characterization,clock17-u35-d52-p2-g0p05-sAREA_1,,17,False,,,,,,,,2026-09-13T17:29:15Z
exhaustive_clock_sweep_v1,characterization,clock17-u35-d52-p2-g0p05-sAREA_2,,17,True,,1.1443593063726025,0.11298950983541055,15030.7,28939,,151.9744200319983,2026-09-13T17:31:47Z
exhaustive_clock_sweep_v1,characterization,clock17-u35-d52-p2-g0p10-sAREA_0,,17,True,,1.396520272284425,0.1122777458341933,15114.5,27528,,173.09752059500897,2026-09-13T17:34:41Z
exhaustive_clock_sweep_v1,characterization,clock17-u35-d52-p2-g0p10-sAREA_1,,17,True,,0.9072050034644511,0.1104316669366359,15255.9,28813,,152.00244049102184,2026-09-13T17:37:13Z
exhaustive_clock_sweep_v1,characterization,clock17-u35-d52-p2-g0p10-sAREA_2,,17,True,,1.1299441702131816,0.11305362521689595,15033.2,28877,,171.85601313901134,2026-09-13T17:40:05Z
exhaustive_clock_sweep_v1,characterization,clock17-u35-d52-p2-g0p15-sAREA_0,,17,False,,,,,,,,2026-09-14T18:40:12Z
exhaustive_clock_sweep_v1,characterization,clock17-u35-d52-p2-g0p15-sAREA_1,,17,True,,0.8632828030112358,0.11026996294852595,15255.9,28693,,168.3891760429833,2026-09-14T18:43:01Z
exhaustive_clock_sweep_v1,characterization,clock17-u35-d52-p2-g0p15-sAREA_2,,17,True,,1.087288512222279,0.11269469010288326,15030.7,28897,,163.01968549302546,2026-09-14T18:45:45Z
exhaustive_clock_sweep_v1,characterization,clock17-u35-d52-p2-g0p20-sAREA_0,,17,True,,1.3692478649577966,0.11182438624926573,15109.5,27492,,181.14662336104084,2026-09-14T18:48:46Z
exhaustive_clock_sweep_v1,characterization,clock17-u35-d52-p2-g0p20-sAREA_1,,17,True,,0.8752145922389413,0.11049916849844219,15255.9,28755,,164.9339590399759,2026-09-14T18:51:32Z
exhaustive_clock_sweep_v1,characterization,clock17-u35-d52-p2-g0p20-sAREA_2,,17,True,,1.0834675685526656,0.11253437389359333,15030.7,28815,,172.68551363400184,2026-09-14T18:54:25Z
exhaustive_clock_sweep_v1,characterization,clock17-u40-d38-p0-g0p05-sAREA_0,,17,True,,1.700087230225512,0.11202616928969816,15134.5,27414,,167.4585853869794,2026-09-14T18:57:13Z
exhaustive_clock_sweep_v1,characterization,clock17-u40-d38-p0-g0p05-sAREA_1,,17,True,,1.9153301708999657,0.11061529783010235,15310.9,28277,,183.49807759100804,2026-09-14T19:00:17Z
exhaustive_clock_sweep_v1,characterization,clock17-u40-d38-p0-g0p05-sAREA_2,,17,True,,1.2033574477481845,0.11276413455503759,15113.2,28397,,225.9141196209821,2026-09-14T19:04:03Z
exhaustive_clock_sweep_v1,characterization,clock17-u40-d38-p0-g0p10-sAREA_0,,17,True,,1.7343353910577528,0.1124506630751691,15134.5,27363,,158.8383038950269,2026-09-14T19:06:43Z
exhaustive_clock_sweep_v1,characterization,clock17-u40-d38-p0-g0p10-sAREA_1,,17,True,,1.8361011009082846,0.1108685952203343,15310.9,28204,,162.2007425170159,2026-09-14T19:09:25Z
exhaustive_clock_sweep_v1,characterization,clock17-u40-d38-p0-g0p10-sAREA_2,,17,True,,1.2657555362105355,0.1129009140355398,15113.2,28422,,187.5646022830042,2026-09-14T19:12:33Z
exhaustive_clock_sweep_v1,characterization,clock17-u40-d38-p0-g0p15-sAREA_0,,17,True,,1.7482957798534262,0.1125878866448937,15137,27287,,183.83284702303354,2026-09-14T19:15:38Z
exhaustive_clock_sweep_v1,characterization,clock17-u40-d38-p0-g0p15-sAREA_1,,17,True,,1.8047714944457205,0.11102985511922185,15318.4,28123,,191.84154837898677,2026-09-14T19:18:50Z
exhaustive_clock_sweep_v1,characterization,clock17-u40-d38-p0-g0p15-sAREA_2,,17,True,,1.1275602992672862,0.11179074649066818,15110.7,28437,,158.4695468840073,2026-09-14T19:21:29Z
exhaustive_clock_sweep_v1,characterization,clock17-u40-d38-p0-g0p20-sAREA_0,,17,False,,,,,,,,2026-09-14T20:08:04Z
exhaustive_clock_sweep_v1,characterization,clock17-u40-d38-p0-g0p20-sAREA_1,,17,True,,1.8479387432208392,0.11109957712714019,15310.9,28083,,160.20012691203738,2026-09-14T20:10:45Z
exhaustive_clock_sweep_v1,characterization,clock17-u40-d38-p0-g0p20-sAREA_2,,17,False,,,,,,,,2026-09-14T20:29:06Z
exhaustive_clock_sweep_v1,characterization,clock17-u40-d38-p1-g0p05-sAREA_0,,17,True,,1.700087230225512,0.11202616928969816,15134.5,27414,,155.58281723898835,2026-09-14T20:31:42Z
exhaustive_clock_sweep_v1,characterization,clock17-u40-d38-p1-g0p05-sAREA_1,,17,True,,1.9153301708999657,0.11061529783010235,15310.9,28277,,168.21441472199513,2026-09-14T20:34:31Z
exhaustive_clock_sweep_v1,characterization,clock17-u40-d38-p1-g0p05-sAREA_2,,17,True,,1.2033574477481845,0.11276413455503759,15113.2,28397,,188.5282197149936,2026-09-14T20:37:40Z
exhaustive_clock_sweep_v1,characterization,clock17-u40-d38-p1-g0p10-sAREA_0,,17,True,,1.7343353910577528,0.1124506630751691,15134.5,27363,,150.73173664300703,2026-09-14T20:40:11Z
exhaustive_clock_sweep_v1,characterization,clock17-u40-d38-p1-g0p10-sAREA_1,,17,True,,1.8361011009082846,0.1108685952203343,15310.9,28204,,162.03229217999615,2026-09-14T20:42:53Z
exhaustive_clock_sweep_v1,characterization,clock17-u40-d38-p1-g0p10-sAREA_2,,17,True,,1.2657555362105355,0.1129009140355398,15113.2,28422,,188.08749580499716,2026-09-14T20:46:02Z
exhaustive_clock_sweep_v1,characterization,clock17-u40-d38-p1-g0p15-sAREA_0,,17,True,,1.7482957798534262,0.1125878866448937,15137,27287,,182.6140669330489,2026-09-14T20:49:05Z
exhaustive_clock_sweep_v1,characterization,clock17-u40-d38-p1-g0p15-sAREA_1,,17,True,,1.8047714944457205,0.11102985511922185,15318.4,28123,,189.5252201820258,2026-09-14T20:52:15Z
exhaustive_clock_sweep_v1,characterization,clock17-u40-d38-p1-g0p15-sAREA_2,,17,False,,,,,,,,2026-09-15T04:34:13Z
exhaustive_clock_sweep_v1,characterization,clock17-u40-d38-p1-g0p20-sAREA_0,,17,True,,1.8159092521437574,0.11218826185587773,15137,27229,,193.00798922701506,2026-09-15T04:37:27Z
exhaustive_clock_sweep_v1,characterization,clock17-u40-d38-p1-g0p20-sAREA_1,,17,True,,1.8479387432208392,0.11109957712714019,15310.9,28083,,168.66534282598877,2026-09-15T04:40:16Z
exhaustive_clock_sweep_v1,characterization,clock17-u40-d38-p1-g0p20-sAREA_2,,17,True,,1.2834427217606716,0.11178946973415375,15113.2,28371,,197.61513047898188,2026-09-15T04:43:34Z
exhaustive_clock_sweep_v1,characterization,clock17-u40-d38-p2-g0p05-sAREA_0,,17,True,,1.395191557330975,0.11231049741434601,15112,27483,,189.86250512703555,2026-09-15T04:46:44Z
exhaustive_clock_sweep_v1,characterization,clock17-u40-d38-p2-g0p05-sAREA_1,,17,True,,0.9352288097553968,0.1104812383960874,15255.9,28779,,169.91011124197394,2026-09-15T04:49:35Z
exhaustive_clock_sweep_v1,characterization,clock17-u40-d38-p2-g0p05-sAREA_2,,17,True,,1.1443593063726025,0.11298950983541055,15030.7,28939,,166.81151338201016,2026-09-15T04:52:22Z
exhaustive_clock_sweep_v1,characterization,clock17-u40-d38-p2-g0p10-sAREA_0,,17,True,,1.396520272284425,0.1122777458341933,15114.5,27528,,198.04318077501375,2026-09-15T04:55:41Z
exhaustive_clock_sweep_v1,characterization,clock17-u40-d38-p2-g0p10-sAREA_1,,17,True,,0.9072050034644511,0.1104316669366359,15255.9,28813,,168.916788292001,2026-09-15T04:58:30Z
exhaustive_clock_sweep_v1,characterization,clock17-u40-d38-p2-g0p10-sAREA_2,,17,True,,1.1299441702131816,0.11305362521689595,15033.2,28877,,193.0614872929873,2026-09-15T05:01:43Z
exhaustive_clock_sweep_v1,characterization,clock17-u40-d38-p2-g0p15-sAREA_0,,17,True,,1.3893242505244972,0.11194773203079003,15114.5,27472,,219.25933312700363,2026-09-15T05:05:23Z
exhaustive_clock_sweep_v1,characterization,clock17-u40-d38-p2-g0p15-sAREA_1,,17,True,,0.8632828030112358,0.11026996294852595,15255.9,28693,,174.29260691197123,2026-09-15T05:08:18Z
exhaustive_clock_sweep_v1,characterization,clock17-u40-d38-p2-g0p15-sAREA_2,,17,True,,1.087288512222279,0.11269469010288326,15030.7,28897,,165.88626020698575,2026-09-15T05:11:04Z
exhaustive_clock_sweep_v1,characterization,clock17-u40-d38-p2-g0p20-sAREA_0,,17,True,,1.3692478649577966,0.11182438624926573,15109.5,27492,,185.04038370400667,2026-09-15T05:14:10Z
exhaustive_clock_sweep_v1,characterization,clock17-u40-d38-p2-g0p20-sAREA_1,,17,True,,0.8752145922389413,0.11049916849844219,15255.9,28755,,164.712405459024,2026-09-15T05:16:55Z
exhaustive_clock_sweep_v1,characterization,clock17-u40-d38-p2-g0p20-sAREA_2,,17,True,,1.0834675685526656,0.11253437389359333,15030.7,28815,,165.72017966996646,2026-09-15T05:19:41Z
exhaustive_clock_sweep_v1,characterization,clock17-u40-d45-p0-g0p05-sAREA_0,,17,True,,1.700087230225512,0.11202616928969816,15134.5,27414,,166.6029619910405,2026-09-15T05:22:28Z
exhaustive_clock_sweep_v1,characterization,clock17-u40-d45-p0-g0p05-sAREA_1,,17,True,,1.9153301708999657,0.11061529783010235,15310.9,28277,,178.11983861302724,2026-09-15T05:25:27Z
exhaustive_clock_sweep_v1,characterization,clock17-u40-d45-p0-g0p05-sAREA_2,,17,True,,1.2033574477481845,0.11276413455503759,15113.2,28397,,200.472189727996,2026-09-15T05:28:48Z
exhaustive_clock_sweep_v1,characterization,clock17-u40-d45-p0-g0p10-sAREA_0,,17,True,,1.7343353910577528,0.1124506630751691,15134.5,27363,,161.08618957997533,2026-09-15T05:31:30Z
exhaustive_clock_sweep_v1,characterization,clock17-u40-d45-p0-g0p10-sAREA_1,,17,True,,1.8361011009082846,0.1108685952203343,15310.9,28204,,171.9681925129844,2026-09-15T05:34:22Z
exhaustive_clock_sweep_v1,characterization,clock17-u40-d45-p0-g0p10-sAREA_2,,17,True,,1.2657555362105355,0.1129009140355398,15113.2,28422,,199.21822266897652,2026-09-15T05:37:42Z
exhaustive_clock_sweep_v1,characterization,clock17-u40-d45-p0-g0p15-sAREA_0,,17,True,,1.7482957798534262,0.1125878866448937,15137,27287,,195.97334565396886,2026-09-15T05:40:58Z
exhaustive_clock_sweep_v1,characterization,clock17-u40-d45-p0-g0p15-sAREA_1,,17,True,,1.8047714944457205,0.11102985511922185,15318.4,28123,,202.24591380404308,2026-09-15T05:44:21Z
exhaustive_clock_sweep_v1,characterization,clock17-u40-d45-p0-g0p15-sAREA_2,,17,True,,1.1275602992672862,0.11179074649066818,15110.7,28437,,163.487723172002,2026-09-15T05:47:05Z
exhaustive_clock_sweep_v1,characterization,clock17-u40-d45-p0-g0p20-sAREA_0,,17,True,,1.8159092521437574,0.11218826185587773,15137,27229,,192.52126836200478,2026-09-15T05:50:18Z
exhaustive_clock_sweep_v1,characterization,clock17-u40-d45-p0-g0p20-sAREA_1,,17,True,,1.8479387432208392,0.11109957712714019,15310.9,28083,,167.4153827400296,2026-09-15T05:53:06Z
exhaustive_clock_sweep_v1,characterization,clock17-u40-d45-p0-g0p20-sAREA_2,,17,True,,1.2834427217606716,0.11178946973415375,15113.2,28371,,197.65057877299841,2026-09-15T05:56:24Z
exhaustive_clock_sweep_v1,characterization,clock17-u40-d45-p1-g0p05-sAREA_0,,17,True,,1.700087230225512,0.11202616928969816,15134.5,27414,,163.39484006998828,2026-09-15T05:59:08Z
exhaustive_clock_sweep_v1,characterization,clock17-u40-d45-p1-g0p05-sAREA_1,,17,True,,1.9153301708999657,0.11061529783010235,15310.9,28277,,175.5500319499988,2026-09-15T06:02:04Z
exhaustive_clock_sweep_v1,characterization,clock17-u40-d45-p1-g0p05-sAREA_2,,17,True,,1.2033574477481845,0.11276413455503759,15113.2,28397,,202.4294400709914,2026-09-15T06:05:27Z
exhaustive_clock_sweep_v1,characterization,clock17-u40-d45-p1-g0p10-sAREA_0,,17,True,,1.7343353910577528,0.1124506630751691,15134.5,27363,,158.14786328701302,2026-09-15T06:08:05Z
exhaustive_clock_sweep_v1,characterization,clock17-u40-d45-p1-g0p10-sAREA_1,,17,True,,1.8361011009082846,0.1108685952203343,15310.9,28204,,170.42671265703393,2026-09-15T06:10:56Z
exhaustive_clock_sweep_v1,characterization,clock17-u40-d45-p1-g0p10-sAREA_2,,17,True,,1.2657555362105355,0.1129009140355398,15113.2,28422,,202.5248168379767,2026-09-15T06:14:19Z
exhaustive_clock_sweep_v1,characterization,clock17-u40-d45-p1-g0p15-sAREA_0,,17,True,,1.7482957798534262,0.1125878866448937,15137,27287,,197.23225468496094,2026-09-15T06:17:37Z
exhaustive_clock_sweep_v1,characterization,clock17-u40-d45-p1-g0p15-sAREA_1,,17,True,,1.8047714944457205,0.11102985511922185,15318.4,28123,,203.49601497902768,2026-09-15T06:21:01Z
exhaustive_clock_sweep_v1,characterization,clock17-u40-d45-p1-g0p15-sAREA_2,,17,True,,1.1275602992672862,0.11179074649066818,15110.7,28437,,165.5153022009763,2026-09-15T06:23:47Z
exhaustive_clock_sweep_v1,characterization,clock17-u40-d45-p1-g0p20-sAREA_0,,17,True,,1.8159092521437574,0.11218826185587773,15137,27229,,194.42632138798945,2026-09-15T06:27:02Z
exhaustive_clock_sweep_v1,characterization,clock17-u40-d45-p1-g0p20-sAREA_1,,17,True,,1.8479387432208392,0.11109957712714019,15310.9,28083,,169.61665583302965,2026-09-15T06:29:52Z
exhaustive_clock_sweep_v1,characterization,clock17-u40-d45-p1-g0p20-sAREA_2,,17,True,,1.2834427217606716,0.11178946973415375,15113.2,28371,,194.11493334401166,2026-09-15T06:33:07Z
exhaustive_clock_sweep_v1,characterization,clock17-u40-d45-p2-g0p05-sAREA_0,,17,True,,1.395191557330975,0.11231049741434601,15112,27483,,190.06360556703294,2026-09-15T06:36:17Z
exhaustive_clock_sweep_v1,characterization,clock17-u40-d45-p2-g0p05-sAREA_1,,17,True,,0.9352288097553968,0.1104812383960874,15255.9,28779,,171.71251243102597,2026-09-15T06:39:09Z
exhaustive_clock_sweep_v1,characterization,clock17-u40-d45-p2-g0p05-sAREA_2,,17,True,,1.1443593063726025,0.11298950983541055,15030.7,28939,,166.40078277600696,2026-09-15T06:41:56Z
exhaustive_clock_sweep_v1,characterization,clock17-u40-d45-p2-g0p10-sAREA_0,,17,True,,1.396520272284425,0.1122777458341933,15114.5,27528,,199.276825183013,2026-09-15T06:45:16Z
exhaustive_clock_sweep_v1,characterization,clock17-u40-d45-p2-g0p10-sAREA_1,,17,True,,0.9072050034644511,0.1104316669366359,15255.9,28813,,166.43504516902613,2026-09-15T06:48:03Z
exhaustive_clock_sweep_v1,characterization,clock17-u40-d45-p2-g0p10-sAREA_2,,17,True,,1.1299441702131816,0.11305362521689595,15033.2,28877,,195.3794374350109,2026-09-15T06:51:19Z
exhaustive_clock_sweep_v1,characterization,clock17-u40-d45-p2-g0p15-sAREA_0,,17,True,,1.3893242505244972,0.11194773203079003,15114.5,27472,,215.66915231500752,2026-09-15T06:54:55Z
exhaustive_clock_sweep_v1,characterization,clock17-u40-d45-p2-g0p15-sAREA_1,,17,True,,0.8632828030112358,0.11026996294852595,15255.9,28693,,172.72515966801438,2026-09-15T06:57:48Z
exhaustive_clock_sweep_v1,characterization,clock17-u40-d45-p2-g0p15-sAREA_2,,17,True,,1.087288512222279,0.11269469010288326,15030.7,28897,,167.97015053901123,2026-09-15T07:00:37Z
exhaustive_clock_sweep_v1,characterization,clock17-u40-d45-p2-g0p20-sAREA_0,,17,True,,1.3692478649577966,0.11182438624926573,15109.5,27492,,186.2303791710292,2026-09-15T07:03:43Z
exhaustive_clock_sweep_v1,characterization,clock17-u40-d45-p2-g0p20-sAREA_1,,17,True,,0.8752145922389413,0.11049916849844219,15255.9,28755,,166.4339233339997,2026-09-15T07:06:30Z
exhaustive_clock_sweep_v1,characterization,clock17-u40-d45-p2-g0p20-sAREA_2,,17,True,,1.0834675685526656,0.11253437389359333,15030.7,28815,,165.6518133469508,2026-09-15T07:09:17Z
exhaustive_clock_sweep_v1,characterization,clock17-u40-d52-p0-g0p05-sAREA_0,,17,True,,1.700087230225512,0.11202616928969816,15134.5,27414,,165.3138526349794,2026-09-15T07:12:02Z
exhaustive_clock_sweep_v1,characterization,clock17-u40-d52-p0-g0p05-sAREA_1,,17,True,,1.9153301708999657,0.11061529783010235,15310.9,28277,,176.46392122801626,2026-09-15T07:14:59Z
exhaustive_clock_sweep_v1,characterization,clock17-u40-d52-p0-g0p05-sAREA_2,,17,True,,1.2033574477481845,0.11276413455503759,15113.2,28397,,205.07539986999473,2026-09-15T07:18:25Z
exhaustive_clock_sweep_v1,characterization,clock17-u40-d52-p0-g0p10-sAREA_0,,17,True,,1.7343353910577528,0.1124506630751691,15134.5,27363,,159.69877366296714,2026-09-15T07:21:05Z
exhaustive_clock_sweep_v1,characterization,clock17-u40-d52-p0-g0p10-sAREA_1,,17,False,,,,,,,,2026-09-15T16:50:28Z
exhaustive_clock_sweep_v1,characterization,clock17-u40-d52-p0-g0p10-sAREA_2,,17,True,,1.2657555362105355,0.1129009140355398,15113.2,28422,,182.3555463430239,2026-09-15T16:53:31Z
exhaustive_clock_sweep_v1,characterization,clock17-u40-d52-p0-g0p15-sAREA_0,,17,False,,,,,,,,2026-09-15T19:09:15Z
exhaustive_clock_sweep_v1,characterization,clock17-u40-d52-p0-g0p15-sAREA_1,,17,True,,1.8047714944457205,0.11102985511922185,15318.4,28123,,213.91695895796875,2026-09-15T19:12:49Z
exhaustive_clock_sweep_v1,characterization,clock17-u40-d52-p0-g0p15-sAREA_2,,17,True,,1.1275602992672862,0.11179074649066818,15110.7,28437,,169.4516573540168,2026-09-15T19:15:39Z
exhaustive_clock_sweep_v1,characterization,clock17-u40-d52-p0-g0p20-sAREA_0,,17,True,,1.8159092521437574,0.11218826185587773,15137,27229,,202.54042956099147,2026-09-15T19:19:02Z
exhaustive_clock_sweep_v1,characterization,clock17-u40-d52-p0-g0p20-sAREA_1,,17,True,,1.8479387432208392,0.11109957712714019,15310.9,28083,,207.55412265803898,2026-09-15T19:22:30Z
exhaustive_clock_sweep_v1,characterization,clock17-u40-d52-p0-g0p20-sAREA_2,,17,True,,1.2834427217606716,0.11178946973415375,15113.2,28371,,221.54246918397257,2026-09-15T19:26:12Z
exhaustive_clock_sweep_v1,characterization,clock17-u40-d52-p1-g0p05-sAREA_0,,17,True,,1.700087230225512,0.11202616928969816,15134.5,27414,,176.61373419000302,2026-09-15T19:29:09Z
exhaustive_clock_sweep_v1,characterization,clock17-u40-d52-p1-g0p05-sAREA_1,,17,True,,1.9153301708999657,0.11061529783010235,15310.9,28277,,189.66542701498838,2026-09-15T19:32:20Z
exhaustive_clock_sweep_v1,characterization,clock17-u40-d52-p1-g0p05-sAREA_2,,17,True,,1.2033574477481845,0.11276413455503759,15113.2,28397,,219.99119141401025,2026-09-15T19:36:00Z
exhaustive_clock_sweep_v1,characterization,clock17-u40-d52-p1-g0p10-sAREA_0,,17,True,,1.7343353910577528,0.1124506630751691,15134.5,27363,,151.464725954982,2026-09-15T19:38:32Z
exhaustive_clock_sweep_v1,characterization,clock17-u40-d52-p1-g0p10-sAREA_1,,17,True,,1.8361011009082846,0.1108685952203343,15310.9,28204,,161.31465913000284,2026-09-15T19:41:14Z
exhaustive_clock_sweep_v1,characterization,clock17-u40-d52-p1-g0p10-sAREA_2,,17,True,,1.2657555362105355,0.1129009140355398,15113.2,28422,,185.5101288880105,2026-09-15T19:44:20Z
exhaustive_clock_sweep_v1,characterization,clock17-u40-d52-p1-g0p15-sAREA_0,,17,True,,1.7482957798534262,0.1125878866448937,15137,27287,,180.5035317550064,2026-09-15T19:47:21Z
exhaustive_clock_sweep_v1,characterization,clock17-u40-d52-p1-g0p15-sAREA_1,,17,True,,1.8047714944457205,0.11102985511922185,15318.4,28123,,191.0601990550058,2026-09-15T19:50:32Z
exhaustive_clock_sweep_v1,characterization,clock17-u40-d52-p1-g0p15-sAREA_2,,17,True,,1.1275602992672862,0.11179074649066818,15110.7,28437,,177.42710222199094,2026-09-15T19:53:30Z
exhaustive_clock_sweep_v1,characterization,clock17-u40-d52-p1-g0p20-sAREA_0,,17,True,,1.8159092521437574,0.11218826185587773,15137,27229,,199.9246876690304,2026-09-15T19:56:51Z
exhaustive_clock_sweep_v1,characterization,clock17-u40-d52-p1-g0p20-sAREA_1,,17,True,,1.8479387432208392,0.11109957712714019,15310.9,28083,,171.8455526800244,2026-09-15T19:59:43Z
exhaustive_clock_sweep_v1,characterization,clock17-u40-d52-p1-g0p20-sAREA_2,,17,True,,1.2834427217606716,0.11178946973415375,15113.2,28371,,208.84387750300812,2026-09-15T20:03:12Z
exhaustive_clock_sweep_v1,characterization,clock17-u40-d52-p2-g0p05-sAREA_0,,17,True,,1.395191557330975,0.11231049741434601,15112,27483,,198.84660342999268,2026-09-15T20:06:32Z
exhaustive_clock_sweep_v1,characterization,clock17-u40-d52-p2-g0p05-sAREA_1,,17,True,,0.9352288097553968,0.1104812383960874,15255.9,28779,,173.28158216999145,2026-09-15T20:09:26Z
exhaustive_clock_sweep_v1,characterization,clock17-u40-d52-p2-g0p05-sAREA_2,,17,True,,1.1443593063726025,0.11298950983541055,15030.7,28939,,171.19960200501373,2026-09-15T20:12:17Z
exhaustive_clock_sweep_v1,characterization,clock17-u40-d52-p2-g0p10-sAREA_0,,17,True,,1.396520272284425,0.1122777458341933,15114.5,27528,,206.01786573702702,2026-09-15T20:15:44Z
exhaustive_clock_sweep_v1,characterization,clock17-u40-d52-p2-g0p10-sAREA_1,,17,True,,0.9072050034644511,0.1104316669366359,15255.9,28813,,171.6200909340405,2026-09-15T20:18:36Z
exhaustive_clock_sweep_v1,characterization,clock17-u40-d52-p2-g0p10-sAREA_2,,17,True,,1.1299441702131816,0.11305362521689595,15033.2,28877,,199.35231592698256,2026-09-15T20:21:56Z
exhaustive_clock_sweep_v1,characterization,clock17-u40-d52-p2-g0p15-sAREA_0,,17,True,,1.3893242505244972,0.11194773203079003,15114.5,27472,,224.07786471798318,2026-09-15T20:25:40Z
exhaustive_clock_sweep_v1,characterization,clock17-u40-d52-p2-g0p15-sAREA_1,,17,True,,0.8632828030112358,0.11026996294852595,15255.9,28693,,166.00718315003905,2026-09-15T20:28:27Z
exhaustive_clock_sweep_v1,characterization,clock17-u40-d52-p2-g0p15-sAREA_2,,17,True,,1.087288512222279,0.11269469010288326,15030.7,28897,,157.34269119403325,2026-09-15T20:31:05Z
exhaustive_clock_sweep_v1,characterization,clock17-u40-d52-p2-g0p20-sAREA_0,,17,True,,1.3692478649577966,0.11182438624926573,15109.5,27492,,170.74496039398946,2026-09-15T20:33:56Z
exhaustive_clock_sweep_v1,characterization,clock17-u40-d52-p2-g0p20-sAREA_1,,17,True,,0.8752145922389413,0.11049916849844219,15255.9,28755,,155.4887789170025,2026-09-15T20:36:32Z
exhaustive_clock_sweep_v1,characterization,clock17-u40-d52-p2-g0p20-sAREA_2,,17,True,,1.0834675685526656,0.11253437389359333,15030.7,28815,,157.0385365690454,2026-09-15T20:39:09Z
exhaustive_clock_sweep_v1,characterization,clock15-u30-d38-p0-g0p05-sAREA_0,,15,False,,-0.29991299181909936,0.11202616928969816,15134.5,27414,TIMING_FAIL,155.17194104002556,2026-09-15T20:41:45Z
exhaustive_clock_sweep_v1,characterization,clock15-u30-d38-p0-g0p05-sAREA_1,,15,False,,-0.08467005114464553,0.11061529783010235,15310.9,28277,TIMING_FAIL,166.7252401250298,2026-09-15T20:44:32Z
exhaustive_clock_sweep_v1,characterization,clock15-u30-d38-p0-g0p05-sAREA_2,,15,False,,-0.7966427742964267,0.11276413455503759,15113.2,28397,TIMING_FAIL,187.292407113011,2026-09-15T20:47:40Z
exhaustive_clock_sweep_v1,characterization,clock15-u30-d38-p0-g0p10-sAREA_0,,15,False,,-0.2656648309868584,0.1124506630751691,15134.5,27363,TIMING_FAIL,150.5745615240303,2026-09-15T20:50:11Z
exhaustive_clock_sweep_v1,characterization,clock15-u30-d38-p0-g0p10-sAREA_1,,15,False,,-0.16389912113632663,0.1108685952203343,15310.9,28204,TIMING_FAIL,160.41381568700308,2026-09-15T20:52:52Z
exhaustive_clock_sweep_v1,characterization,clock15-u30-d38-p0-g0p10-sAREA_2,,15,False,,-0.7342446858340756,0.1129009140355398,15113.2,28422,TIMING_FAIL,184.09973590401933,2026-09-15T20:55:56Z
exhaustive_clock_sweep_v1,characterization,clock15-u30-d38-p0-g0p15-sAREA_0,,15,False,,-0.2517044421911851,0.1125878866448937,15137,27287,TIMING_FAIL,180.31484199600527,2026-09-15T20:58:57Z
exhaustive_clock_sweep_v1,characterization,clock15-u30-d38-p0-g0p15-sAREA_1,,15,False,,-0.19522872759889062,0.11102985511922185,15318.4,28123,TIMING_FAIL,188.4384073499823,2026-09-15T21:02:06Z
exhaustive_clock_sweep_v1,characterization,clock15-u30-d38-p0-g0p15-sAREA_2,,15,False,,-0.8724399227773251,0.11179074649066818,15110.7,28437,TIMING_FAIL,155.2610151200206,2026-09-15T21:04:42Z
exhaustive_clock_sweep_v1,characterization,clock15-u30-d38-p0-g0p20-sAREA_0,,15,False,,-0.18409096990085375,0.11218826185587773,15137,27229,TIMING_FAIL,178.52382206800394,2026-09-15T21:07:41Z
exhaustive_clock_sweep_v1,characterization,clock15-u30-d38-p0-g0p20-sAREA_1,,15,False,,-0.15206147882377197,0.11109957712714019,15310.9,28083,TIMING_FAIL,157.91806045902194,2026-09-15T21:10:19Z
exhaustive_clock_sweep_v1,characterization,clock15-u30-d38-p0-g0p20-sAREA_2,,15,False,,-0.7165575002839395,0.11178946973415375,15113.2,28371,TIMING_FAIL,179.6372843820136,2026-09-15T21:13:19Z
exhaustive_clock_sweep_v1,characterization,clock15-u30-d38-p1-g0p05-sAREA_0,,15,False,,-0.29991299181909936,0.11202616928969816,15134.5,27414,TIMING_FAIL,155.79729557898827,2026-09-15T21:15:56Z
exhaustive_clock_sweep_v1,characterization,clock15-u30-d38-p1-g0p05-sAREA_1,,15,False,,-0.08467005114464553,0.11061529783010235,15310.9,28277,TIMING_FAIL,166.13161040697014,2026-09-15T21:18:42Z
exhaustive_clock_sweep_v1,characterization,clock15-u30-d38-p1-g0p05-sAREA_2,,15,False,,-0.7966427742964267,0.11276413455503759,15113.2,28397,TIMING_FAIL,185.82148783898447,2026-09-15T21:21:48Z
exhaustive_clock_sweep_v1,characterization,clock15-u30-d38-p1-g0p10-sAREA_0,,15,False,,-0.2656648309868584,0.1124506630751691,15134.5,27363,TIMING_FAIL,150.08636361802928,2026-09-15T21:24:19Z
exhaustive_clock_sweep_v1,characterization,clock15-u30-d38-p1-g0p10-sAREA_1,,15,False,,-0.16389912113632663,0.1108685952203343,15310.9,28204,TIMING_FAIL,160.21697537699947,2026-09-15T21:27:00Z
exhaustive_clock_sweep_v1,characterization,clock15-u30-d38-p1-g0p10-sAREA_2,,15,False,,-0.7342446858340756,0.1129009140355398,15113.2,28422,TIMING_FAIL,184.37090784602333,2026-09-15T21:30:05Z
exhaustive_clock_sweep_v1,characterization,clock15-u30-d38-p1-g0p15-sAREA_0,,15,False,,-0.2517044421911851,0.1125878866448937,15137,27287,TIMING_FAIL,181.83313805697253,2026-09-15T21:33:07Z
exhaustive_clock_sweep_v1,characterization,clock15-u30-d38-p1-g0p15-sAREA_1,,15,False,,-0.19522872759889062,0.11102985511922185,15318.4,28123,TIMING_FAIL,190.28608169802465,2026-09-15T21:36:18Z
exhaustive_clock_sweep_v1,characterization,clock15-u30-d38-p1-g0p15-sAREA_2,,15,False,,-0.8724399227773251,0.11179074649066818,15110.7,28437,TIMING_FAIL,155.10625395498937,2026-09-15T21:38:53Z
exhaustive_clock_sweep_v1,characterization,clock15-u30-d38-p1-g0p20-sAREA_0,,15,False,,-0.18409096990085375,0.11218826185587773,15137,27229,TIMING_FAIL,177.419425510976,2026-09-15T21:41:51Z
exhaustive_clock_sweep_v1,characterization,clock15-u30-d38-p1-g0p20-sAREA_1,,15,False,,-0.15206147882377197,0.11109957712714019,15310.9,28083,TIMING_FAIL,158.73363252100535,2026-09-15T21:44:30Z
exhaustive_clock_sweep_v1,characterization,clock15-u30-d38-p1-g0p20-sAREA_2,,15,False,,-0.7165575002839395,0.11178946973415375,15113.2,28371,TIMING_FAIL,181.61328160302946,2026-09-15T21:47:32Z
exhaustive_clock_sweep_v1,characterization,clock15-u30-d38-p2-g0p05-sAREA_0,,15,False,,-0.6048086647136363,0.11231049741434601,15112,27483,TIMING_FAIL,177.4050504870247,2026-09-15T21:50:30Z
exhaustive_clock_sweep_v1,characterization,clock15-u30-d38-p2-g0p05-sAREA_1,,15,False,,-1.0647714122892145,0.1104812383960874,15255.9,28779,TIMING_FAIL,158.76013151701773,2026-09-15T21:53:10Z
exhaustive_clock_sweep_v1,characterization,clock15-u30-d38-p2-g0p05-sAREA_2,,15,False,,-0.8556409156720086,0.11298950983541055,15030.7,28939,TIMING_FAIL,157.98340495099546,2026-09-15T21:55:48Z
exhaustive_clock_sweep_v1,characterization,clock15-u30-d38-p2-g0p10-sAREA_0,,15,False,,-0.6034799497601863,0.1122777458341933,15114.5,27528,TIMING_FAIL,182.02780551597243,2026-09-15T21:58:51Z
exhaustive_clock_sweep_v1,characterization,clock15-u30-d38-p2-g0p10-sAREA_1,,15,False,,-1.0927952185801602,0.1104316669366359,15255.9,28813,TIMING_FAIL,158.50262735696742,2026-09-15T22:01:30Z
exhaustive_clock_sweep_v1,characterization,clock15-u30-d38-p2-g0p10-sAREA_2,,15,False,,-0.8700560518314295,0.11305362521689595,15033.2,28877,TIMING_FAIL,179.60270656103967,2026-09-15T22:04:30Z
exhaustive_clock_sweep_v1,characterization,clock15-u30-d38-p2-g0p15-sAREA_0,,15,False,,-0.6106759715201141,0.11194773203079003,15114.5,27472,TIMING_FAIL,196.5622388459742,2026-09-15T22:07:47Z
exhaustive_clock_sweep_v1,characterization,clock15-u30-d38-p2-g0p15-sAREA_1,,15,False,,-1.1367174190333753,0.11026996294852595,15255.9,28693,TIMING_FAIL,163.32054561300902,2026-09-15T22:10:30Z
exhaustive_clock_sweep_v1,characterization,clock15-u30-d38-p2-g0p15-sAREA_2,,15,False,,-0.9127117098223321,0.11269469010288326,15030.7,28897,TIMING_FAIL,158.15134450502228,2026-09-15T22:13:09Z
exhaustive_clock_sweep_v1,characterization,clock15-u30-d38-p2-g0p20-sAREA_0,,15,False,,-0.6307523570868147,0.11182438624926573,15109.5,27492,TIMING_FAIL,175.81918996502645,2026-09-15T22:16:05Z
exhaustive_clock_sweep_v1,characterization,clock15-u30-d38-p2-g0p20-sAREA_1,,15,False,,-1.12478562980567,0.11049916849844219,15255.9,28755,TIMING_FAIL,169.44567262701457,2026-09-15T22:18:55Z
exhaustive_clock_sweep_v1,characterization,clock15-u30-d38-p2-g0p20-sAREA_2,,15,False,,-0.9165326534919457,0.11253437389359333,15030.7,28815,TIMING_FAIL,168.78777244401863,2026-09-15T22:21:45Z
exhaustive_clock_sweep_v1,characterization,clock15-u30-d45-p0-g0p05-sAREA_0,,15,False,,-0.29991299181909936,0.11202616928969816,15134.5,27414,TIMING_FAIL,169.52320524596144,2026-09-15T22:24:35Z
exhaustive_clock_sweep_v1,characterization,clock15-u30-d45-p0-g0p05-sAREA_1,,15,False,,-0.08467005114464553,0.11061529783010235,15310.9,28277,TIMING_FAIL,180.2699576250161,2026-09-15T22:27:35Z
exhaustive_clock_sweep_v1,characterization,clock15-u30-d45-p0-g0p05-sAREA_2,,15,False,,-0.7966427742964267,0.11276413455503759,15113.2,28397,TIMING_FAIL,208.83256106998306,2026-09-15T22:31:05Z
exhaustive_clock_sweep_v1,characterization,clock15-u30-d45-p0-g0p10-sAREA_0,,15,False,,-0.2656648309868584,0.1124506630751691,15134.5,27363,TIMING_FAIL,161.71844966401113,2026-09-15T22:33:47Z
exhaustive_clock_sweep_v1,characterization,clock15-u30-d45-p0-g0p10-sAREA_1,,15,False,,-0.16389912113632663,0.1108685952203343,15310.9,28204,TIMING_FAIL,161.2263092350331,2026-09-15T22:36:29Z
exhaustive_clock_sweep_v1,characterization,clock15-u30-d45-p0-g0p10-sAREA_2,,15,False,,-0.7342446858340756,0.1129009140355398,15113.2,28422,TIMING_FAIL,184.94528764602728,2026-09-15T22:39:34Z
exhaustive_clock_sweep_v1,characterization,clock15-u30-d45-p0-g0p15-sAREA_0,,15,False,,-0.2517044421911851,0.1125878866448937,15137,27287,TIMING_FAIL,180.11577021103585,2026-09-15T22:42:35Z
exhaustive_clock_sweep_v1,characterization,clock15-u30-d45-p0-g0p15-sAREA_1,,15,False,,-0.19522872759889062,0.11102985511922185,15318.4,28123,TIMING_FAIL,189.29241599701345,2026-09-15T22:45:44Z
exhaustive_clock_sweep_v1,characterization,clock15-u30-d45-p0-g0p15-sAREA_2,,15,False,,-0.8724399227773251,0.11179074649066818,15110.7,28437,TIMING_FAIL,154.63465629896382,2026-09-15T22:48:19Z
exhaustive_clock_sweep_v1,characterization,clock15-u30-d45-p0-g0p20-sAREA_0,,15,False,,-0.18409096990085375,0.11218826185587773,15137,27229,TIMING_FAIL,178.21639782900456,2026-09-15T22:51:18Z
exhaustive_clock_sweep_v1,characterization,clock15-u30-d45-p0-g0p20-sAREA_1,,15,False,,-0.15206147882377197,0.11109957712714019,15310.9,28083,TIMING_FAIL,158.34500018699327,2026-09-15T22:53:57Z
exhaustive_clock_sweep_v1,characterization,clock15-u30-d45-p0-g0p20-sAREA_2,,15,False,,-0.7165575002839395,0.11178946973415375,15113.2,28371,TIMING_FAIL,179.91472238401184,2026-09-15T22:56:57Z
exhaustive_clock_sweep_v1,characterization,clock15-u30-d45-p1-g0p05-sAREA_0,,15,False,,-0.29991299181909936,0.11202616928969816,15134.5,27414,TIMING_FAIL,155.6964750349871,2026-09-15T22:59:34Z
exhaustive_clock_sweep_v1,characterization,clock15-u30-d45-p1-g0p05-sAREA_1,,15,False,,-0.08467005114464553,0.11061529783010235,15310.9,28277,TIMING_FAIL,166.35238574503455,2026-09-15T23:02:20Z
exhaustive_clock_sweep_v1,characterization,clock15-u30-d45-p1-g0p05-sAREA_2,,15,False,,-0.7966427742964267,0.11276413455503759,15113.2,28397,TIMING_FAIL,186.78411174198845,2026-09-15T23:05:28Z
exhaustive_clock_sweep_v1,characterization,clock15-u30-d45-p1-g0p10-sAREA_0,,15,False,,-0.2656648309868584,0.1124506630751691,15134.5,27363,TIMING_FAIL,151.2080776289804,2026-09-15T23:07:59Z
exhaustive_clock_sweep_v1,characterization,clock15-u30-d45-p1-g0p10-sAREA_1,,15,False,,-0.16389912113632663,0.1108685952203343,15310.9,28204,TIMING_FAIL,162.0330407289439,2026-09-15T23:10:42Z
exhaustive_clock_sweep_v1,characterization,clock15-u30-d45-p1-g0p10-sAREA_2,,15,False,,-0.7342446858340756,0.1129009140355398,15113.2,28422,TIMING_FAIL,185.07288592198165,2026-09-15T23:13:47Z
exhaustive_clock_sweep_v1,characterization,clock15-u30-d45-p1-g0p15-sAREA_0,,15,False,,-0.2517044421911851,0.1125878866448937,15137,27287,TIMING_FAIL,192.80391501402482,2026-09-15T23:17:01Z
exhaustive_clock_sweep_v1,characterization,clock15-u30-d45-p1-g0p15-sAREA_1,,15,False,,-0.19522872759889062,0.11102985511922185,15318.4,28123,TIMING_FAIL,210.6389280500007,2026-09-15T23:20:32Z
exhaustive_clock_sweep_v1,characterization,clock15-u30-d45-p1-g0p15-sAREA_2,,15,False,,-0.8724399227773251,0.11179074649066818,15110.7,28437,TIMING_FAIL,168.21699644700857,2026-09-15T23:23:21Z
exhaustive_clock_sweep_v1,characterization,clock15-u30-d45-p1-g0p20-sAREA_0,,15,False,,-0.18409096990085375,0.11218826185587773,15137,27229,TIMING_FAIL,195.95455096795922,2026-09-15T23:26:37Z
exhaustive_clock_sweep_v1,characterization,clock15-u30-d45-p1-g0p20-sAREA_1,,15,False,,-0.15206147882377197,0.11109957712714019,15310.9,28083,TIMING_FAIL,172.34299847501097,2026-09-15T23:29:30Z
exhaustive_clock_sweep_v1,characterization,clock15-u30-d45-p1-g0p20-sAREA_2,,15,False,,-0.7165575002839395,0.11178946973415375,15113.2,28371,TIMING_FAIL,200.41348525998183,2026-09-15T23:32:51Z
exhaustive_clock_sweep_v1,characterization,clock15-u30-d45-p2-g0p05-sAREA_0,,15,False,,-0.6048086647136363,0.11231049741434601,15112,27483,TIMING_FAIL,184.82389714801684,2026-09-15T23:35:56Z
exhaustive_clock_sweep_v1,characterization,clock15-u30-d45-p2-g0p05-sAREA_1,,15,False,,-1.0647714122892145,0.1104812383960874,15255.9,28779,TIMING_FAIL,159.76469847001135,2026-09-15T23:38:36Z
exhaustive_clock_sweep_v1,characterization,clock15-u30-d45-p2-g0p05-sAREA_2,,15,False,,-0.8556409156720086,0.11298950983541055,15030.7,28939,TIMING_FAIL,156.82843726797728,2026-09-15T23:41:14Z
exhaustive_clock_sweep_v1,characterization,clock15-u30-d45-p2-g0p10-sAREA_0,,15,False,,-0.6034799497601863,0.1122777458341933,15114.5,27528,TIMING_FAIL,183.06321418198058,2026-09-15T23:44:17Z
exhaustive_clock_sweep_v1,characterization,clock15-u30-d45-p2-g0p10-sAREA_1,,15,False,,-1.0927952185801602,0.1104316669366359,15255.9,28813,TIMING_FAIL,157.95278167095967,2026-09-15T23:46:56Z
exhaustive_clock_sweep_v1,characterization,clock15-u30-d45-p2-g0p10-sAREA_2,,15,False,,-0.8700560518314295,0.11305362521689595,15033.2,28877,TIMING_FAIL,180.87461395200808,2026-09-15T23:49:57Z
exhaustive_clock_sweep_v1,characterization,clock15-u30-d45-p2-g0p15-sAREA_0,,15,False,,-0.6106759715201141,0.11194773203079003,15114.5,27472,TIMING_FAIL,195.76850974501576,2026-09-15T23:53:13Z
exhaustive_clock_sweep_v1,characterization,clock15-u30-d45-p2-g0p15-sAREA_1,,15,False,,-1.1367174190333753,0.11026996294852595,15255.9,28693,TIMING_FAIL,162.97650213597808,2026-09-15T23:55:57Z
exhaustive_clock_sweep_v1,characterization,clock15-u30-d45-p2-g0p15-sAREA_2,,15,False,,-0.9127117098223321,0.11269469010288326,15030.7,28897,TIMING_FAIL,157.8990468859556,2026-09-15T23:58:35Z
exhaustive_clock_sweep_v1,characterization,clock15-u30-d45-p2-g0p20-sAREA_0,,15,False,,-0.6307523570868147,0.11182438624926573,15109.5,27492,TIMING_FAIL,173.05159514496336,2026-09-16T00:01:29Z
exhaustive_clock_sweep_v1,characterization,clock15-u30-d45-p2-g0p20-sAREA_1,,15,False,,-1.12478562980567,0.11049916849844219,15255.9,28755,TIMING_FAIL,156.09886634198483,2026-09-16T00:04:05Z
exhaustive_clock_sweep_v1,characterization,clock15-u30-d45-p2-g0p20-sAREA_2,,15,False,,-0.9165326534919457,0.11253437389359333,15030.7,28815,TIMING_FAIL,154.95463949796977,2026-09-16T00:06:41Z
exhaustive_clock_sweep_v1,characterization,clock15-u30-d52-p0-g0p05-sAREA_0,,15,False,,,,,,,,2026-09-16T00:08:02Z
exhaustive_clock_sweep_v1,characterization,clock15-u30-d52-p0-g0p05-sAREA_1,,15,False,,-0.08467005114464553,0.11061529783010235,15310.9,28277,TIMING_FAIL,172.92057637299877,2026-09-16T01:42:10Z
exhaustive_clock_sweep_v1,characterization,clock15-u30-d52-p0-g0p05-sAREA_2,,15,False,,-0.7966427742964267,0.11276413455503759,15113.2,28397,TIMING_FAIL,198.3690392439603,2026-09-16T01:45:28Z
exhaustive_clock_sweep_v1,characterization,clock15-u30-d52-p0-g0p10-sAREA_0,,15,False,,-0.2656648309868584,0.1124506630751691,15134.5,27363,TIMING_FAIL,157.85390420199838,2026-09-16T01:48:07Z
exhaustive_clock_sweep_v1,characterization,clock15-u30-d52-p0-g0p10-sAREA_1,,15,False,,-0.16389912113632663,0.1108685952203343,15310.9,28204,TIMING_FAIL,167.60941019002348,2026-09-16T01:50:55Z
exhaustive_clock_sweep_v1,characterization,clock15-u30-d52-p0-g0p10-sAREA_2,,15,False,,-0.7342446858340756,0.1129009140355398,15113.2,28422,TIMING_FAIL,199.82829764700728,2026-09-16T01:54:15Z
exhaustive_clock_sweep_v1,characterization,clock15-u30-d52-p0-g0p15-sAREA_0,,15,False,,-0.2517044421911851,0.1125878866448937,15137,27287,TIMING_FAIL,192.52969568001572,2026-09-16T01:57:28Z
exhaustive_clock_sweep_v1,characterization,clock15-u30-d52-p0-g0p15-sAREA_1,,15,False,,-0.19522872759889062,0.11102985511922185,15318.4,28123,TIMING_FAIL,204.49189474602463,2026-09-16T02:00:53Z
exhaustive_clock_sweep_v1,characterization,clock15-u30-d52-p0-g0p15-sAREA_2,,15,False,,-0.8724399227773251,0.11179074649066818,15110.7,28437,TIMING_FAIL,162.05642062600236,2026-09-16T02:03:36Z
exhaustive_clock_sweep_v1,characterization,clock15-u30-d52-p0-g0p20-sAREA_0,,15,False,,-0.18409096990085375,0.11218826185587773,15137,27229,TIMING_FAIL,191.64812699903268,2026-09-16T02:06:48Z
exhaustive_clock_sweep_v1,characterization,clock15-u30-d52-p0-g0p20-sAREA_1,,15,False,,-0.15206147882377197,0.11109957712714019,15310.9,28083,TIMING_FAIL,166.14326729194727,2026-09-16T02:09:35Z
exhaustive_clock_sweep_v1,characterization,clock15-u30-d52-p0-g0p20-sAREA_2,,15,False,,-0.7165575002839395,0.11178946973415375,15113.2,28371,TIMING_FAIL,192.5225637810072,2026-09-16T02:12:48Z
exhaustive_clock_sweep_v1,characterization,clock15-u30-d52-p1-g0p05-sAREA_0,,15,False,,-0.29991299181909936,0.11202616928969816,15134.5,27414,TIMING_FAIL,165.0677273949841,2026-09-16T02:15:33Z
exhaustive_clock_sweep_v1,characterization,clock15-u30-d52-p1-g0p05-sAREA_1,,15,False,,-0.08467005114464553,0.11061529783010235,15310.9,28277,TIMING_FAIL,175.9084531639819,2026-09-16T02:18:29Z
exhaustive_clock_sweep_v1,characterization,clock15-u30-d52-p1-g0p05-sAREA_2,,15,False,,-0.7966427742964267,0.11276413455503759,15113.2,28397,TIMING_FAIL,199.47719738300657,2026-09-16T02:21:49Z
exhaustive_clock_sweep_v1,characterization,clock15-u30-d52-p1-g0p10-sAREA_0,,15,False,,-0.2656648309868584,0.1124506630751691,15134.5,27363,TIMING_FAIL,160.04678087797947,2026-09-16T02:24:30Z
exhaustive_clock_sweep_v1,characterization,clock15-u30-d52-p1-g0p10-sAREA_1,,15,False,,-0.16389912113632663,0.1108685952203343,15310.9,28204,TIMING_FAIL,168.970809371036,2026-09-16T02:27:19Z
exhaustive_clock_sweep_v1,characterization,clock15-u30-d52-p1-g0p10-sAREA_2,,15,False,,-0.7342446858340756,0.1129009140355398,15113.2,28422,TIMING_FAIL,196.99229135701898,2026-09-16T02:30:37Z
exhaustive_clock_sweep_v1,characterization,clock15-u30-d52-p1-g0p15-sAREA_0,,15,False,,-0.2517044421911851,0.1125878866448937,15137,27287,TIMING_FAIL,192.58949992101407,2026-09-16T02:33:50Z
exhaustive_clock_sweep_v1,characterization,clock15-u30-d52-p1-g0p15-sAREA_1,,15,False,,-0.19522872759889062,0.11102985511922185,15318.4,28123,TIMING_FAIL,200.09057717001997,2026-09-16T02:37:11Z
exhaustive_clock_sweep_v1,characterization,clock15-u30-d52-p1-g0p15-sAREA_2,,15,False,,-0.8724399227773251,0.11179074649066818,15110.7,28437,TIMING_FAIL,164.8511907819775,2026-09-16T02:39:56Z
exhaustive_clock_sweep_v1,characterization,clock15-u30-d52-p1-g0p20-sAREA_0,,15,False,,-0.18409096990085375,0.11218826185587773,15137,27229,TIMING_FAIL,190.77975749300094,2026-09-16T02:43:07Z
exhaustive_clock_sweep_v1,characterization,clock15-u30-d52-p1-g0p20-sAREA_1,,15,False,,-0.15206147882377197,0.11109957712714019,15310.9,28083,TIMING_FAIL,167.04237207502592,2026-09-16T02:45:55Z
exhaustive_clock_sweep_v1,characterization,clock15-u30-d52-p1-g0p20-sAREA_2,,15,False,,-0.7165575002839395,0.11178946973415375,15113.2,28371,TIMING_FAIL,193.55191397696035,2026-09-16T02:49:09Z
exhaustive_clock_sweep_v1,characterization,clock15-u30-d52-p2-g0p05-sAREA_0,,15,False,,-0.6048086647136363,0.11231049741434601,15112,27483,TIMING_FAIL,194.95463557203766,2026-09-16T02:52:24Z
exhaustive_clock_sweep_v1,characterization,clock15-u30-d52-p2-g0p05-sAREA_1,,15,False,,-1.0647714122892145,0.1104812383960874,15255.9,28779,TIMING_FAIL,183.28269500704482,2026-09-16T02:55:28Z
exhaustive_clock_sweep_v1,characterization,clock15-u30-d52-p2-g0p05-sAREA_2,,15,False,,-0.8556409156720086,0.11298950983541055,15030.7,28939,TIMING_FAIL,179.44125646696193,2026-09-16T02:58:28Z
exhaustive_clock_sweep_v1,characterization,clock15-u30-d52-p2-g0p10-sAREA_0,,15,False,,-0.6034799497601863,0.1122777458341933,15114.5,27528,TIMING_FAIL,221.78392827499192,2026-09-16T03:02:10Z
exhaustive_clock_sweep_v1,characterization,clock15-u30-d52-p2-g0p10-sAREA_1,,15,False,,-1.0927952185801602,0.1104316669366359,15255.9,28813,TIMING_FAIL,182.7492915299954,2026-09-16T03:05:14Z
exhaustive_clock_sweep_v1,characterization,clock15-u30-d52-p2-g0p10-sAREA_2,,15,False,,-0.8700560518314295,0.11305362521689595,15033.2,28877,TIMING_FAIL,216.7806131169782,2026-09-16T03:08:51Z
exhaustive_clock_sweep_v1,characterization,clock15-u30-d52-p2-g0p15-sAREA_0,,15,False,,-0.6106759715201141,0.11194773203079003,15114.5,27472,TIMING_FAIL,245.53070643905085,2026-09-16T03:12:57Z
exhaustive_clock_sweep_v1,characterization,clock15-u30-d52-p2-g0p15-sAREA_1,,15,False,,-1.1367174190333753,0.11026996294852595,15255.9,28693,TIMING_FAIL,178.18473379703937,2026-09-16T03:15:56Z
exhaustive_clock_sweep_v1,characterization,clock15-u30-d52-p2-g0p15-sAREA_2,,15,False,,-0.9127117098223321,0.11269469010288326,15030.7,28897,TIMING_FAIL,165.2276196120074,2026-09-16T03:18:41Z
exhaustive_clock_sweep_v1,characterization,clock15-u30-d52-p2-g0p20-sAREA_0,,15,False,,-0.6307523570868147,0.11182438624926573,15109.5,27492,TIMING_FAIL,183.95644717401592,2026-09-16T03:21:46Z
exhaustive_clock_sweep_v1,characterization,clock15-u30-d52-p2-g0p20-sAREA_1,,15,False,,-1.12478562980567,0.11049916849844219,15255.9,28755,TIMING_FAIL,166.66060293203918,2026-09-16T03:24:33Z
exhaustive_clock_sweep_v1,characterization,clock15-u30-d52-p2-g0p20-sAREA_2,,15,False,,-0.9165326534919457,0.11253437389359333,15030.7,28815,TIMING_FAIL,163.7602012839634,2026-09-16T03:27:17Z
exhaustive_clock_sweep_v1,characterization,clock15-u35-d38-p0-g0p05-sAREA_0,,15,False,,-0.29991299181909936,0.11202616928969816,15134.5,27414,TIMING_FAIL,164.9254270340316,2026-09-16T03:30:03Z
exhaustive_clock_sweep_v1,characterization,clock15-u35-d38-p0-g0p05-sAREA_1,,15,False,,-0.08467005114464553,0.11061529783010235,15310.9,28277,TIMING_FAIL,175.88095795596018,2026-09-16T03:32:59Z
exhaustive_clock_sweep_v1,characterization,clock15-u35-d38-p0-g0p05-sAREA_2,,15,False,,-0.7966427742964267,0.11276413455503759,15113.2,28397,TIMING_FAIL,201.28204027801985,2026-09-16T03:36:21Z
exhaustive_clock_sweep_v1,characterization,clock15-u35-d38-p0-g0p10-sAREA_0,,15,False,,-0.2656648309868584,0.1124506630751691,15134.5,27363,TIMING_FAIL,159.41948808298912,2026-09-16T03:39:01Z
exhaustive_clock_sweep_v1,characterization,clock15-u35-d38-p0-g0p10-sAREA_1,,15,False,,-0.16389912113632663,0.1108685952203343,15310.9,28204,TIMING_FAIL,168.89028712396976,2026-09-16T03:41:50Z
exhaustive_clock_sweep_v1,characterization,clock15-u35-d38-p0-g0p10-sAREA_2,,15,False,,-0.7342446858340756,0.1129009140355398,15113.2,28422,TIMING_FAIL,199.78456709801685,2026-09-16T03:45:10Z
exhaustive_clock_sweep_v1,characterization,clock15-u35-d38-p0-g0p15-sAREA_0,,15,False,,-0.2517044421911851,0.1125878866448937,15137,27287,TIMING_FAIL,194.50653762900038,2026-09-16T03:48:25Z
exhaustive_clock_sweep_v1,characterization,clock15-u35-d38-p0-g0p15-sAREA_1,,15,False,,-0.19522872759889062,0.11102985511922185,15318.4,28123,TIMING_FAIL,202.14029633201426,2026-09-16T03:51:48Z
exhaustive_clock_sweep_v1,characterization,clock15-u35-d38-p0-g0p15-sAREA_2,,15,False,,-0.8724399227773251,0.11179074649066818,15110.7,28437,TIMING_FAIL,163.6319605950266,2026-09-16T03:54:32Z
exhaustive_clock_sweep_v1,characterization,clock15-u35-d38-p0-g0p20-sAREA_0,,15,False,,-0.18409096990085375,0.11218826185587773,15137,27229,TIMING_FAIL,189.65458238398423,2026-09-16T03:57:42Z
exhaustive_clock_sweep_v1,characterization,clock15-u35-d38-p0-g0p20-sAREA_1,,15,False,,-0.15206147882377197,0.11109957712714019,15310.9,28083,TIMING_FAIL,168.6849727119552,2026-09-16T04:00:31Z
exhaustive_clock_sweep_v1,characterization,clock15-u35-d38-p0-g0p20-sAREA_2,,15,False,,-0.7165575002839395,0.11178946973415375,15113.2,28371,TIMING_FAIL,195.84560660499847,2026-09-16T04:03:48Z
exhaustive_clock_sweep_v1,characterization,clock15-u35-d38-p1-g0p05-sAREA_0,,15,False,,-0.29991299181909936,0.11202616928969816,15134.5,27414,TIMING_FAIL,176.63095021096524,2026-09-16T04:06:45Z
exhaustive_clock_sweep_v1,characterization,clock15-u35-d38-p1-g0p05-sAREA_1,,15,False,,-0.08467005114464553,0.11061529783010235,15310.9,28277,TIMING_FAIL,189.24768015899463,2026-09-16T04:09:55Z
exhaustive_clock_sweep_v1,characterization,clock15-u35-d38-p1-g0p05-sAREA_2,,15,False,,-0.7966427742964267,0.11276413455503759,15113.2,28397,TIMING_FAIL,221.66162574494956,2026-09-16T04:13:37Z
exhaustive_clock_sweep_v1,characterization,clock15-u35-d38-p1-g0p10-sAREA_0,,15,False,,-0.2656648309868584,0.1124506630751691,15134.5,27363,TIMING_FAIL,173.31705878901994,2026-09-16T04:16:31Z
exhaustive_clock_sweep_v1,characterization,clock15-u35-d38-p1-g0p10-sAREA_1,,15,False,,-0.16389912113632663,0.1108685952203343,15310.9,28204,TIMING_FAIL,183.41627533896826,2026-09-16T04:19:35Z
exhaustive_clock_sweep_v1,characterization,clock15-u35-d38-p1-g0p10-sAREA_2,,15,False,,-0.7342446858340756,0.1129009140355398,15113.2,28422,TIMING_FAIL,222.21304681303445,2026-09-16T04:23:17Z
exhaustive_clock_sweep_v1,characterization,clock15-u35-d38-p1-g0p15-sAREA_0,,15,False,,-0.2517044421911851,0.1125878866448937,15137,27287,TIMING_FAIL,215.67886909801746,2026-09-16T04:26:54Z
exhaustive_clock_sweep_v1,characterization,clock15-u35-d38-p1-g0p15-sAREA_1,,15,False,,-0.19522872759889062,0.11102985511922185,15318.4,28123,TIMING_FAIL,208.63723011000548,2026-09-16T04:30:23Z
exhaustive_clock_sweep_v1,characterization,clock15-u35-d38-p1-g0p15-sAREA_2,,15,False,,-0.8724399227773251,0.11179074649066818,15110.7,28437,TIMING_FAIL,164.81594811199466,2026-09-16T04:33:08Z
exhaustive_clock_sweep_v1,characterization,clock15-u35-d38-p1-g0p20-sAREA_0,,15,False,,-0.18409096990085375,0.11218826185587773,15137,27229,TIMING_FAIL,193.5996878760052,2026-09-16T04:36:22Z
exhaustive_clock_sweep_v1,characterization,clock15-u35-d38-p1-g0p20-sAREA_1,,15,False,,-0.15206147882377197,0.11109957712714019,15310.9,28083,TIMING_FAIL,168.97891360201174,2026-09-16T04:39:12Z
exhaustive_clock_sweep_v1,characterization,clock15-u35-d38-p1-g0p20-sAREA_2,,15,False,,-0.7165575002839395,0.11178946973415375,15113.2,28371,TIMING_FAIL,192.64244805596536,2026-09-16T04:42:25Z
exhaustive_clock_sweep_v1,characterization,clock15-u35-d38-p2-g0p05-sAREA_0,,15,False,,-0.6048086647136363,0.11231049741434601,15112,27483,TIMING_FAIL,191.540444881015,2026-09-16T04:45:37Z
exhaustive_clock_sweep_v1,characterization,clock15-u35-d38-p2-g0p05-sAREA_1,,15,False,,-1.0647714122892145,0.1104812383960874,15255.9,28779,TIMING_FAIL,171.15139648300828,2026-09-16T04:48:28Z
exhaustive_clock_sweep_v1,characterization,clock15-u35-d38-p2-g0p05-sAREA_2,,15,False,,-0.8556409156720086,0.11298950983541055,15030.7,28939,TIMING_FAIL,165.71478431799915,2026-09-16T04:51:15Z
exhaustive_clock_sweep_v1,characterization,clock15-u35-d38-p2-g0p10-sAREA_0,,15,False,,-0.6034799497601863,0.1122777458341933,15114.5,27528,TIMING_FAIL,196.35034306300804,2026-09-16T04:54:32Z
exhaustive_clock_sweep_v1,characterization,clock15-u35-d38-p2-g0p10-sAREA_1,,15,False,,-1.0927952185801602,0.1104316669366359,15255.9,28813,TIMING_FAIL,170.08963231701637,2026-09-16T04:57:22Z
exhaustive_clock_sweep_v1,characterization,clock15-u35-d38-p2-g0p10-sAREA_2,,15,False,,-0.8700560518314295,0.11305362521689595,15033.2,28877,TIMING_FAIL,194.47445144603262,2026-09-16T05:00:37Z
exhaustive_clock_sweep_v1,characterization,clock15-u35-d38-p2-g0p15-sAREA_0,,15,False,,-0.6106759715201141,0.11194773203079003,15114.5,27472,TIMING_FAIL,214.5753883389989,2026-09-16T05:04:12Z
exhaustive_clock_sweep_v1,characterization,clock15-u35-d38-p2-g0p15-sAREA_1,,15,False,,-1.1367174190333753,0.11026996294852595,15255.9,28693,TIMING_FAIL,186.3720859370078,2026-09-16T05:07:19Z
exhaustive_clock_sweep_v1,characterization,clock15-u35-d38-p2-g0p15-sAREA_2,,15,False,,-0.9127117098223321,0.11269469010288326,15030.7,28897,TIMING_FAIL,181.39017855399288,2026-09-16T05:10:21Z
exhaustive_clock_sweep_v1,characterization,clock15-u35-d38-p2-g0p20-sAREA_0,,15,False,,-0.6307523570868147,0.11182438624926573,15109.5,27492,TIMING_FAIL,214.38753403403098,2026-09-16T05:13:56Z
exhaustive_clock_sweep_v1,characterization,clock15-u35-d38-p2-g0p20-sAREA_1,,15,False,,-1.12478562980567,0.11049916849844219,15255.9,28755,TIMING_FAIL,180.12746424000943,2026-09-16T05:16:57Z
exhaustive_clock_sweep_v1,characterization,clock15-u35-d38-p2-g0p20-sAREA_2,,15,False,,-0.9165326534919457,0.11253437389359333,15030.7,28815,TIMING_FAIL,180.33126072899904,2026-09-16T05:19:57Z
exhaustive_clock_sweep_v1,characterization,clock15-u35-d45-p0-g0p05-sAREA_0,,15,False,,-0.29991299181909936,0.11202616928969816,15134.5,27414,TIMING_FAIL,179.04272908804705,2026-09-16T05:22:57Z
exhaustive_clock_sweep_v1,characterization,clock15-u35-d45-p0-g0p05-sAREA_1,,15,False,,-0.08467005114464553,0.11061529783010235,15310.9,28277,TIMING_FAIL,193.66917500796262,2026-09-16T05:26:11Z
exhaustive_clock_sweep_v1,characterization,clock15-u35-d45-p0-g0p05-sAREA_2,,15,False,,-0.7966427742964267,0.11276413455503759,15113.2,28397,TIMING_FAIL,222.9981574009871,2026-09-16T05:29:55Z
exhaustive_clock_sweep_v1,characterization,clock15-u35-d45-p0-g0p10-sAREA_0,,15,False,,-0.2656648309868584,0.1124506630751691,15134.5,27363,TIMING_FAIL,159.1574610619573,2026-09-16T05:32:34Z
exhaustive_clock_sweep_v1,characterization,clock15-u35-d45-p0-g0p10-sAREA_1,,15,False,,-0.16389912113632663,0.1108685952203343,15310.9,28204,TIMING_FAIL,170.94495035003638,2026-09-16T05:35:26Z
exhaustive_clock_sweep_v1,characterization,clock15-u35-d45-p0-g0p10-sAREA_2,,15,False,,-0.7342446858340756,0.1129009140355398,15113.2,28422,TIMING_FAIL,199.15130827698158,2026-09-16T05:38:45Z
exhaustive_clock_sweep_v1,characterization,clock15-u35-d45-p0-g0p15-sAREA_0,,15,False,,-0.2517044421911851,0.1125878866448937,15137,27287,TIMING_FAIL,194.5421880329959,2026-09-16T05:42:00Z
exhaustive_clock_sweep_v1,characterization,clock15-u35-d45-p0-g0p15-sAREA_1,,15,False,,-0.19522872759889062,0.11102985511922185,15318.4,28123,TIMING_FAIL,203.87933684000745,2026-09-16T05:45:25Z
exhaustive_clock_sweep_v1,characterization,clock15-u35-d45-p0-g0p15-sAREA_2,,15,False,,-0.8724399227773251,0.11179074649066818,15110.7,28437,TIMING_FAIL,163.81271425902378,2026-09-16T05:48:09Z
exhaustive_clock_sweep_v1,characterization,clock15-u35-d45-p0-g0p20-sAREA_0,,15,False,,-0.18409096990085375,0.11218826185587773,15137,27229,TIMING_FAIL,191.66596084198682,2026-09-16T05:51:21Z
exhaustive_clock_sweep_v1,characterization,clock15-u35-d45-p0-g0p20-sAREA_1,,15,False,,-0.15206147882377197,0.11109957712714019,15310.9,28083,TIMING_FAIL,170.65591203200165,2026-09-16T05:54:12Z
exhaustive_clock_sweep_v1,characterization,clock15-u35-d45-p0-g0p20-sAREA_2,,15,False,,-0.7165575002839395,0.11178946973415375,15113.2,28371,TIMING_FAIL,194.04979486501543,2026-09-16T05:57:27Z
exhaustive_clock_sweep_v1,characterization,clock15-u35-d45-p1-g0p05-sAREA_0,,15,False,,-0.29991299181909936,0.11202616928969816,15134.5,27414,TIMING_FAIL,164.8903599010082,2026-09-16T06:00:12Z
exhaustive_clock_sweep_v1,characterization,clock15-u35-d45-p1-g0p05-sAREA_1,,15,False,,-0.08467005114464553,0.11061529783010235,15310.9,28277,TIMING_FAIL,174.3310061339871,2026-09-16T06:03:07Z
exhaustive_clock_sweep_v1,characterization,clock15-u35-d45-p1-g0p05-sAREA_2,,15,False,,-0.7966427742964267,0.11276413455503759,15113.2,28397,TIMING_FAIL,200.7756817410118,2026-09-16T06:06:29Z
exhaustive_clock_sweep_v1,characterization,clock15-u35-d45-p1-g0p10-sAREA_0,,15,False,,-0.2656648309868584,0.1124506630751691,15134.5,27363,TIMING_FAIL,159.08876760298153,2026-09-16T06:09:25Z
clock_hunt_16ns_v1,characterization,clock16-u40-d52-p1-g0p05-sAREA_1,,16,True,,0.91533005987766,0.11061529783010235,15310.9,28277,,183.7825740079861,2026-09-16T06:15:43Z
clock_hunt_16ns_v1,characterization,clock16-u30-d38-p2-g0p15-sAREA_1,,16,False,,-0.13671730801106982,0.11026996294852595,15255.9,28693,TIMING_FAIL,183.5538401970407,2026-09-16T06:24:27Z
clock_hunt_16ns_v1,characterization,clock16-u30-d38-p0-g0p2-sAREA_0,,16,True,,0.8159091411214519,0.11218826185587773,15137,27229,,202.5393598289811,2026-09-16T06:27:50Z
clock_hunt_16ns_v1,characterization,clock16-u30-d38-p2-g0p05-sAREA_2,,16,True,,0.14435919535029704,0.11298950983541055,15030.7,28939,,174.16156297601992,2026-09-16T06:30:44Z
clock_hunt_16ns_v1,characterization,clock16-u30-d38-p2-g0p1-sAREA_0,,16,True,,0.3965201612621193,0.1122777458341933,15114.5,27528,,213.53983252000762,2026-09-16T06:34:18Z
clock_hunt_16ns_v1,characterization,clock16-u40-d52-p2-g0p2-sAREA_2,,16,True,,0.08346745753035988,0.11253437389359333,15030.7,28815,,171.81357668800047,2026-09-16T06:37:11Z
clock_hunt_16ns_v1,characterization,clock16-u30-d38-p0-g0p05-sAREA_0,,16,True,,0.7000871192032062,0.11202616928969816,15134.5,27414,,173.66432975401403,2026-09-16T06:40:05Z
clock_hunt_16ns_v1,characterization,clock16-u40-d52-p1-g0p15-sAREA_1,,16,True,,0.804771383423415,0.11102985511922185,15318.4,28123,,218.89082246099133,2026-09-16T06:43:44Z
clock_hunt_15p8ns_v1,characterization,clock15p8-u30-d38-p2-g0p15-sAREA_1,,15,False,,-0.3367173302155309,0.11026996294852595,15255.9,28693,TIMING_FAIL,180.3651604890474,2026-09-16T06:48:11Z
clock_hunt_15p8ns_v1,characterization,clock15p8-u40-d52-p1-g0p05-sAREA_1,,15,True,,0.7153300376731989,0.11061529783010235,15310.9,28277,,187.11320630897535,2026-09-16T06:51:19Z
clock_hunt_15p8ns_v1,characterization,clock15p8-u30-d38-p0-g0p2-sAREA_0,,15,True,,0.6159091189169907,0.11218826185587773,15137,27229,,208.83382378000533,2026-09-16T06:54:48Z
clock_hunt_15p8ns_v1,characterization,clock15p8-u30-d38-p2-g0p05-sAREA_2,,15,False,,-0.0556408268541641,0.11298950983541055,15030.7,28939,TIMING_FAIL,172.71061458199983,2026-09-16T06:57:41Z
clock_hunt_15p8ns_v1,characterization,clock15p8-u30-d38-p2-g0p1-sAREA_0,,15,True,,0.19652013905765822,0.1122777458341933,15114.5,27528,,184.53164965996984,2026-09-16T07:00:46Z
clock_hunt_15p8ns_v1,characterization,clock15p8-u40-d52-p2-g0p2-sAREA_2,,15,False,,-0.11653256467410124,0.11253437389359333,15030.7,28815,TIMING_FAIL,159.2035073499428,2026-09-16T07:03:26Z
clock_hunt_15p8ns_v1,characterization,clock15p8-u30-d38-p0-g0p05-sAREA_0,,15,True,,0.5000870969987451,0.11202616928969816,15134.5,27414,,158.67130340996664,2026-09-16T07:06:05Z
clock_hunt_15p8ns_v1,characterization,clock15p8-u40-d52-p1-g0p15-sAREA_1,,15,True,,0.6047713612189538,0.11102985511922185,15318.4,28123,,192.63462311396142,2026-09-16T07:09:18Z
repeat_15p8_med_v1,characterization,clock15p8-u30-d38-p0-g0p05-sAREA_0-r1,,15,True,,0.5000870969987451,0.11202616928969816,15134.5,27414,,174.95040763297584,2026-09-16T15:44:34Z
repeat_15p8_med_v1,characterization,clock15p8-u30-d38-p0-g0p05-sAREA_0-r2,,15,True,,0.5000870969987451,0.11202616928969816,15134.5,27414,,161.11259527195944,2026-09-16T15:47:16Z
repeat_15p8_med_v1,characterization,clock15p8-u30-d38-p0-g0p05-sAREA_0-r3,,15,True,,0.5000870969987451,0.11202616928969816,15134.5,27414,,159.89038626395632,2026-09-16T15:49:56Z
diag_15p8_v1,characterization,clock15p8-u30-d45-p0-g0p1-sAREA_0,,15,True,,0.5343352578309861,0.1124506630751691,15134.5,27363,,156.08978239900898,2026-09-16T15:53:28Z
diag_15p8_v1,characterization,clock15p8-u30-d45-p0-g0p1-sAREA_1,,15,True,,0.6361009676815179,0.1108685952203343,15310.9,28204,,166.18957609601784,2026-09-16T15:56:14Z
diag_15p8_v1,characterization,clock15p8-u30-d45-p0-g0p1-sAREA_2,,15,True,,0.06575540298376888,0.1129009140355398,15113.2,28422,,191.5643157879822,2026-09-16T15:59:26Z
diag_15p8_v1,characterization,clock15p8-u30-d45-p1-g0p1-sAREA_0,,15,True,,0.5343352578309861,0.1124506630751691,15134.5,27363,,154.88472438498866,2026-09-16T16:02:02Z
diag_15p8_v1,characterization,clock15p8-u30-d45-p1-g0p1-sAREA_1,,15,True,,0.6361009676815179,0.1108685952203343,15310.9,28204,,164.8502406309708,2026-09-16T16:04:47Z
diag_15p8_v1,characterization,clock15p8-u30-d45-p1-g0p1-sAREA_2,,15,True,,0.06575540298376888,0.1129009140355398,15113.2,28422,,190.85152903100243,2026-09-16T16:07:58Z
diag_15p8_v1,characterization,clock15p8-u30-d45-p2-g0p1-sAREA_0,,15,True,,0.19652013905765822,0.1122777458341933,15114.5,27528,,189.9365573929972,2026-09-16T16:11:09Z
diag_15p8_v1,characterization,clock15p8-u30-d45-p2-g0p1-sAREA_1,,15,False,,-0.2927951297623157,0.1104316669366359,15255.9,28813,TIMING_FAIL,164.1633802059805,2026-09-16T16:13:53Z
diag_15p8_v1,characterization,clock15p8-u30-d45-p2-g0p1-sAREA_2,,15,False,,-0.07005596301358502,0.11305362521689595,15033.2,28877,TIMING_FAIL,186.60232133104,2026-09-16T16:17:00Z
diag_15p8_v1,characterization,clock15p8-u30-d38-p1-g0p05-sAREA_1,,15,True,,0.7153300376731989,0.11061529783010235,15310.9,28277,,169.9259519460029,2026-09-16T16:19:51Z
diag_15p8_v1,characterization,clock15p8-u30-d52-p1-g0p2-sAREA_1,,15,True,,0.6479386099940725,0.11109957712714019,15310.9,28083,,184.0498710590182,2026-09-16T16:22:55Z
diag_15p8_v1,characterization,clock15p8-u30-d52-p2-g0p05-sAREA_0,,15,True,,0.1951914241042082,0.11231049741434601,15112,27483,,214.11326476599788,2026-09-16T16:26:30Z
diag_15p8_v1,characterization,clock15p8-u30-d38-p2-g0p2-sAREA_0,,15,True,,0.1692477317310298,0.11182438624926573,15109.5,27492,,209.8369432290201,2026-09-16T16:30:00Z
diag_15p8_v1,characterization,clock15p8-u30-d45-p0-g0p15-sAREA_2,,15,False,,-0.07243983395948063,0.11179074649066818,15110.7,28437,TIMING_FAIL,181.08226103300694,2026-09-16T16:33:02Z
primary-init-v1,shared-init,primary-random-cand_000,cand_000,,False,,-0.0556408268541641,0.11298950983541055,15030.7,28939,TIMING_FAIL,171.06412924302276,2026-09-16T17:59:36Z
primary-init-v1,shared-init,primary-random-cand_001,cand_001,,True,0.8452856532981834,0.0033573145214178127,0.11276413455503759,15113.2,28397,,207.18159368698252,2026-09-16T18:03:04Z
primary-init-v1,shared-init,primary-random-cand_002,cand_002,,False,,-0.07005596301358502,0.11305362521689595,15033.2,28877,TIMING_FAIL,197.63277061400004,2026-09-16T18:06:22Z
primary-init-v1,shared-init,primary-random-cand_003,cand_003,,False,,-0.11653256467410124,0.11253437389359333,15030.7,28815,TIMING_FAIL,167.415484490979,2026-09-16T18:09:10Z
primary-init-v1,shared-init,primary-random-cand_004,cand_004,,False,,-0.3367173302155309,0.11026996294852595,15255.9,28693,TIMING_FAIL,176.33673944300972,2026-09-16T18:12:07Z
primary-init-v1,shared-init,primary-random-cand_005,cand_005,,True,0.48647417725735403,0.1692477317310298,0.11182438624926573,15109.5,27492,,190.4677902670228,2026-09-16T18:15:18Z
primary-init-v1,shared-init,primary-random-cand_006,cand_006,,False,,-0.11653256467410124,0.11253437389359333,15030.7,28815,TIMING_FAIL,166.74369162099902,2026-09-16T18:18:05Z
primary-init-v1,shared-init,primary-random-cand_007,cand_007,,False,,-0.07243983395948063,0.11179074649066818,15110.7,28437,TIMING_FAIL,167.01787966000848,2026-09-16T18:20:52Z
primary-random-v1,random,primary-random-cand_049,cand_049,,False,,-0.07243983395948063,0.11179074649066818,15110.7,28437,TIMING_FAIL,166.26551248697797,2026-09-16T19:27:03Z
primary-random-v1,random,primary-random-cand_029,cand_029,,True,0.8035423647678323,0.06575540298376888,0.1129009140355398,15113.2,28422,,205.0665231999592,2026-09-16T19:30:30Z
primary-random-v1,random,primary-random-cand_023,cand_023,,True,0.48647417725735403,0.1692477317310298,0.11182438624926573,15109.5,27492,,188.78063485701568,2026-09-16T19:33:40Z
primary-random-v1,random,primary-random-cand_058,cand_058,,True,0.4989850965789626,0.6361009676815179,0.1108685952203343,15310.9,28204,,172.62851796799805,2026-09-16T19:36:35Z
primary-random-v1,random,primary-random-cand_048,cand_048,,True,0.4793214521819304,0.19652013905765822,0.1122777458341933,15114.5,27528,,202.4690887189936,2026-09-16T19:39:59Z
primary-random-v1,random,primary-random-cand_026,cand_026,,True,0.1694855981853177,0.5482956466266594,0.1125878866448937,15137,27287,,197.7108687160071,2026-09-16T19:43:19Z
primary-random-v1,random,primary-random-cand_028,cand_028,,True,0.4989850965789626,0.6361009676815179,0.1108685952203343,15310.9,28204,,172.0637928659562,2026-09-16T19:46:13Z
primary-random-v1,random,primary-random-cand_064,cand_064,,True,0.4707783324688835,0.1893241172977304,0.11194773203079003,15114.5,27472,,221.82232489500893,2026-09-16T19:49:57Z
primary-random-v1,random,primary-random-cand_060,cand_060,,False,,-0.2927951297623157,0.1104316669366359,15255.9,28813,TIMING_FAIL,172.5205998669844,2026-09-16T19:52:51Z
primary-random-v1,random,primary-random-cand_071,cand_071,,False,,-0.2927951297623157,0.1104316669366359,15255.9,28813,TIMING_FAIL,172.3835235639708,2026-09-16T19:55:45Z
primary-random-v1,random,primary-random-cand_034,cand_034,,True,0.4793214521819304,0.19652013905765822,0.1122777458341933,15114.5,27528,,201.36092205200111,2026-09-16T19:59:09Z
primary-random-v1,random,primary-random-cand_042,cand_042,,True,0.4989850965789626,0.6361009676815179,0.1108685952203343,15310.9,28204,,175.13546202500584,2026-09-16T20:02:06Z
primary-random-v1,random,primary-random-cand_032,cand_032,,False,,-0.3367173302155309,0.11026996294852595,15255.9,28693,TIMING_FAIL,175.88422602700302,2026-09-16T20:05:04Z
primary-random-v1,random,primary-random-cand_021,cand_021,,True,0.4666347101420025,0.1951914241042082,0.11231049741434601,15112,27483,,197.2696503609768,2026-09-16T20:08:23Z
primary-random-v1,random,primary-random-cand_050,cand_050,,True,0.4563568317980625,0.7153300376731989,0.11061529783010235,15310.9,28277,,177.59332383499714,2026-09-16T20:11:22Z
primary-random-v1,random,primary-random-cand_027,cand_027,,True,0.23613618688218668,0.5000870969987451,0.11202616928969816,15134.5,27414,,168.9807337569655,2026-09-16T20:14:13Z
primary-optuna_tpe-v1,optuna_tpe,primary-optuna_tpe-cand_019,cand_019,,False,,-0.11271162100448763,0.11269469010288326,15030.7,28897,TIMING_FAIL,181.4712983679492,2026-09-16T20:53:14Z
primary-optuna_tpe-v1,optuna_tpe,primary-optuna_tpe-cand_061,cand_061,,True,0.4793214521819304,0.19652013905765822,0.1122777458341933,15114.5,27528,,212.8570559619693,2026-09-16T20:56:49Z
primary-optuna_tpe-v1,optuna_tpe,primary-optuna_tpe-cand_064,cand_064,,True,0.4707783324688835,0.1893241172977304,0.11194773203079003,15114.5,27472,,231.76623606396606,2026-09-16T21:00:43Z
primary-optuna_tpe-v1,optuna_tpe,primary-optuna_tpe-cand_021,cand_021,,True,0.4666347101420025,0.1951914241042082,0.11231049741434601,15112,27483,,204.72003887500614,2026-09-16T21:04:09Z
primary-optuna_tpe-v1,optuna_tpe,primary-optuna_tpe-cand_012,cand_012,,True,0.19694938487860003,0.5343352578309861,0.1124506630751691,15134.5,27363,,165.40521077695303,2026-09-16T21:06:57Z
primary-optuna_tpe-v1,optuna_tpe,primary-optuna_tpe-cand_030,cand_030,,True,0.8035423647678323,0.06575540298376888,0.1129009140355398,15113.2,28422,,211.7885450150352,2026-09-16T21:10:30Z
primary-optuna_tpe-v1,optuna_tpe,primary-optuna_tpe-cand_027,cand_027,,True,0.23613618688218668,0.5000870969987451,0.11202616928969816,15134.5,27414,,169.479820308974,2026-09-16T21:13:22Z
primary-optuna_tpe-v1,optuna_tpe,primary-optuna_tpe-cand_024,cand_024,,True,0.4563568317980625,0.7153300376731989,0.11061529783010235,15310.9,28277,,184.73928930296097,2026-09-16T21:16:29Z
primary-optuna_tpe-v1,optuna_tpe,primary-optuna_tpe-cand_046,cand_046,,True,0.19694938487860003,0.5343352578309861,0.1124506630751691,15134.5,27363,,166.6226261649863,2026-09-16T21:19:17Z
primary-optuna_tpe-v1,optuna_tpe,primary-optuna_tpe-cand_017,cand_017,,True,0.1694855981853177,0.5482956466266594,0.1125878866448937,15137,27287,,206.62134658300783,2026-09-16T21:22:46Z
primary-optuna_tpe-v1,optuna_tpe,primary-optuna_tpe-cand_069,cand_069,,True,0.19694938487860003,0.5343352578309861,0.1124506630751691,15134.5,27363,,167.65530111000407,2026-09-16T21:25:35Z
primary-optuna_tpe-v1,optuna_tpe,primary-optuna_tpe-cand_014,cand_014,,True,0.10285609695918102,0.6159091189169907,0.11218826185587773,15137,27229,,181.39228350599296,2026-09-16T21:28:39Z
primary-optuna_tpe-v1,optuna_tpe,primary-optuna_tpe-cand_062,cand_062,,True,0.5099122262424753,0.6047713612189538,0.11102985511922185,15318.4,28123,,191.93965174001642,2026-09-16T21:31:52Z
primary-optuna_tpe-v1,optuna_tpe,primary-optuna_tpe-cand_026,cand_026,,True,0.1694855981853177,0.5482956466266594,0.1125878866448937,15137,27287,,183.7575952860061,2026-09-16T21:34:58Z
primary-optuna_tpe-v1,optuna_tpe,primary-optuna_tpe-cand_049,cand_049,,False,,-0.07243983395948063,0.11179074649066818,15110.7,28437,TIMING_FAIL,158.64239485305734,2026-09-16T21:37:39Z
primary-optuna_tpe-v1,optuna_tpe,primary-optuna_tpe-cand_060,cand_060,,False,,-0.2927951297623157,0.1104316669366359,15255.9,28813,TIMING_FAIL,163.03404633898754,2026-09-16T21:40:24Z
primary-vanilla_bo-v1,vanilla_bo,primary-vanilla_bo-cand_022,cand_022,,True,0.4707783324688835,0.1893241172977304,0.11194773203079003,15114.5,27472,,204.03182836202905,2026-09-16T21:46:38Z
primary-vanilla_bo-v1,vanilla_bo,primary-vanilla_bo-cand_064,cand_064,,True,0.4707783324688835,0.1893241172977304,0.11194773203079003,15114.5,27472,,215.26160523400176,2026-09-16T21:50:15Z
primary-vanilla_bo-v1,vanilla_bo,primary-vanilla_bo-cand_051,cand_051,,True,0.48647417725735403,0.1692477317310298,0.11182438624926573,15109.5,27492,,198.5609616029542,2026-09-16T21:53:36Z
primary-vanilla_bo-v1,vanilla_bo,primary-vanilla_bo-cand_052,cand_052,,True,0.1694855981853177,0.5482956466266594,0.1125878866448937,15137,27287,,207.9473828630289,2026-09-16T21:57:06Z
primary-vanilla_bo-v1,vanilla_bo,primary-vanilla_bo-cand_069,cand_069,,True,0.19694938487860003,0.5343352578309861,0.1124506630751691,15134.5,27363,,167.82102082303027,2026-09-16T21:59:56Z
primary-vanilla_bo-v1,vanilla_bo,primary-vanilla_bo-cand_017,cand_017,,True,0.1694855981853177,0.5482956466266594,0.1125878866448937,15137,27287,,207.18681561399717,2026-09-16T22:03:25Z
primary-vanilla_bo-v1,vanilla_bo,primary-vanilla_bo-cand_046,cand_046,,True,0.19694938487860003,0.5343352578309861,0.1124506630751691,15134.5,27363,,164.98207640904002,2026-09-16T22:06:12Z
primary-vanilla_bo-v1,vanilla_bo,primary-vanilla_bo-cand_016,cand_016,,True,0.10285609695918102,0.6159091189169907,0.11218826185587773,15137,27229,,201.9980887870188,2026-09-16T22:09:36Z
primary-vanilla_bo-v1,vanilla_bo,primary-vanilla_bo-cand_014,cand_014,,True,0.10285609695918102,0.6159091189169907,0.11218826185587773,15137,27229,,203.1907381970086,2026-09-16T22:13:01Z
primary-vanilla_bo-v1,vanilla_bo,primary-vanilla_bo-cand_031,cand_031,,True,0.10285609695918102,0.6159091189169907,0.11218826185587773,15137,27229,,204.31623978196876,2026-09-16T22:16:27Z
primary-vanilla_bo-v1,vanilla_bo,primary-vanilla_bo-cand_027,cand_027,,True,0.23613618688218668,0.5000870969987451,0.11202616928969816,15134.5,27414,,173.03757467103424,2026-09-16T22:19:22Z
primary-vanilla_bo-v1,vanilla_bo,primary-vanilla_bo-cand_039,cand_039,,True,0.4666347101420025,0.1951914241042082,0.11231049741434601,15112,27483,,200.7190011520288,2026-09-16T22:22:45Z
primary-vanilla_bo-v1,vanilla_bo,primary-vanilla_bo-cand_057,cand_057,,True,0.8452856532981834,0.0033573145214178127,0.11276413455503759,15113.2,28397,,191.89448144700145,2026-09-16T22:25:59Z
primary-vanilla_bo-v1,vanilla_bo,primary-vanilla_bo-cand_056,cand_056,,True,0.23613618688218668,0.5000870969987451,0.11202616928969816,15134.5,27414,,157.55992674198933,2026-09-16T22:28:38Z
primary-vanilla_bo-v1,vanilla_bo,primary-vanilla_bo-cand_026,cand_026,,True,0.1694855981853177,0.5482956466266594,0.1125878866448937,15137,27287,,183.75880525400862,2026-09-16T22:31:44Z
primary-vanilla_bo-v1,vanilla_bo,primary-vanilla_bo-cand_021,cand_021,,True,0.4666347101420025,0.1951914241042082,0.11231049741434601,15112,27483,,181.12759753200226,2026-09-16T22:34:47Z
primary-flowguard_raw-v1,flowguard_raw,primary-flowguard_raw-cand_022,cand_022,,True,0.4707783324688835,0.1893241172977304,0.11194773203079003,15114.5,27472,,207.2914714870276,2026-09-17T01:14:51Z
primary-flowguard_raw-v1,flowguard_raw,primary-flowguard_raw-cand_010,cand_010,,True,0.4707783324688835,0.1893241172977304,0.11194773203079003,15114.5,27472,,203.95416168001248,2026-09-17T01:18:16Z
primary-flowguard_raw-v1,flowguard_raw,primary-flowguard_raw-cand_017,cand_017,,True,0.1694855981853177,0.5482956466266594,0.1125878866448937,15137,27287,,196.68053070700262,2026-09-17T01:21:35Z
primary-flowguard_raw-v1,flowguard_raw,primary-flowguard_raw-cand_014,cand_014,,True,0.10285609695918102,0.6159091189169907,0.11218826185587773,15137,27229,,192.56556921103038,2026-09-17T01:24:50Z
primary-flowguard_raw-v1,flowguard_raw,primary-flowguard_raw-cand_016,cand_016,,True,0.10285609695918102,0.6159091189169907,0.11218826185587773,15137,27229,,191.57395146798808,2026-09-17T01:28:03Z
primary-flowguard_raw-v1,flowguard_raw,primary-flowguard_raw-cand_031,cand_031,,True,0.10285609695918102,0.6159091189169907,0.11218826185587773,15137,27229,,206.3977853669785,2026-09-17T01:31:32Z
primary-flowguard_raw-v1,flowguard_raw,primary-flowguard_raw-cand_027,cand_027,,True,0.23613618688218668,0.5000870969987451,0.11202616928969816,15134.5,27414,,172.05945107300067,2026-09-17T01:34:26Z
primary-flowguard_raw-v1,flowguard_raw,primary-flowguard_raw-cand_026,cand_026,,True,0.1694855981853177,0.5482956466266594,0.1125878866448937,15137,27287,,223.66365378600312,2026-09-17T01:38:12Z
primary-flowguard_raw-v1,flowguard_raw,primary-flowguard_raw-cand_025,cand_025,,True,0.45944576130010417,0.6479386099940725,0.11109957712714019,15310.9,28083,,200.86043062998215,2026-09-17T01:41:35Z
primary-flowguard_raw-v1,flowguard_raw,primary-flowguard_raw-cand_056,cand_056,,True,0.23613618688218668,0.5000870969987451,0.11202616928969816,15134.5,27414,,191.76762350299396,2026-09-17T01:44:49Z
primary-flowguard_raw-v1,flowguard_raw,primary-flowguard_raw-cand_015,cand_015,,False,,-0.0556408268541641,0.11298950983541055,15030.7,28939,TIMING_FAIL,193.13826763996622,2026-09-17T01:48:05Z
primary-flowguard_raw-v1,flowguard_raw,primary-flowguard_raw-cand_037,cand_037,,True,0.7771031166231043,0.08344258853390493,0.11178946973415375,15113.2,28371,,239.009906685038,2026-09-17T01:52:06Z
primary-flowguard_raw-v1,flowguard_raw,primary-flowguard_raw-cand_047,cand_047,,False,,-0.0556408268541641,0.11298950983541055,15030.7,28939,TIMING_FAIL,198.13060000102269,2026-09-17T01:55:27Z
primary-flowguard_raw-v1,flowguard_raw,primary-flowguard_raw-cand_053,cand_053,,False,,-0.26477132347136995,0.1104812383960874,15255.9,28779,TIMING_FAIL,191.82373252901016,2026-09-17T01:58:41Z
primary-flowguard_raw-v1,flowguard_raw,primary-flowguard_raw-cand_063,cand_063,,False,,-0.07005596301358502,0.11305362521689595,15033.2,28877,TIMING_FAIL,221.95202425599564,2026-09-17T02:02:25Z
primary-flowguard_raw-v1,flowguard_raw,primary-flowguard_raw-cand_019,cand_019,,False,,-0.11271162100448763,0.11269469010288326,15030.7,28897,TIMING_FAIL,182.58959474798758,2026-09-17T02:05:30Z
primary-flowguard_calibrated-v1,flowguard_calibrated,primary-flowguard_calibrated-cand_022,cand_022,,True,0.4707783324688835,0.1893241172977304,0.11194773203079003,15114.5,27472,,253.77022388397017,2026-09-17T02:10:04Z
primary-flowguard_calibrated-v1,flowguard_calibrated,primary-flowguard_calibrated-cand_040,cand_040,,True,0.7771031166231043,0.08344258853390493,0.11178946973415375,15113.2,28371,,226.17840511497343,2026-09-17T02:13:53Z
primary-flowguard_calibrated-v1,flowguard_calibrated,primary-flowguard_calibrated-cand_010,cand_010,,True,0.4707783324688835,0.1893241172977304,0.11194773203079003,15114.5,27472,,272.57278851995943,2026-09-17T02:18:31Z
primary-flowguard_calibrated-v1,flowguard_calibrated,primary-flowguard_calibrated-cand_039,cand_039,,True,0.4666347101420025,0.1951914241042082,0.11231049741434601,15112,27483,,236.12664663197938,2026-09-17T02:22:34Z
primary-flowguard_calibrated-v1,flowguard_calibrated,primary-flowguard_calibrated-cand_021,cand_021,,True,0.4666347101420025,0.1951914241042082,0.11231049741434601,15112,27483,,221.12838650197955,2026-09-17T02:26:22Z
primary-flowguard_calibrated-v1,flowguard_calibrated,primary-flowguard_calibrated-cand_013,cand_013,,True,0.4666347101420025,0.1951914241042082,0.11231049741434601,15112,27483,,216.15501772600692,2026-09-17T02:30:01Z
primary-flowguard_calibrated-v1,flowguard_calibrated,primary-flowguard_calibrated-cand_048,cand_048,,True,0.4793214521819304,0.19652013905765822,0.1122777458341933,15114.5,27528,,224.9428391070105,2026-09-17T02:33:49Z
primary-flowguard_calibrated-v1,flowguard_calibrated,primary-flowguard_calibrated-cand_064,cand_064,,True,0.4707783324688835,0.1893241172977304,0.11194773203079003,15114.5,27472,,225.34702742402442,2026-09-17T02:37:38Z
primary-flowguard_calibrated-v1,flowguard_calibrated,primary-flowguard_calibrated-cand_056,cand_056,,True,0.23613618688218668,0.5000870969987451,0.11202616928969816,15134.5,27414,,171.49733632302377,2026-09-17T02:40:32Z
primary-flowguard_calibrated-v1,flowguard_calibrated,primary-flowguard_calibrated-cand_017,cand_017,,True,0.1694855981853177,0.5482956466266594,0.1125878866448937,15137,27287,,200.88499297801172,2026-09-17T02:43:56Z
primary-flowguard_calibrated-v1,flowguard_calibrated,primary-flowguard_calibrated-cand_014,cand_014,,True,0.10285609695918102,0.6159091189169907,0.11218826185587773,15137,27229,,198.423679929052,2026-09-17T02:47:17Z
primary-flowguard_calibrated-v1,flowguard_calibrated,primary-flowguard_calibrated-cand_031,cand_031,,True,0.10285609695918102,0.6159091189169907,0.11218826185587773,15137,27229,,195.96849475201452,2026-09-17T02:50:36Z
primary-flowguard_calibrated-v1,flowguard_calibrated,primary-flowguard_calibrated-cand_016,cand_016,,True,0.10285609695918102,0.6159091189169907,0.11218826185587773,15137,27229,,198.79122395796003,2026-09-17T02:53:57Z
primary-flowguard_calibrated-v1,flowguard_calibrated,primary-flowguard_calibrated-cand_026,cand_026,,True,0.1694855981853177,0.5482956466266594,0.1125878866448937,15137,27287,,202.77281318802852,2026-09-17T02:57:23Z
primary-flowguard_calibrated-v1,flowguard_calibrated,primary-flowguard_calibrated-cand_018,cand_018,,True,0.45944576130010417,0.6479386099940725,0.11109957712714019,15310.9,28083,,172.07767005299684,2026-09-17T03:00:18Z
primary-flowguard_calibrated-v1,flowguard_calibrated,primary-flowguard_calibrated-cand_015,cand_015,,False,,-0.0556408268541641,0.11298950983541055,15030.7,28939,TIMING_FAIL,170.7983923680149,2026-09-17T03:03:11Z
